date,expiry,dte,weekday,entry_time,exit_time,spot_entry,atm_strike,mp_strike_proxy,mp_dist_pct,gap_pct,intraday_pct_to_1030,intraday_range_pct_to_1030,vix_proxy,ce_entry,pe_entry,entry_premium,ce_exit,pe_exit,exit_premium,pnl_per_share,pnl_per_lot_gross,pnl_per_lot_net,rs_per_cr,rs_per_cr_axis,rs_per_cr_monarch
2025-04-23,2025-04-24,1,Wednesday,09:30,11:00,24279.9,24300,24300,0.083,0.604,0.309,0.678,,78.65,101.25,179.9,34.65,174.15,208.8,-28.9,-2168.0,-2368.0,-100745.0,-92745.0,-93085.0
2025-04-23,2025-04-24,1,Wednesday,09:30,12:00,24279.9,24300,24300,0.083,0.604,0.309,0.678,,78.65,101.25,179.9,44.35,116.65,161.0,18.9,1418.0,1218.0,51809.0,59809.0,59468.0
2025-04-23,2025-04-24,1,Wednesday,09:30,13:00,24279.9,24300,24300,0.083,0.604,0.309,0.678,,78.65,101.25,179.9,49.1,94.75,143.85,36.05,2704.0,2504.0,106543.0,114543.0,114202.0
2025-04-23,2025-04-24,1,Wednesday,09:30,15:25,24279.9,24300,24300,0.083,0.604,0.309,0.678,,78.65,101.25,179.9,64.6,61.15,125.75,54.15,4061.0,3861.0,164309.0,172309.0,171968.0
2025-04-23,2025-04-24,1,Wednesday,10:00,11:00,24306.5,24300,24300,0.027,0.604,0.309,0.678,,83.4,73.65,157.05,34.65,174.15,208.8,-51.75,-3881.0,-4081.0,-173670.0,-165670.0,-166011.0
2025-04-23,2025-04-24,1,Wednesday,10:00,12:00,24306.5,24300,24300,0.027,0.604,0.309,0.678,,83.4,73.65,157.05,44.35,116.65,161.0,-3.95,-296.0,-496.0,-21117.0,-13117.0,-13457.0
2025-04-23,2025-04-24,1,Wednesday,10:00,13:00,24306.5,24300,24300,0.027,0.604,0.309,0.678,,83.4,73.65,157.05,49.1,94.75,143.85,13.2,990.0,790.0,33617.0,41617.0,41277.0
2025-04-23,2025-04-24,1,Wednesday,10:00,15:25,24306.5,24300,24300,0.027,0.604,0.309,0.678,,83.4,73.65,157.05,64.6,61.15,125.75,31.3,2348.0,2148.0,91383.0,99383.0,99043.0
2025-04-23,2025-04-24,1,Wednesday,10:30,11:00,24245.2,24250,24300,0.226,0.604,0.309,0.678,,81.1,85.55,166.65,46.35,136.1,182.45,-15.8,-1185.0,-1385.0,-58936.0,-50936.0,-51277.0
2025-04-23,2025-04-24,1,Wednesday,10:30,12:00,24245.2,24250,24300,0.226,0.604,0.309,0.678,,81.1,85.55,166.65,61.45,83.25,144.7,21.95,1646.0,1446.0,61543.0,69543.0,69202.0
2025-04-23,2025-04-24,1,Wednesday,10:30,13:00,24245.2,24250,24300,0.226,0.604,0.309,0.678,,81.1,85.55,166.65,68.4,63.8,132.2,34.45,2584.0,2384.0,101436.0,109436.0,109096.0
2025-04-23,2025-04-24,1,Wednesday,10:30,15:25,24245.2,24250,24300,0.226,0.604,0.309,0.678,,81.1,85.55,166.65,91.2,38.0,129.2,37.45,2809.0,2609.0,111011.0,119011.0,118670.0
2025-04-29,2025-04-30,1,Tuesday,09:30,11:00,24512.0,24500,24400,0.457,0.126,0.221,0.62,18.12,44.15,147.1,191.25,21.15,200.1,221.25,-30.0,-2250.0,-2450.0,-104255.0,-96255.0,-96596.0
2025-04-29,2025-04-30,1,Tuesday,09:30,12:00,24512.0,24500,24400,0.457,0.126,0.221,0.62,18.12,44.15,147.1,191.25,16.85,217.0,233.85,-42.6,-3195.0,-3395.0,-144468.0,-136468.0,-136809.0
2025-04-29,2025-04-30,1,Tuesday,09:30,13:00,24512.0,24500,24400,0.457,0.126,0.221,0.62,18.12,44.15,147.1,191.25,18.95,182.55,201.5,-10.25,-769.0,-969.0,-41223.0,-33223.0,-33564.0
2025-04-29,2025-04-30,1,Tuesday,09:30,15:25,24512.0,24500,24400,0.457,0.126,0.221,0.62,18.12,44.15,147.1,191.25,13.0,195.65,208.65,-17.4,-1305.0,-1505.0,-64043.0,-56043.0,-56383.0
2025-04-29,2025-04-30,1,Tuesday,10:00,11:00,24485.0,24500,24400,0.347,0.126,0.221,0.62,18.12,34.3,163.4,197.7,21.15,200.1,221.25,-23.55,-1766.0,-1966.0,-83670.0,-75670.0,-76011.0
2025-04-29,2025-04-30,1,Tuesday,10:00,12:00,24485.0,24500,24400,0.347,0.126,0.221,0.62,18.12,34.3,163.4,197.7,16.85,217.0,233.85,-36.15,-2711.0,-2911.0,-123883.0,-115883.0,-116223.0
2025-04-29,2025-04-30,1,Tuesday,10:00,13:00,24485.0,24500,24400,0.347,0.126,0.221,0.62,18.12,34.3,163.4,197.7,18.95,182.55,201.5,-3.8,-285.0,-485.0,-20638.0,-12638.0,-12979.0
2025-04-29,2025-04-30,1,Tuesday,10:00,15:25,24485.0,24500,24400,0.347,0.126,0.221,0.62,18.12,34.3,163.4,197.7,13.0,195.65,208.65,-10.95,-821.0,-1021.0,-43457.0,-35457.0,-35798.0
2025-04-29,2025-04-30,1,Tuesday,10:30,11:00,24424.8,24400,24400,0.102,0.126,0.221,0.62,18.12,41.8,135.5,177.3,41.15,120.0,161.15,16.15,1211.0,1011.0,43032.0,51032.0,50691.0
2025-04-29,2025-04-30,1,Tuesday,10:30,12:00,24424.8,24400,24400,0.102,0.126,0.221,0.62,18.12,41.8,135.5,177.3,33.95,133.8,167.75,9.55,716.0,516.0,21968.0,29968.0,29628.0
2025-04-29,2025-04-30,1,Tuesday,10:30,13:00,24424.8,24400,24400,0.102,0.126,0.221,0.62,18.12,41.8,135.5,177.3,38.85,102.2,141.05,36.25,2719.0,2519.0,107181.0,115181.0,114840.0
2025-04-29,2025-04-30,1,Tuesday,10:30,15:25,24424.8,24400,24400,0.102,0.126,0.221,0.62,18.12,41.8,135.5,177.3,26.2,108.9,135.1,42.2,3165.0,2965.0,126170.0,134170.0,133830.0
2025-05-07,2025-05-08,1,Wednesday,09:30,11:00,24503.7,24500,24400,0.423,-0.291,0.307,0.935,14.19,52.85,141.4,194.25,18.0,194.0,212.0,-17.75,-1331.0,-1531.0,-65160.0,-57160.0,-57500.0
2025-05-07,2025-05-08,1,Wednesday,09:30,12:00,24503.7,24500,24400,0.423,-0.291,0.307,0.935,14.19,52.85,141.4,194.25,20.2,175.9,196.1,-1.85,-139.0,-339.0,-14415.0,-6415.0,-6755.0
2025-05-07,2025-05-08,1,Wednesday,09:30,13:00,24503.7,24500,24400,0.423,-0.291,0.307,0.935,14.19,52.85,141.4,194.25,21.6,154.7,176.3,17.95,1346.0,1146.0,48777.0,56777.0,56436.0
2025-05-07,2025-05-08,1,Wednesday,09:30,15:25,24503.7,24500,24400,0.423,-0.291,0.307,0.935,14.19,52.85,141.4,194.25,18.1,148.35,166.45,27.8,2085.0,1885.0,80213.0,88213.0,87872.0
2025-05-07,2025-05-08,1,Wednesday,10:00,11:00,24454.1,24450,24400,0.221,-0.291,0.307,0.935,14.19,41.0,133.6,174.6,24.9,151.0,175.9,-1.3,-98.0,-298.0,-12660.0,-4660.0,-5000.0
2025-05-07,2025-05-08,1,Wednesday,10:00,12:00,24454.1,24450,24400,0.221,-0.291,0.307,0.935,14.19,41.0,133.6,174.6,28.05,133.4,161.45,13.15,986.0,786.0,33457.0,41457.0,41117.0
2025-05-07,2025-05-08,1,Wednesday,10:00,13:00,24454.1,24450,24400,0.221,-0.291,0.307,0.935,14.19,41.0,133.6,174.6,31.7,115.1,146.8,27.8,2085.0,1885.0,80213.0,88213.0,87872.0
2025-05-07,2025-05-08,1,Wednesday,10:00,15:25,24454.1,24450,24400,0.221,-0.291,0.307,0.935,14.19,41.0,133.6,174.6,26.9,107.0,133.9,40.7,3052.0,2852.0,121383.0,129383.0,129043.0
2025-05-07,2025-05-08,1,Wednesday,10:30,11:00,24430.0,24450,24400,0.123,-0.291,0.307,0.935,14.19,30.3,142.05,172.35,24.9,151.0,175.9,-3.55,-266.0,-466.0,-19840.0,-11840.0,-12181.0
2025-05-07,2025-05-08,1,Wednesday,10:30,12:00,24430.0,24450,24400,0.123,-0.291,0.307,0.935,14.19,30.3,142.05,172.35,28.05,133.4,161.45,10.9,818.0,618.0,26277.0,34277.0,33936.0
2025-05-07,2025-05-08,1,Wednesday,10:30,13:00,24430.0,24450,24400,0.123,-0.291,0.307,0.935,14.19,30.3,142.05,172.35,31.7,115.1,146.8,25.55,1916.0,1716.0,73032.0,81032.0,80691.0
2025-05-07,2025-05-08,1,Wednesday,10:30,15:25,24430.0,24450,24400,0.123,-0.291,0.307,0.935,14.19,30.3,142.05,172.35,26.9,107.0,133.9,38.45,2884.0,2684.0,114202.0,122202.0,121862.0
2025-05-14,2025-05-15,1,Wednesday,09:30,11:00,24754.9,24750,24700,0.222,0.095,0.551,0.768,21.36,89.45,159.95,249.4,68.15,156.35,224.5,24.9,1867.0,1667.0,70957.0,78957.0,78617.0
2025-05-14,2025-05-15,1,Wednesday,09:30,12:00,24754.9,24750,24700,0.222,0.095,0.551,0.768,21.36,89.45,159.95,249.4,59.05,163.25,222.3,27.1,2032.0,1832.0,77979.0,85979.0,85638.0
2025-05-14,2025-05-15,1,Wednesday,09:30,13:00,24754.9,24750,24700,0.222,0.095,0.551,0.768,21.36,89.45,159.95,249.4,34.6,237.95,272.55,-23.15,-1736.0,-1936.0,-82394.0,-74394.0,-74734.0
2025-05-14,2025-05-15,1,Wednesday,09:30,15:25,24754.9,24750,24700,0.222,0.095,0.551,0.768,21.36,89.45,159.95,249.4,51.9,159.0,210.9,38.5,2887.0,2687.0,114362.0,122362.0,122021.0
2025-05-14,2025-05-15,1,Wednesday,10:00,11:00,24782.9,24800,24700,0.335,0.095,0.551,0.768,21.36,69.9,163.1,233.0,52.2,190.8,243.0,-10.0,-750.0,-950.0,-40426.0,-32426.0,-32766.0
2025-05-14,2025-05-15,1,Wednesday,10:00,12:00,24782.9,24800,24700,0.335,0.095,0.551,0.768,21.36,69.9,163.1,233.0,44.7,198.75,243.45,-10.45,-784.0,-984.0,-41862.0,-33862.0,-34202.0
2025-05-14,2025-05-15,1,Wednesday,10:00,13:00,24782.9,24800,24700,0.335,0.095,0.551,0.768,21.36,69.9,163.1,233.0,25.8,278.85,304.65,-71.65,-5374.0,-5574.0,-237181.0,-229181.0,-229521.0
2025-05-14,2025-05-15,1,Wednesday,10:00,15:25,24782.9,24800,24700,0.335,0.095,0.551,0.768,21.36,69.9,163.1,233.0,39.1,196.7,235.8,-2.8,-210.0,-410.0,-17447.0,-9447.0,-9787.0
2025-05-14,2025-05-15,1,Wednesday,10:30,11:00,24785.5,24800,24700,0.345,0.095,0.551,0.768,21.36,67.1,155.3,222.4,52.2,190.8,243.0,-20.6,-1545.0,-1745.0,-74255.0,-66255.0,-66596.0
2025-05-14,2025-05-15,1,Wednesday,10:30,12:00,24785.5,24800,24700,0.345,0.095,0.551,0.768,21.36,67.1,155.3,222.4,44.7,198.75,243.45,-21.05,-1579.0,-1779.0,-75691.0,-67691.0,-68032.0
2025-05-14,2025-05-15,1,Wednesday,10:30,13:00,24785.5,24800,24700,0.345,0.095,0.551,0.768,21.36,67.1,155.3,222.4,25.8,278.85,304.65,-82.25,-6169.0,-6369.0,-271011.0,-263011.0,-263351.0
2025-05-14,2025-05-15,1,Wednesday,10:30,15:25,24785.5,24800,24700,0.345,0.095,0.551,0.768,21.36,67.1,155.3,222.4,39.1,196.7,235.8,-13.4,-1005.0,-1205.0,-51277.0,-43277.0,-43617.0
2025-05-21,2025-05-22,1,Wednesday,09:30,11:00,24782.1,24800,25000,0.879,-0.108,0.827,1.07,20.41,88.5,152.4,240.9,200.85,73.35,274.2,-33.3,-2497.0,-2697.0,-114787.0,-106787.0,-107128.0
2025-05-21,2025-05-22,1,Wednesday,09:30,12:00,24782.1,24800,25000,0.879,-0.108,0.827,1.07,20.41,88.5,152.4,240.9,134.9,94.65,229.55,11.35,851.0,651.0,27713.0,35713.0,35372.0
2025-05-21,2025-05-22,1,Wednesday,09:30,13:00,24782.1,24800,25000,0.879,-0.108,0.827,1.07,20.41,88.5,152.4,240.9,110.7,129.2,239.9,1.0,75.0,-125.0,-5319.0,2681.0,2340.0
2025-05-21,2025-05-22,1,Wednesday,09:30,15:25,24782.1,24800,25000,0.879,-0.108,0.827,1.07,20.41,88.5,152.4,240.9,92.7,123.7,216.4,24.5,1838.0,1638.0,69681.0,77681.0,77340.0
2025-05-21,2025-05-22,1,Wednesday,10:00,11:00,24868.4,24850,25000,0.529,-0.108,0.827,1.07,20.41,116.3,139.85,256.15,170.1,91.3,261.4,-5.25,-394.0,-594.0,-25266.0,-17266.0,-17606.0
2025-05-21,2025-05-22,1,Wednesday,10:00,12:00,24868.4,24850,25000,0.529,-0.108,0.827,1.07,20.41,116.3,139.85,256.15,108.65,118.8,227.45,28.7,2152.0,1952.0,83085.0,91085.0,90745.0
2025-05-21,2025-05-22,1,Wednesday,10:00,13:00,24868.4,24850,25000,0.529,-0.108,0.827,1.07,20.41,116.3,139.85,256.15,89.3,158.65,247.95,8.2,615.0,415.0,17660.0,25660.0,25319.0
2025-05-21,2025-05-22,1,Wednesday,10:00,15:25,24868.4,24850,25000,0.529,-0.108,0.827,1.07,20.41,116.3,139.85,256.15,74.4,156.45,230.85,25.3,1897.0,1697.0,72234.0,80234.0,79894.0
2025-05-21,2025-05-22,1,Wednesday,10:30,11:00,24967.9,24950,25000,0.129,-0.108,0.827,1.07,20.41,125.8,147.25,273.05,116.5,137.95,254.45,18.6,1395.0,1195.0,50851.0,58851.0,58511.0
2025-05-21,2025-05-22,1,Wednesday,10:30,12:00,24967.9,24950,25000,0.129,-0.108,0.827,1.07,20.41,125.8,147.25,273.05,69.55,180.0,249.55,23.5,1762.0,1562.0,66489.0,74489.0,74149.0
2025-05-21,2025-05-22,1,Wednesday,10:30,13:00,24967.9,24950,25000,0.129,-0.108,0.827,1.07,20.41,125.8,147.25,273.05,58.7,227.85,286.55,-13.5,-1012.0,-1212.0,-51596.0,-43596.0,-43936.0
2025-05-21,2025-05-22,1,Wednesday,10:30,15:25,24967.9,24950,25000,0.129,-0.108,0.827,1.07,20.41,125.8,147.25,273.05,47.45,229.55,277.0,-3.95,-296.0,-496.0,-21117.0,-13117.0,-13457.0
2025-05-28,2025-05-29,1,Wednesday,09:30,11:00,24759.8,24750,25000,0.97,-0.352,0.027,0.62,19.43,190.35,176.4,366.75,172.25,118.85,291.1,75.65,5674.0,5474.0,232926.0,240926.0,240585.0
2025-05-28,2025-05-29,1,Wednesday,09:30,12:00,24759.8,24750,25000,0.97,-0.352,0.027,0.62,19.43,190.35,176.4,366.75,156.95,107.0,263.95,102.8,7710.0,7510.0,319574.0,327574.0,327234.0
2025-05-28,2025-05-29,1,Wednesday,09:30,13:00,24759.8,24750,25000,0.97,-0.352,0.027,0.62,19.43,190.35,176.4,366.75,178.5,95.0,273.5,93.25,6994.0,6794.0,289096.0,297096.0,296755.0
2025-05-28,2025-05-29,1,Wednesday,09:30,15:25,24759.8,24750,25000,0.97,-0.352,0.027,0.62,19.43,190.35,176.4,366.75,117.3,99.6,216.9,149.85,11239.0,11039.0,469734.0,477734.0,477394.0
2025-05-28,2025-05-29,1,Wednesday,10:00,11:00,24794.5,24800,25000,0.829,-0.352,0.027,0.62,19.43,152.0,164.8,316.8,149.05,145.55,294.6,22.2,1665.0,1465.0,62340.0,70340.0,70000.0
2025-05-28,2025-05-29,1,Wednesday,10:00,12:00,24794.5,24800,25000,0.829,-0.352,0.027,0.62,19.43,152.0,164.8,316.8,134.0,134.4,268.4,48.4,3630.0,3430.0,145957.0,153957.0,153617.0
2025-05-28,2025-05-29,1,Wednesday,10:00,13:00,24794.5,24800,25000,0.829,-0.352,0.027,0.62,19.43,152.0,164.8,316.8,152.45,120.3,272.75,44.05,3304.0,3104.0,132074.0,140074.0,139734.0
2025-05-28,2025-05-29,1,Wednesday,10:00,15:25,24794.5,24800,25000,0.829,-0.352,0.027,0.62,19.43,152.0,164.8,316.8,94.15,127.45,221.6,95.2,7140.0,6940.0,295319.0,303319.0,302979.0
2025-05-28,2025-05-29,1,Wednesday,10:30,11:00,24764.0,24750,25000,0.953,-0.352,0.027,0.62,19.43,159.55,142.65,302.2,172.25,118.85,291.1,11.1,833.0,633.0,26915.0,34915.0,34574.0
2025-05-28,2025-05-29,1,Wednesday,10:30,12:00,24764.0,24750,25000,0.953,-0.352,0.027,0.62,19.43,159.55,142.65,302.2,156.95,107.0,263.95,38.25,2869.0,2669.0,113564.0,121564.0,121223.0
2025-05-28,2025-05-29,1,Wednesday,10:30,13:00,24764.0,24750,25000,0.953,-0.352,0.027,0.62,19.43,159.55,142.65,302.2,178.5,95.0,273.5,28.7,2153.0,1953.0,83085.0,91085.0,90745.0
2025-05-28,2025-05-29,1,Wednesday,10:30,15:25,24764.0,24750,25000,0.953,-0.352,0.027,0.62,19.43,159.55,142.65,302.2,117.3,99.6,216.9,85.3,6398.0,6198.0,263723.0,271723.0,271383.0
2025-06-04,2025-06-05,1,Wednesday,09:30,11:00,24678.2,24700,24600,0.317,0.227,0.078,0.378,19.39,58.7,182.4,241.1,55.0,159.75,214.75,26.35,1976.0,1776.0,75585.0,83585.0,83245.0
2025-06-04,2025-06-05,1,Wednesday,09:30,12:00,24678.2,24700,24600,0.317,0.227,0.078,0.378,19.39,58.7,182.4,241.1,49.65,149.45,199.1,42.0,3150.0,2950.0,125532.0,133532.0,133191.0
2025-06-04,2025-06-05,1,Wednesday,09:30,13:00,24678.2,24700,24600,0.317,0.227,0.078,0.378,19.39,58.7,182.4,241.1,51.1,133.65,184.75,56.35,4226.0,4026.0,171330.0,179330.0,178989.0
2025-06-04,2025-06-05,1,Wednesday,09:30,15:25,24678.2,24700,24600,0.317,0.227,0.078,0.378,19.39,58.7,182.4,241.1,50.9,141.45,192.35,48.75,3656.0,3456.0,147074.0,155074.0,154734.0
2025-06-04,2025-06-05,1,Wednesday,10:00,11:00,24680.0,24700,24600,0.324,0.227,0.078,0.378,19.39,49.95,176.3,226.25,55.0,159.75,214.75,11.5,862.0,662.0,28191.0,36191.0,35851.0
2025-06-04,2025-06-05,1,Wednesday,10:00,12:00,24680.0,24700,24600,0.324,0.227,0.078,0.378,19.39,49.95,176.3,226.25,49.65,149.45,199.1,27.15,2036.0,1836.0,78138.0,86138.0,85798.0
2025-06-04,2025-06-05,1,Wednesday,10:00,13:00,24680.0,24700,24600,0.324,0.227,0.078,0.378,19.39,49.95,176.3,226.25,51.1,133.65,184.75,41.5,3112.0,2912.0,123936.0,131936.0,131596.0
2025-06-04,2025-06-05,1,Wednesday,10:00,15:25,24680.0,24700,24600,0.324,0.227,0.078,0.378,19.39,49.95,176.3,226.25,50.9,141.45,192.35,33.9,2543.0,2343.0,99681.0,107681.0,107340.0
2025-06-04,2025-06-05,1,Wednesday,10:30,11:00,24699.0,24700,24600,0.401,0.227,0.078,0.378,19.39,50.6,164.45,215.05,55.0,159.75,214.75,0.3,22.0,-178.0,-7553.0,447.0,106.0
2025-06-04,2025-06-05,1,Wednesday,10:30,12:00,24699.0,24700,24600,0.401,0.227,0.078,0.378,19.39,50.6,164.45,215.05,49.65,149.45,199.1,15.95,1196.0,996.0,42394.0,50394.0,50053.0
2025-06-04,2025-06-05,1,Wednesday,10:30,13:00,24699.0,24700,24600,0.401,0.227,0.078,0.378,19.39,50.6,164.45,215.05,51.1,133.65,184.75,30.3,2272.0,2072.0,88191.0,96191.0,95851.0
2025-06-04,2025-06-05,1,Wednesday,10:30,15:25,24699.0,24700,24600,0.401,0.227,0.078,0.378,19.39,50.6,164.45,215.05,50.9,141.45,192.35,22.7,1702.0,1502.0,63936.0,71936.0,71596.0
2025-06-11,2025-06-12,1,Wednesday,09:30,11:00,25197.7,25200,25100,0.388,0.119,0.084,0.325,11.68,45.75,126.0,171.75,63.75,95.95,159.7,12.05,904.0,704.0,29947.0,37947.0,37606.0
2025-06-11,2025-06-12,1,Wednesday,09:30,12:00,25197.7,25200,25100,0.388,0.119,0.084,0.325,11.68,45.75,126.0,171.75,87.9,77.65,165.55,6.2,465.0,265.0,11277.0,19277.0,18936.0
2025-06-11,2025-06-12,1,Wednesday,09:30,13:00,25197.7,25200,25100,0.388,0.119,0.084,0.325,11.68,45.75,126.0,171.75,82.65,71.8,154.45,17.3,1298.0,1098.0,46702.0,54702.0,54362.0
2025-06-11,2025-06-12,1,Wednesday,09:30,15:25,25197.7,25200,25100,0.388,0.119,0.084,0.325,11.68,45.75,126.0,171.75,43.75,118.6,162.35,9.4,705.0,505.0,21489.0,29489.0,29149.0
2025-06-11,2025-06-12,1,Wednesday,10:00,11:00,25215.0,25200,25100,0.456,0.119,0.084,0.325,11.68,46.55,107.15,153.7,63.75,95.95,159.7,-6.0,-450.0,-650.0,-27660.0,-19660.0,-20000.0
2025-06-11,2025-06-12,1,Wednesday,10:00,12:00,25215.0,25200,25100,0.456,0.119,0.084,0.325,11.68,46.55,107.15,153.7,87.9,77.65,165.55,-11.85,-889.0,-1089.0,-46330.0,-38330.0,-38670.0
2025-06-11,2025-06-12,1,Wednesday,10:00,13:00,25215.0,25200,25100,0.456,0.119,0.084,0.325,11.68,46.55,107.15,153.7,82.65,71.8,154.45,-0.75,-56.0,-256.0,-10904.0,-2904.0,-3245.0
2025-06-11,2025-06-12,1,Wednesday,10:00,15:25,25215.0,25200,25100,0.456,0.119,0.084,0.325,11.68,46.55,107.15,153.7,43.75,118.6,162.35,-8.65,-649.0,-849.0,-36117.0,-28117.0,-28457.0
2025-06-11,2025-06-12,1,Wednesday,10:30,11:00,25205.5,25200,25100,0.419,0.119,0.084,0.325,11.68,38.1,115.0,153.1,63.75,95.95,159.7,-6.6,-495.0,-695.0,-29574.0,-21574.0,-21915.0
2025-06-11,2025-06-12,1,Wednesday,10:30,12:00,25205.5,25200,25100,0.419,0.119,0.084,0.325,11.68,38.1,115.0,153.1,87.9,77.65,165.55,-12.45,-934.0,-1134.0,-48245.0,-40245.0,-40585.0
2025-06-11,2025-06-12,1,Wednesday,10:30,13:00,25205.5,25200,25100,0.419,0.119,0.084,0.325,11.68,38.1,115.0,153.1,82.65,71.8,154.45,-1.35,-101.0,-301.0,-12819.0,-4819.0,-5160.0
2025-06-11,2025-06-12,1,Wednesday,10:30,15:25,25205.5,25200,25100,0.419,0.119,0.084,0.325,11.68,38.1,115.0,153.1,43.75,118.6,162.35,-9.25,-694.0,-894.0,-38032.0,-30032.0,-30372.0
2025-06-18,2025-06-19,1,Wednesday,09:30,11:00,24931.8,24950,24900,0.128,-0.079,0.3,0.659,11.63,74.8,122.15,196.95,42.1,147.1,189.2,7.75,581.0,381.0,16223.0,24223.0,23883.0
2025-06-18,2025-06-19,1,Wednesday,09:30,12:00,24931.8,24950,24900,0.128,-0.079,0.3,0.659,11.63,74.8,122.15,196.95,31.4,201.25,232.65,-35.7,-2678.0,-2878.0,-122447.0,-114447.0,-114787.0
2025-06-18,2025-06-19,1,Wednesday,09:30,13:00,24931.8,24950,24900,0.128,-0.079,0.3,0.659,11.63,74.8,122.15,196.95,27.7,203.15,230.85,-33.9,-2543.0,-2743.0,-116702.0,-108702.0,-109043.0
2025-06-18,2025-06-19,1,Wednesday,09:30,15:25,24931.8,24950,24900,0.128,-0.079,0.3,0.659,11.63,74.8,122.15,196.95,29.7,185.3,215.0,-18.05,-1354.0,-1554.0,-66117.0,-58117.0,-58457.0
2025-06-18,2025-06-19,1,Wednesday,10:00,11:00,24946.0,24950,24900,0.184,-0.079,0.3,0.659,11.63,81.75,111.6,193.35,42.1,147.1,189.2,4.15,311.0,111.0,4734.0,12734.0,12394.0
2025-06-18,2025-06-19,1,Wednesday,10:00,12:00,24946.0,24950,24900,0.184,-0.079,0.3,0.659,11.63,81.75,111.6,193.35,31.4,201.25,232.65,-39.3,-2948.0,-3148.0,-133936.0,-125936.0,-126277.0
2025-06-18,2025-06-19,1,Wednesday,10:00,13:00,24946.0,24950,24900,0.184,-0.079,0.3,0.659,11.63,81.75,111.6,193.35,27.7,203.15,230.85,-37.5,-2812.0,-3012.0,-128191.0,-120191.0,-120532.0
2025-06-18,2025-06-19,1,Wednesday,10:00,15:25,24946.0,24950,24900,0.184,-0.079,0.3,0.659,11.63,81.75,111.6,193.35,29.7,185.3,215.0,-21.65,-1624.0,-1824.0,-77606.0,-69606.0,-69947.0
2025-06-18,2025-06-19,1,Wednesday,10:30,11:00,24908.0,24900,24900,0.032,-0.079,0.3,0.659,11.63,76.25,99.8,176.05,59.65,114.9,174.55,1.5,112.0,-88.0,-3723.0,4277.0,3936.0
2025-06-18,2025-06-19,1,Wednesday,10:30,12:00,24908.0,24900,24900,0.032,-0.079,0.3,0.659,11.63,76.25,99.8,176.05,43.65,164.5,208.15,-32.1,-2407.0,-2607.0,-110957.0,-102957.0,-103298.0
2025-06-18,2025-06-19,1,Wednesday,10:30,13:00,24908.0,24900,24900,0.032,-0.079,0.3,0.659,11.63,76.25,99.8,176.05,38.8,163.75,202.55,-26.5,-1988.0,-2188.0,-93085.0,-85085.0,-85426.0
2025-06-18,2025-06-19,1,Wednesday,10:30,15:25,24908.0,24900,24900,0.032,-0.079,0.3,0.659,11.63,76.25,99.8,176.05,40.85,146.55,187.4,-11.35,-851.0,-1051.0,-44734.0,-36734.0,-37074.0
2025-06-25,2025-06-26,1,Wednesday,09:30,11:00,25180.9,25200,25200,0.076,0.248,0.282,0.396,10.49,77.65,95.55,173.2,97.3,71.4,168.7,4.5,338.0,138.0,5851.0,13851.0,13511.0
2025-06-25,2025-06-26,1,Wednesday,09:30,12:00,25180.9,25200,25200,0.076,0.248,0.282,0.396,10.49,77.65,95.55,173.2,93.95,68.8,162.75,10.45,784.0,584.0,24840.0,32840.0,32500.0
2025-06-25,2025-06-26,1,Wednesday,09:30,13:00,25180.9,25200,25200,0.076,0.248,0.282,0.396,10.49,77.65,95.55,173.2,91.1,58.8,149.9,23.3,1748.0,1548.0,65851.0,73851.0,73511.0
2025-06-25,2025-06-26,1,Wednesday,09:30,15:25,25180.9,25200,25200,0.076,0.248,0.282,0.396,10.49,77.65,95.55,173.2,94.6,49.9,144.5,28.7,2152.0,1952.0,83085.0,91085.0,90745.0
2025-06-25,2025-06-26,1,Wednesday,10:00,11:00,25218.0,25200,25200,0.071,0.248,0.282,0.396,10.49,96.65,79.3,175.95,97.3,71.4,168.7,7.25,544.0,344.0,14628.0,22628.0,22287.0
2025-06-25,2025-06-26,1,Wednesday,10:00,12:00,25218.0,25200,25200,0.071,0.248,0.282,0.396,10.49,96.65,79.3,175.95,93.95,68.8,162.75,13.2,990.0,790.0,33617.0,41617.0,41277.0
2025-06-25,2025-06-26,1,Wednesday,10:00,13:00,25218.0,25200,25200,0.071,0.248,0.282,0.396,10.49,96.65,79.3,175.95,91.1,58.8,149.9,26.05,1954.0,1754.0,74628.0,82628.0,82287.0
2025-06-25,2025-06-26,1,Wednesday,10:00,15:25,25218.0,25200,25200,0.071,0.248,0.282,0.396,10.49,96.65,79.3,175.95,94.6,49.9,144.5,31.45,2359.0,2159.0,91862.0,99862.0,99521.0
2025-06-25,2025-06-26,1,Wednesday,10:30,11:00,25219.5,25200,25200,0.077,0.248,0.282,0.396,10.49,96.4,78.1,174.5,97.3,71.4,168.7,5.8,435.0,235.0,10000.0,18000.0,17660.0
2025-06-25,2025-06-26,1,Wednesday,10:30,12:00,25219.5,25200,25200,0.077,0.248,0.282,0.396,10.49,96.4,78.1,174.5,93.95,68.8,162.75,11.75,881.0,681.0,28989.0,36989.0,36649.0
2025-06-25,2025-06-26,1,Wednesday,10:30,13:00,25219.5,25200,25200,0.077,0.248,0.282,0.396,10.49,96.4,78.1,174.5,91.1,58.8,149.9,24.6,1845.0,1645.0,70000.0,78000.0,77660.0
2025-06-25,2025-06-26,1,Wednesday,10:30,15:25,25219.5,25200,25200,0.077,0.248,0.282,0.396,10.49,96.4,78.1,174.5,94.6,49.9,144.5,30.0,2250.0,2050.0,87234.0,95234.0,94894.0
2025-07-02,2025-07-03,1,Wednesday,09:30,11:00,25660.2,25650,25600,0.235,-0.957,0.133,0.349,11.97,46.95,121.5,168.45,24.0,171.9,195.9,-27.45,-2059.0,-2259.0,-96117.0,-88117.0,-88457.0
2025-07-02,2025-07-03,1,Wednesday,09:30,12:00,25660.2,25650,25600,0.235,-0.957,0.133,0.349,11.97,46.95,121.5,168.45,23.35,175.75,199.1,-30.65,-2299.0,-2499.0,-106330.0,-98330.0,-98670.0
2025-07-02,2025-07-03,1,Wednesday,09:30,13:00,25660.2,25650,25600,0.235,-0.957,0.133,0.349,11.97,46.95,121.5,168.45,18.0,188.8,206.8,-38.35,-2876.0,-3076.0,-130904.0,-122904.0,-123245.0
2025-07-02,2025-07-03,1,Wednesday,09:30,15:25,25660.2,25650,25600,0.235,-0.957,0.133,0.349,11.97,46.95,121.5,168.45,16.05,216.85,232.9,-64.45,-4834.0,-5034.0,-214202.0,-206202.0,-206543.0
2025-07-02,2025-07-03,1,Wednesday,10:00,11:00,25643.0,25650,25600,0.168,-0.957,0.133,0.349,11.97,39.0,136.5,175.5,24.0,171.9,195.9,-20.4,-1530.0,-1730.0,-73617.0,-65617.0,-65957.0
2025-07-02,2025-07-03,1,Wednesday,10:00,12:00,25643.0,25650,25600,0.168,-0.957,0.133,0.349,11.97,39.0,136.5,175.5,23.35,175.75,199.1,-23.6,-1770.0,-1970.0,-83830.0,-75830.0,-76170.0
2025-07-02,2025-07-03,1,Wednesday,10:00,13:00,25643.0,25650,25600,0.168,-0.957,0.133,0.349,11.97,39.0,136.5,175.5,18.0,188.8,206.8,-31.3,-2348.0,-2548.0,-108404.0,-100404.0,-100745.0
2025-07-02,2025-07-03,1,Wednesday,10:00,15:25,25643.0,25650,25600,0.168,-0.957,0.133,0.349,11.97,39.0,136.5,175.5,16.05,216.85,232.9,-57.4,-4305.0,-4505.0,-191702.0,-183702.0,-184043.0
2025-07-02,2025-07-03,1,Wednesday,10:30,11:00,25620.0,25600,25600,0.078,-0.957,0.133,0.349,11.97,46.35,118.75,165.1,36.35,134.3,170.65,-5.55,-416.0,-616.0,-26223.0,-18223.0,-18564.0
2025-07-02,2025-07-03,1,Wednesday,10:30,12:00,25620.0,25600,25600,0.078,-0.957,0.133,0.349,11.97,46.35,118.75,165.1,34.65,137.3,171.95,-6.85,-514.0,-714.0,-30372.0,-22372.0,-22713.0
2025-07-02,2025-07-03,1,Wednesday,10:30,13:00,25620.0,25600,25600,0.078,-0.957,0.133,0.349,11.97,46.35,118.75,165.1,26.95,147.15,174.1,-9.0,-675.0,-875.0,-37234.0,-29234.0,-29574.0
2025-07-02,2025-07-03,1,Wednesday,10:30,15:25,25620.0,25600,25600,0.078,-0.957,0.133,0.349,11.97,46.35,118.75,165.1,23.1,174.25,197.35,-32.25,-2419.0,-2619.0,-111436.0,-103436.0,-103777.0
2025-07-09,2025-07-10,1,Wednesday,09:30,11:00,25568.5,25550,25500,0.268,-0.125,0.079,0.28,12.46,45.2,102.4,147.6,64.25,71.1,135.35,12.25,919.0,719.0,30585.0,38585.0,38245.0
2025-07-09,2025-07-10,1,Wednesday,09:30,12:00,25568.5,25550,25500,0.268,-0.125,0.079,0.28,12.46,45.2,102.4,147.6,62.55,69.25,131.8,15.8,1185.0,985.0,41915.0,49915.0,49574.0
2025-07-09,2025-07-10,1,Wednesday,09:30,13:00,25568.5,25550,25500,0.268,-0.125,0.079,0.28,12.46,45.2,102.4,147.6,64.9,64.6,129.5,18.1,1358.0,1158.0,49255.0,57255.0,56915.0
2025-07-09,2025-07-10,1,Wednesday,09:30,15:25,25568.5,25550,25500,0.268,-0.125,0.079,0.28,12.46,45.2,102.4,147.6,41.8,95.2,137.0,10.6,795.0,595.0,25319.0,33319.0,32979.0
2025-07-09,2025-07-10,1,Wednesday,10:00,11:00,25603.4,25600,25500,0.404,-0.125,0.079,0.28,12.46,41.0,113.25,154.25,43.05,100.15,143.2,11.05,829.0,629.0,26755.0,34755.0,34415.0
2025-07-09,2025-07-10,1,Wednesday,10:00,12:00,25603.4,25600,25500,0.404,-0.125,0.079,0.28,12.46,41.0,113.25,154.25,41.25,98.3,139.55,14.7,1102.0,902.0,38404.0,46404.0,46064.0
2025-07-09,2025-07-10,1,Wednesday,10:00,13:00,25603.4,25600,25500,0.404,-0.125,0.079,0.28,12.46,41.0,113.25,154.25,42.8,92.25,135.05,19.2,1440.0,1240.0,52766.0,60766.0,60426.0
2025-07-09,2025-07-10,1,Wednesday,10:00,15:25,25603.4,25600,25500,0.404,-0.125,0.079,0.28,12.46,41.0,113.25,154.25,28.2,132.15,160.35,-6.1,-457.0,-657.0,-27979.0,-19979.0,-20319.0
2025-07-09,2025-07-10,1,Wednesday,10:30,11:00,25621.0,25600,25500,0.472,-0.125,0.079,0.28,12.46,46.0,98.9,144.9,43.05,100.15,143.2,1.7,128.0,-72.0,-3085.0,4915.0,4574.0
2025-07-09,2025-07-10,1,Wednesday,10:30,12:00,25621.0,25600,25500,0.472,-0.125,0.079,0.28,12.46,46.0,98.9,144.9,41.25,98.3,139.55,5.35,401.0,201.0,8564.0,16564.0,16223.0
2025-07-09,2025-07-10,1,Wednesday,10:30,13:00,25621.0,25600,25500,0.472,-0.125,0.079,0.28,12.46,46.0,98.9,144.9,42.8,92.25,135.05,9.85,739.0,539.0,22926.0,30926.0,30585.0
2025-07-09,2025-07-10,1,Wednesday,10:30,15:25,25621.0,25600,25500,0.472,-0.125,0.079,0.28,12.46,46.0,98.9,144.9,28.2,132.15,160.35,-15.45,-1159.0,-1359.0,-57819.0,-49819.0,-50160.0
2025-07-16,2025-07-17,1,Wednesday,09:30,11:00,25185.1,25200,25200,0.059,-0.21,0.151,0.301,11.07,46.0,95.1,141.1,39.5,89.6,129.1,12.0,900.0,700.0,29787.0,37787.0,37447.0
2025-07-16,2025-07-17,1,Wednesday,09:30,12:00,25185.1,25200,25200,0.059,-0.21,0.151,0.301,11.07,46.0,95.1,141.1,54.65,65.1,119.75,21.35,1601.0,1401.0,59628.0,67628.0,67287.0
2025-07-16,2025-07-17,1,Wednesday,09:30,13:00,25185.1,25200,25200,0.059,-0.21,0.151,0.301,11.07,46.0,95.1,141.1,66.25,52.45,118.7,22.4,1680.0,1480.0,62979.0,70979.0,70638.0
2025-07-16,2025-07-17,1,Wednesday,09:30,15:25,25185.1,25200,25200,0.059,-0.21,0.151,0.301,11.07,46.0,95.1,141.1,58.25,44.0,102.25,38.85,2914.0,2714.0,115479.0,123479.0,123138.0
2025-07-16,2025-07-17,1,Wednesday,10:00,11:00,25195.0,25200,25200,0.02,-0.21,0.151,0.301,11.07,45.85,84.5,130.35,39.5,89.6,129.1,1.25,94.0,-106.0,-4521.0,3479.0,3138.0
2025-07-16,2025-07-17,1,Wednesday,10:00,12:00,25195.0,25200,25200,0.02,-0.21,0.151,0.301,11.07,45.85,84.5,130.35,54.65,65.1,119.75,10.6,795.0,595.0,25319.0,33319.0,32979.0
2025-07-16,2025-07-17,1,Wednesday,10:00,13:00,25195.0,25200,25200,0.02,-0.21,0.151,0.301,11.07,45.85,84.5,130.35,66.25,52.45,118.7,11.65,874.0,674.0,28670.0,36670.0,36330.0
2025-07-16,2025-07-17,1,Wednesday,10:00,15:25,25195.0,25200,25200,0.02,-0.21,0.151,0.301,11.07,45.85,84.5,130.35,58.25,44.0,102.25,28.1,2107.0,1907.0,81170.0,89170.0,88830.0
2025-07-16,2025-07-17,1,Wednesday,10:30,11:00,25193.0,25200,25200,0.028,-0.21,0.151,0.301,11.07,44.75,84.55,129.3,39.5,89.6,129.1,0.2,15.0,-185.0,-7872.0,128.0,-213.0
2025-07-16,2025-07-17,1,Wednesday,10:30,12:00,25193.0,25200,25200,0.028,-0.21,0.151,0.301,11.07,44.75,84.55,129.3,54.65,65.1,119.75,9.55,716.0,516.0,21968.0,29968.0,29628.0
2025-07-16,2025-07-17,1,Wednesday,10:30,13:00,25193.0,25200,25200,0.028,-0.21,0.151,0.301,11.07,44.75,84.55,129.3,66.25,52.45,118.7,10.6,795.0,595.0,25319.0,33319.0,32979.0
2025-07-16,2025-07-17,1,Wednesday,10:30,15:25,25193.0,25200,25200,0.028,-0.21,0.151,0.301,11.07,44.75,84.55,129.3,58.25,44.0,102.25,27.05,2029.0,1829.0,77819.0,85819.0,85479.0
2025-07-23,2025-07-24,1,Wednesday,09:30,11:00,25150.1,25150,25100,0.199,0.3,0.12,0.249,10.27,51.9,70.35,122.25,49.25,67.55,116.8,5.45,409.0,209.0,8883.0,16883.0,16543.0
2025-07-23,2025-07-24,1,Wednesday,09:30,12:00,25150.1,25150,25100,0.199,0.3,0.12,0.249,10.27,51.9,70.35,122.25,54.15,56.05,110.2,12.05,904.0,704.0,29947.0,37947.0,37606.0
2025-07-23,2025-07-24,1,Wednesday,09:30,13:00,25150.1,25150,25100,0.199,0.3,0.12,0.249,10.27,51.9,70.35,122.25,74.25,40.9,115.15,7.1,532.0,332.0,14149.0,22149.0,21809.0
2025-07-23,2025-07-24,1,Wednesday,09:30,15:25,25150.1,25150,25100,0.199,0.3,0.12,0.249,10.27,51.9,70.35,122.25,97.15,22.5,119.65,2.6,195.0,-5.0,-213.0,7787.0,7447.0
2025-07-23,2025-07-24,1,Wednesday,10:00,11:00,25141.4,25150,25100,0.165,0.3,0.12,0.249,10.27,47.6,75.35,122.95,49.25,67.55,116.8,6.15,461.0,261.0,11117.0,19117.0,18777.0
2025-07-23,2025-07-24,1,Wednesday,10:00,12:00,25141.4,25150,25100,0.165,0.3,0.12,0.249,10.27,47.6,75.35,122.95,54.15,56.05,110.2,12.75,956.0,756.0,32181.0,40181.0,39840.0
2025-07-23,2025-07-24,1,Wednesday,10:00,13:00,25141.4,25150,25100,0.165,0.3,0.12,0.249,10.27,47.6,75.35,122.95,74.25,40.9,115.15,7.8,585.0,385.0,16383.0,24383.0,24043.0
2025-07-23,2025-07-24,1,Wednesday,10:00,15:25,25141.4,25150,25100,0.165,0.3,0.12,0.249,10.27,47.6,75.35,122.95,97.15,22.5,119.65,3.3,247.0,47.0,2021.0,10021.0,9681.0
2025-07-23,2025-07-24,1,Wednesday,10:30,11:00,25143.6,25150,25100,0.173,0.3,0.12,0.249,10.27,45.6,78.1,123.7,49.25,67.55,116.8,6.9,517.0,317.0,13511.0,21511.0,21170.0
2025-07-23,2025-07-24,1,Wednesday,10:30,12:00,25143.6,25150,25100,0.173,0.3,0.12,0.249,10.27,45.6,78.1,123.7,54.15,56.05,110.2,13.5,1012.0,812.0,34574.0,42574.0,42234.0
2025-07-23,2025-07-24,1,Wednesday,10:30,13:00,25143.6,25150,25100,0.173,0.3,0.12,0.249,10.27,45.6,78.1,123.7,74.25,40.9,115.15,8.55,641.0,441.0,18777.0,26777.0,26436.0
2025-07-23,2025-07-24,1,Wednesday,10:30,15:25,25143.6,25150,25100,0.173,0.3,0.12,0.249,10.27,45.6,78.1,123.7,97.15,22.5,119.65,4.05,304.0,104.0,4415.0,12415.0,12074.0
2025-07-30,2025-07-31,1,Wednesday,09:30,11:00,24856.7,24850,24800,0.228,0.006,0.145,0.333,7.33,72.8,69.6,142.4,53.85,85.35,139.2,3.2,240.0,40.0,1702.0,9702.0,9362.0
2025-07-30,2025-07-31,1,Wednesday,09:30,12:00,24856.7,24850,24800,0.228,0.006,0.145,0.333,7.33,72.8,69.6,142.4,88.75,49.45,138.2,4.2,315.0,115.0,4894.0,12894.0,12553.0
2025-07-30,2025-07-31,1,Wednesday,09:30,13:00,24856.7,24850,24800,0.228,0.006,0.145,0.333,7.33,72.8,69.6,142.4,76.65,51.65,128.3,14.1,1057.0,857.0,36489.0,44489.0,44149.0
2025-07-30,2025-07-31,1,Wednesday,09:30,15:25,24856.7,24850,24800,0.228,0.006,0.145,0.333,7.33,72.8,69.6,142.4,68.95,50.8,119.75,22.65,1699.0,1499.0,63777.0,71777.0,71436.0
2025-07-30,2025-07-31,1,Wednesday,10:00,11:00,24830.1,24850,24800,0.121,0.006,0.145,0.333,7.33,61.8,79.75,141.55,53.85,85.35,139.2,2.35,176.0,-24.0,-1011.0,6989.0,6649.0
2025-07-30,2025-07-31,1,Wednesday,10:00,12:00,24830.1,24850,24800,0.121,0.006,0.145,0.333,7.33,61.8,79.75,141.55,88.75,49.45,138.2,3.35,251.0,51.0,2181.0,10181.0,9840.0
2025-07-30,2025-07-31,1,Wednesday,10:00,13:00,24830.1,24850,24800,0.121,0.006,0.145,0.333,7.33,61.8,79.75,141.55,76.65,51.65,128.3,13.25,994.0,794.0,33777.0,41777.0,41436.0
2025-07-30,2025-07-31,1,Wednesday,10:00,15:25,24830.1,24850,24800,0.121,0.006,0.145,0.333,7.33,61.8,79.75,141.55,68.95,50.8,119.75,21.8,1635.0,1435.0,61064.0,69064.0,68723.0
2025-07-30,2025-07-31,1,Wednesday,10:30,11:00,24809.1,24800,24800,0.037,0.006,0.145,0.333,7.33,75.1,63.05,138.15,76.85,59.0,135.85,2.3,172.0,-28.0,-1170.0,6830.0,6489.0
2025-07-30,2025-07-31,1,Wednesday,10:30,12:00,24809.1,24800,24800,0.037,0.006,0.145,0.333,7.33,75.1,63.05,138.15,122.8,33.8,156.6,-18.45,-1384.0,-1584.0,-67394.0,-59394.0,-59734.0
2025-07-30,2025-07-31,1,Wednesday,10:30,13:00,24809.1,24800,24800,0.037,0.006,0.145,0.333,7.33,75.1,63.05,138.15,108.8,33.95,142.75,-4.6,-345.0,-545.0,-23191.0,-15191.0,-15532.0
2025-07-30,2025-07-31,1,Wednesday,10:30,15:25,24809.1,24800,24800,0.037,0.006,0.145,0.333,7.33,75.1,63.05,138.15,101.85,34.35,136.2,1.95,146.0,-54.0,-2287.0,5713.0,5372.0
2025-08-06,2025-08-07,1,Wednesday,09:30,11:00,24721.1,24700,24700,0.085,-0.033,0.085,0.34,8.46,70.55,110.1,180.65,32.3,156.1,188.4,-7.75,-581.0,-781.0,-33245.0,-25245.0,-25585.0
2025-08-06,2025-08-07,1,Wednesday,09:30,12:00,24721.1,24700,24700,0.085,-0.033,0.085,0.34,8.46,70.55,110.1,180.65,35.25,141.85,177.1,3.55,266.0,66.0,2819.0,10819.0,10479.0
2025-08-06,2025-08-07,1,Wednesday,09:30,13:00,24721.1,24700,24700,0.085,-0.033,0.085,0.34,8.46,70.55,110.1,180.65,38.8,118.8,157.6,23.05,1729.0,1529.0,65053.0,73053.0,72713.0
2025-08-06,2025-08-07,1,Wednesday,09:30,15:25,24721.1,24700,24700,0.085,-0.033,0.085,0.34,8.46,70.55,110.1,180.65,29.8,148.0,177.8,2.85,214.0,14.0,585.0,8585.0,8245.0
2025-08-06,2025-08-07,1,Wednesday,10:00,11:00,24707.4,24700,24700,0.03,-0.033,0.085,0.34,8.46,66.1,117.1,183.2,32.3,156.1,188.4,-5.2,-390.0,-590.0,-25106.0,-17106.0,-17447.0
2025-08-06,2025-08-07,1,Wednesday,10:00,12:00,24707.4,24700,24700,0.03,-0.033,0.085,0.34,8.46,66.1,117.1,183.2,35.25,141.85,177.1,6.1,457.0,257.0,10957.0,18957.0,18617.0
2025-08-06,2025-08-07,1,Wednesday,10:00,13:00,24707.4,24700,24700,0.03,-0.033,0.085,0.34,8.46,66.1,117.1,183.2,38.8,118.8,157.6,25.6,1920.0,1720.0,73191.0,81191.0,80851.0
2025-08-06,2025-08-07,1,Wednesday,10:00,15:25,24707.4,24700,24700,0.03,-0.033,0.085,0.34,8.46,66.1,117.1,183.2,29.8,148.0,177.8,5.4,405.0,205.0,8723.0,16723.0,16383.0
2025-08-06,2025-08-07,1,Wednesday,10:30,11:00,24682.7,24700,24700,0.07,-0.033,0.085,0.34,8.46,44.75,123.95,168.7,32.3,156.1,188.4,-19.7,-1477.0,-1677.0,-71383.0,-63383.0,-63723.0
2025-08-06,2025-08-07,1,Wednesday,10:30,12:00,24682.7,24700,24700,0.07,-0.033,0.085,0.34,8.46,44.75,123.95,168.7,35.25,141.85,177.1,-8.4,-630.0,-830.0,-35319.0,-27319.0,-27660.0
2025-08-06,2025-08-07,1,Wednesday,10:30,13:00,24682.7,24700,24700,0.07,-0.033,0.085,0.34,8.46,44.75,123.95,168.7,38.8,118.8,157.6,11.1,832.0,632.0,26915.0,34915.0,34574.0
2025-08-06,2025-08-07,1,Wednesday,10:30,15:25,24682.7,24700,24700,0.07,-0.033,0.085,0.34,8.46,44.75,123.95,168.7,29.8,148.0,177.8,-9.1,-683.0,-883.0,-37553.0,-29553.0,-29894.0
2025-08-13,2025-08-14,1,Wednesday,09:30,11:00,24638.9,24650,24600,0.158,0.305,0.204,0.34,9.58,45.85,116.65,162.5,55.0,87.3,142.3,20.2,1515.0,1315.0,55957.0,63957.0,63617.0
2025-08-13,2025-08-14,1,Wednesday,09:30,12:00,24638.9,24650,24600,0.158,0.305,0.204,0.34,9.58,45.85,116.65,162.5,37.2,110.0,147.2,15.3,1148.0,948.0,40319.0,48319.0,47979.0
2025-08-13,2025-08-14,1,Wednesday,09:30,13:00,24638.9,24650,24600,0.158,0.305,0.204,0.34,9.58,45.85,116.65,162.5,69.85,66.05,135.9,26.6,1995.0,1795.0,76383.0,84383.0,84043.0
2025-08-13,2025-08-14,1,Wednesday,09:30,15:25,24638.9,24650,24600,0.158,0.305,0.204,0.34,9.58,45.85,116.65,162.5,55.0,59.9,114.9,47.6,3570.0,3370.0,143404.0,151404.0,151064.0
2025-08-13,2025-08-14,1,Wednesday,10:00,11:00,24688.0,24700,24600,0.356,0.305,0.204,0.34,9.58,43.0,117.45,160.45,36.55,118.6,155.15,5.3,398.0,198.0,8404.0,16404.0,16064.0
2025-08-13,2025-08-14,1,Wednesday,10:00,12:00,24688.0,24700,24600,0.356,0.305,0.204,0.34,9.58,43.0,117.45,160.45,23.85,147.0,170.85,-10.4,-780.0,-980.0,-41702.0,-33702.0,-34043.0
2025-08-13,2025-08-14,1,Wednesday,10:00,13:00,24688.0,24700,24600,0.356,0.305,0.204,0.34,9.58,43.0,117.45,160.45,46.9,93.5,140.4,20.05,1504.0,1304.0,55479.0,63479.0,63138.0
2025-08-13,2025-08-14,1,Wednesday,10:00,15:25,24688.0,24700,24600,0.356,0.305,0.204,0.34,9.58,43.0,117.45,160.45,35.1,90.0,125.1,35.35,2651.0,2451.0,104309.0,112309.0,111968.0
2025-08-13,2025-08-14,1,Wednesday,10:30,11:00,24680.0,24700,24600,0.324,0.305,0.204,0.34,9.58,39.65,118.85,158.5,36.55,118.6,155.15,3.35,251.0,51.0,2181.0,10181.0,9840.0
2025-08-13,2025-08-14,1,Wednesday,10:30,12:00,24680.0,24700,24600,0.324,0.305,0.204,0.34,9.58,39.65,118.85,158.5,23.85,147.0,170.85,-12.35,-926.0,-1126.0,-47926.0,-39926.0,-40266.0
2025-08-13,2025-08-14,1,Wednesday,10:30,13:00,24680.0,24700,24600,0.324,0.305,0.204,0.34,9.58,39.65,118.85,158.5,46.9,93.5,140.4,18.1,1357.0,1157.0,49255.0,57255.0,56915.0
2025-08-13,2025-08-14,1,Wednesday,10:30,15:25,24680.0,24700,24600,0.324,0.305,0.204,0.34,9.58,39.65,118.85,158.5,35.1,90.0,125.1,33.4,2505.0,2305.0,98085.0,106085.0,105745.0
2025-08-20,2025-08-21,1,Wednesday,09:30,11:00,24971.8,24950,25000,0.113,-0.244,0.217,0.285,10.82,63.85,73.0,136.85,88.9,49.05,137.95,-1.1,-82.0,-282.0,-12021.0,-4021.0,-4362.0
2025-08-20,2025-08-21,1,Wednesday,09:30,12:00,24971.8,24950,25000,0.113,-0.244,0.217,0.285,10.82,63.85,73.0,136.85,125.35,33.95,159.3,-22.45,-1684.0,-1884.0,-80160.0,-72160.0,-72500.0
2025-08-20,2025-08-21,1,Wednesday,09:30,13:00,24971.8,24950,25000,0.113,-0.244,0.217,0.285,10.82,63.85,73.0,136.85,132.6,26.4,159.0,-22.15,-1661.0,-1861.0,-79202.0,-71202.0,-71543.0
2025-08-20,2025-08-21,1,Wednesday,09:30,15:25,24971.8,24950,25000,0.113,-0.244,0.217,0.285,10.82,63.85,73.0,136.85,122.4,24.5,146.9,-10.05,-754.0,-954.0,-40585.0,-32585.0,-32926.0
2025-08-20,2025-08-21,1,Wednesday,10:00,11:00,25004.5,25000,25000,0.018,-0.244,0.217,0.285,10.82,58.1,82.3,140.4,61.8,71.8,133.6,6.8,510.0,310.0,13191.0,21191.0,20851.0
2025-08-20,2025-08-21,1,Wednesday,10:00,12:00,25004.5,25000,25000,0.018,-0.244,0.217,0.285,10.82,58.1,82.3,140.4,91.15,49.85,141.0,-0.6,-45.0,-245.0,-10426.0,-2426.0,-2766.0
2025-08-20,2025-08-21,1,Wednesday,10:00,13:00,25004.5,25000,25000,0.018,-0.244,0.217,0.285,10.82,58.1,82.3,140.4,96.6,40.25,136.85,3.55,266.0,66.0,2819.0,10819.0,10479.0
2025-08-20,2025-08-21,1,Wednesday,10:00,15:25,25004.5,25000,25000,0.018,-0.244,0.217,0.285,10.82,58.1,82.3,140.4,83.7,36.1,119.8,20.6,1545.0,1345.0,57234.0,65234.0,64894.0
2025-08-20,2025-08-21,1,Wednesday,10:30,11:00,25024.0,25000,25000,0.096,-0.244,0.217,0.285,10.82,65.95,72.4,138.35,61.8,71.8,133.6,4.75,356.0,156.0,6649.0,14649.0,14309.0
2025-08-20,2025-08-21,1,Wednesday,10:30,12:00,25024.0,25000,25000,0.096,-0.244,0.217,0.285,10.82,65.95,72.4,138.35,91.15,49.85,141.0,-2.65,-199.0,-399.0,-16968.0,-8968.0,-9309.0
2025-08-20,2025-08-21,1,Wednesday,10:30,13:00,25024.0,25000,25000,0.096,-0.244,0.217,0.285,10.82,65.95,72.4,138.35,96.6,40.25,136.85,1.5,113.0,-87.0,-3723.0,4277.0,3936.0
2025-08-20,2025-08-21,1,Wednesday,10:30,15:25,25024.0,25000,25000,0.096,-0.244,0.217,0.285,10.82,65.95,72.4,138.35,83.7,36.1,119.8,18.55,1391.0,1191.0,50691.0,58691.0,58351.0
2025-09-01,2025-09-02,1,Monday,09:30,11:00,24659.5,24650,24500,0.647,0.015,0.346,0.451,10.69,31.05,118.55,149.6,27.1,110.75,137.85,11.75,881.0,681.0,28989.0,36989.0,36649.0
2025-09-01,2025-09-02,1,Monday,09:30,12:00,24659.5,24650,24500,0.647,0.015,0.346,0.451,10.69,31.05,118.55,149.6,20.95,126.7,147.65,1.95,146.0,-54.0,-2287.0,5713.0,5372.0
2025-09-01,2025-09-02,1,Monday,09:30,13:00,24659.5,24650,24500,0.647,0.015,0.346,0.451,10.69,31.05,118.55,149.6,31.5,89.5,121.0,28.6,2145.0,1945.0,82766.0,90766.0,90426.0
2025-09-01,2025-09-02,1,Monday,09:30,15:25,24659.5,24650,24500,0.647,0.015,0.346,0.451,10.69,31.05,118.55,149.6,45.5,59.2,104.7,44.9,3367.0,3167.0,134787.0,142787.0,142447.0
2025-09-01,2025-09-02,1,Monday,10:00,11:00,24678.9,24700,24500,0.725,0.015,0.346,0.451,10.69,18.75,148.9,167.65,15.95,149.25,165.2,2.45,184.0,-16.0,-691.0,7309.0,6968.0
2025-09-01,2025-09-02,1,Monday,10:00,12:00,24678.9,24700,24500,0.725,0.015,0.346,0.451,10.69,18.75,148.9,167.65,12.35,168.05,180.4,-12.75,-956.0,-1156.0,-49202.0,-41202.0,-41543.0
2025-09-01,2025-09-02,1,Monday,10:00,13:00,24678.9,24700,24500,0.725,0.015,0.346,0.451,10.69,18.75,148.9,167.65,18.35,126.45,144.8,22.85,1714.0,1514.0,64415.0,72415.0,72074.0
2025-09-01,2025-09-02,1,Monday,10:00,15:25,24678.9,24700,24500,0.725,0.015,0.346,0.451,10.69,18.75,148.9,167.65,27.0,90.35,117.35,50.3,3773.0,3573.0,152021.0,160021.0,159681.0
2025-09-01,2025-09-02,1,Monday,10:30,11:00,24665.0,24650,24500,0.669,0.015,0.346,0.451,10.69,25.0,120.6,145.6,27.1,110.75,137.85,7.75,581.0,381.0,16223.0,24223.0,23883.0
2025-09-01,2025-09-02,1,Monday,10:30,12:00,24665.0,24650,24500,0.669,0.015,0.346,0.451,10.69,25.0,120.6,145.6,20.95,126.7,147.65,-2.05,-154.0,-354.0,-15053.0,-7053.0,-7394.0
2025-09-01,2025-09-02,1,Monday,10:30,13:00,24665.0,24650,24500,0.669,0.015,0.346,0.451,10.69,25.0,120.6,145.6,31.5,89.5,121.0,24.6,1845.0,1645.0,70000.0,78000.0,77660.0
2025-09-01,2025-09-02,1,Monday,10:30,15:25,24665.0,24650,24500,0.669,0.015,0.346,0.451,10.69,25.0,120.6,145.6,45.5,59.2,104.7,40.9,3067.0,2867.0,122021.0,130021.0,129681.0
2025-09-08,2025-09-09,1,Monday,09:30,11:00,24903.0,24900,24800,0.414,0.157,0.014,0.324,10.05,35.95,112.5,148.45,27.25,125.3,152.55,-4.1,-308.0,-508.0,-21596.0,-13596.0,-13936.0
2025-09-08,2025-09-09,1,Monday,09:30,12:00,24903.0,24900,24800,0.414,0.157,0.014,0.324,10.05,35.95,112.5,148.45,35.45,95.5,130.95,17.5,1312.0,1112.0,47340.0,55340.0,55000.0
2025-09-08,2025-09-09,1,Monday,09:30,13:00,24903.0,24900,24800,0.414,0.157,0.014,0.324,10.05,35.95,112.5,148.45,54.9,65.0,119.9,28.55,2141.0,1941.0,82606.0,90606.0,90266.0
2025-09-08,2025-09-09,1,Monday,09:30,15:25,24903.0,24900,24800,0.414,0.157,0.014,0.324,10.05,35.95,112.5,148.45,23.7,102.2,125.9,22.55,1691.0,1491.0,63457.0,71457.0,71117.0
2025-09-08,2025-09-09,1,Monday,10:00,11:00,24914.5,24900,24800,0.46,0.157,0.014,0.324,10.05,38.3,103.2,141.5,27.25,125.3,152.55,-11.05,-829.0,-1029.0,-43777.0,-35777.0,-36117.0
2025-09-08,2025-09-09,1,Monday,10:00,12:00,24914.5,24900,24800,0.46,0.157,0.014,0.324,10.05,38.3,103.2,141.5,35.45,95.5,130.95,10.55,791.0,591.0,25160.0,33160.0,32819.0
2025-09-08,2025-09-09,1,Monday,10:00,13:00,24914.5,24900,24800,0.46,0.157,0.014,0.324,10.05,38.3,103.2,141.5,54.9,65.0,119.9,21.6,1620.0,1420.0,60426.0,68426.0,68085.0
2025-09-08,2025-09-09,1,Monday,10:00,15:25,24914.5,24900,24800,0.46,0.157,0.014,0.324,10.05,38.3,103.2,141.5,23.7,102.2,125.9,15.6,1170.0,970.0,41277.0,49277.0,48936.0
2025-09-08,2025-09-09,1,Monday,10:30,11:00,24882.5,24900,24800,0.332,0.157,0.014,0.324,10.05,28.7,127.5,156.2,27.25,125.3,152.55,3.65,274.0,74.0,3138.0,11138.0,10798.0
2025-09-08,2025-09-09,1,Monday,10:30,12:00,24882.5,24900,24800,0.332,0.157,0.014,0.324,10.05,28.7,127.5,156.2,35.45,95.5,130.95,25.25,1894.0,1694.0,72074.0,80074.0,79734.0
2025-09-08,2025-09-09,1,Monday,10:30,13:00,24882.5,24900,24800,0.332,0.157,0.014,0.324,10.05,28.7,127.5,156.2,54.9,65.0,119.9,36.3,2722.0,2522.0,107340.0,115340.0,115000.0
2025-09-08,2025-09-09,1,Monday,10:30,15:25,24882.5,24900,24800,0.332,0.157,0.014,0.324,10.05,28.7,127.5,156.2,23.7,102.2,125.9,30.3,2272.0,2072.0,88191.0,96191.0,95851.0
2025-09-15,2025-09-16,1,Monday,09:30,11:00,25187.0,25200,25100,0.345,-0.038,0.141,0.206,8.36,27.95,109.4,137.35,17.95,127.4,145.35,-8.0,-600.0,-800.0,-34043.0,-26043.0,-26383.0
2025-09-15,2025-09-16,1,Monday,09:30,12:00,25187.0,25200,25100,0.345,-0.038,0.141,0.206,8.36,27.95,109.4,137.35,23.35,104.55,127.9,9.45,709.0,509.0,21649.0,29649.0,29309.0
2025-09-15,2025-09-16,1,Monday,09:30,13:00,25187.0,25200,25100,0.345,-0.038,0.141,0.206,8.36,27.95,109.4,137.35,19.35,109.05,128.4,8.95,671.0,471.0,20053.0,28053.0,27713.0
2025-09-15,2025-09-16,1,Monday,09:30,15:25,25187.0,25200,25100,0.345,-0.038,0.141,0.206,8.36,27.95,109.4,137.35,15.5,113.25,128.75,8.6,645.0,445.0,18936.0,26936.0,26596.0
2025-09-15,2025-09-16,1,Monday,10:00,11:00,25167.5,25150,25100,0.268,-0.038,0.141,0.206,8.36,36.1,86.9,123.0,31.2,90.4,121.6,1.4,105.0,-95.0,-4043.0,3957.0,3617.0
2025-09-15,2025-09-16,1,Monday,10:00,12:00,25167.5,25150,25100,0.268,-0.038,0.141,0.206,8.36,36.1,86.9,123.0,39.7,70.8,110.5,12.5,938.0,738.0,31383.0,39383.0,39043.0
2025-09-15,2025-09-16,1,Monday,10:00,13:00,25167.5,25150,25100,0.268,-0.038,0.141,0.206,8.36,36.1,86.9,123.0,33.9,73.8,107.7,15.3,1148.0,948.0,40319.0,48319.0,47979.0
2025-09-15,2025-09-16,1,Monday,10:00,15:25,25167.5,25150,25100,0.268,-0.038,0.141,0.206,8.36,36.1,86.9,123.0,27.25,74.6,101.85,21.15,1586.0,1386.0,58989.0,66989.0,66649.0
2025-09-15,2025-09-16,1,Monday,10:30,11:00,25172.9,25150,25100,0.29,-0.038,0.141,0.206,8.36,37.15,83.25,120.4,31.2,90.4,121.6,-1.2,-90.0,-290.0,-12340.0,-4340.0,-4681.0
2025-09-15,2025-09-16,1,Monday,10:30,12:00,25172.9,25150,25100,0.29,-0.038,0.141,0.206,8.36,37.15,83.25,120.4,39.7,70.8,110.5,9.9,743.0,543.0,23085.0,31085.0,30745.0
2025-09-15,2025-09-16,1,Monday,10:30,13:00,25172.9,25150,25100,0.29,-0.038,0.141,0.206,8.36,37.15,83.25,120.4,33.9,73.8,107.7,12.7,953.0,753.0,32021.0,40021.0,39681.0
2025-09-15,2025-09-16,1,Monday,10:30,15:25,25172.9,25150,25100,0.29,-0.038,0.141,0.206,8.36,37.15,83.25,120.4,27.25,74.6,101.85,18.55,1391.0,1191.0,50691.0,58691.0,58351.0
2025-09-22,2025-09-23,1,Monday,09:30,11:00,25347.4,25350,25300,0.187,-0.302,0.138,0.4,7.76,37.55,83.2,120.75,49.75,63.35,113.1,7.65,574.0,374.0,15904.0,23904.0,23564.0
2025-09-22,2025-09-23,1,Monday,09:30,12:00,25347.4,25350,25300,0.187,-0.302,0.138,0.4,7.76,37.55,83.2,120.75,39.3,70.15,109.45,11.3,847.0,647.0,27553.0,35553.0,35213.0
2025-09-22,2025-09-23,1,Monday,09:30,13:00,25347.4,25350,25300,0.187,-0.302,0.138,0.4,7.76,37.55,83.2,120.75,39.15,67.2,106.35,14.4,1080.0,880.0,37447.0,45447.0,45106.0
2025-09-22,2025-09-23,1,Monday,09:30,15:25,25347.4,25350,25300,0.187,-0.302,0.138,0.4,7.76,37.55,83.2,120.75,17.85,131.45,149.3,-28.55,-2141.0,-2341.0,-99628.0,-91628.0,-91968.0
2025-09-22,2025-09-23,1,Monday,10:00,11:00,25386.0,25400,25300,0.339,-0.302,0.138,0.4,7.76,32.55,92.05,124.6,29.8,93.3,123.1,1.5,112.0,-88.0,-3723.0,4277.0,3936.0
2025-09-22,2025-09-23,1,Monday,10:00,12:00,25386.0,25400,25300,0.339,-0.302,0.138,0.4,7.76,32.55,92.05,124.6,23.6,104.2,127.8,-3.2,-240.0,-440.0,-18723.0,-10723.0,-11064.0
2025-09-22,2025-09-23,1,Monday,10:00,13:00,25386.0,25400,25300,0.339,-0.302,0.138,0.4,7.76,32.55,92.05,124.6,23.35,101.05,124.4,0.2,15.0,-185.0,-7872.0,128.0,-213.0
2025-09-22,2025-09-23,1,Monday,10:00,15:25,25386.0,25400,25300,0.339,-0.302,0.138,0.4,7.76,32.55,92.05,124.6,11.95,175.9,187.85,-63.25,-4744.0,-4944.0,-210372.0,-202372.0,-202713.0
2025-09-22,2025-09-23,1,Monday,10:30,11:00,25389.6,25400,25300,0.353,-0.302,0.138,0.4,7.76,32.3,89.0,121.3,29.8,93.3,123.1,-1.8,-135.0,-335.0,-14255.0,-6255.0,-6596.0
2025-09-22,2025-09-23,1,Monday,10:30,12:00,25389.6,25400,25300,0.353,-0.302,0.138,0.4,7.76,32.3,89.0,121.3,23.6,104.2,127.8,-6.5,-488.0,-688.0,-29255.0,-21255.0,-21596.0
2025-09-22,2025-09-23,1,Monday,10:30,13:00,25389.6,25400,25300,0.353,-0.302,0.138,0.4,7.76,32.3,89.0,121.3,23.35,101.05,124.4,-3.1,-233.0,-433.0,-18404.0,-10404.0,-10745.0
2025-09-22,2025-09-23,1,Monday,10:30,15:25,25389.6,25400,25300,0.353,-0.302,0.138,0.4,7.76,32.3,89.0,121.3,11.95,175.9,187.85,-66.55,-4991.0,-5191.0,-220904.0,-212904.0,-213245.0
2025-09-29,2025-09-30,1,Monday,09:30,11:00,24756.9,24750,24700,0.23,0.223,0.264,0.498,7.39,74.4,65.35,139.75,94.4,45.35,139.75,0.0,0.0,-200.0,-8511.0,-511.0,-851.0
2025-09-29,2025-09-30,1,Monday,09:30,12:00,24756.9,24750,24700,0.23,0.223,0.264,0.498,7.39,74.4,65.35,139.75,53.1,82.25,135.35,4.4,330.0,130.0,5532.0,13532.0,13191.0
2025-09-29,2025-09-30,1,Monday,09:30,13:00,24756.9,24750,24700,0.23,0.223,0.264,0.498,7.39,74.4,65.35,139.75,34.75,107.25,142.0,-2.25,-169.0,-369.0,-15691.0,-7691.0,-8032.0
2025-09-29,2025-09-30,1,Monday,09:30,15:25,24756.9,24750,24700,0.23,0.223,0.264,0.498,7.39,74.4,65.35,139.75,30.2,86.25,116.45,23.3,1747.0,1547.0,65851.0,73851.0,73511.0
2025-09-29,2025-09-30,1,Monday,10:00,11:00,24812.0,24800,24700,0.451,0.223,0.264,0.498,7.39,70.65,58.3,128.95,62.55,64.2,126.75,2.2,165.0,-35.0,-1489.0,6511.0,6170.0
2025-09-29,2025-09-30,1,Monday,10:00,12:00,24812.0,24800,24700,0.451,0.223,0.264,0.498,7.39,70.65,58.3,128.95,33.35,112.45,145.8,-16.85,-1264.0,-1464.0,-62287.0,-54287.0,-54628.0
2025-09-29,2025-09-30,1,Monday,10:00,13:00,24812.0,24800,24700,0.451,0.223,0.264,0.498,7.39,70.65,58.3,128.95,21.75,144.2,165.95,-37.0,-2775.0,-2975.0,-126596.0,-118596.0,-118936.0
2025-09-29,2025-09-30,1,Monday,10:00,15:25,24812.0,24800,24700,0.451,0.223,0.264,0.498,7.39,70.65,58.3,128.95,18.1,124.65,142.75,-13.8,-1035.0,-1235.0,-52553.0,-44553.0,-44894.0
2025-09-29,2025-09-30,1,Monday,10:30,11:00,24818.2,24800,24700,0.476,0.223,0.264,0.498,7.39,74.6,57.95,132.55,62.55,64.2,126.75,5.8,435.0,235.0,10000.0,18000.0,17660.0
2025-09-29,2025-09-30,1,Monday,10:30,12:00,24818.2,24800,24700,0.476,0.223,0.264,0.498,7.39,74.6,57.95,132.55,33.35,112.45,145.8,-13.25,-994.0,-1194.0,-50798.0,-42798.0,-43138.0
2025-09-29,2025-09-30,1,Monday,10:30,13:00,24818.2,24800,24700,0.476,0.223,0.264,0.498,7.39,74.6,57.95,132.55,21.75,144.2,165.95,-33.4,-2505.0,-2705.0,-115106.0,-107106.0,-107447.0
2025-09-29,2025-09-30,1,Monday,10:30,15:25,24818.2,24800,24700,0.476,0.223,0.264,0.498,7.39,74.6,57.95,132.55,18.1,124.65,142.75,-10.2,-765.0,-965.0,-41064.0,-33064.0,-33404.0
2025-10-06,2025-10-07,1,Monday,09:30,11:00,24978.7,25000,24900,0.315,-0.068,0.313,0.416,9.06,22.65,130.25,152.9,51.9,57.0,108.9,44.0,3300.0,3100.0,131915.0,139915.0,139574.0
2025-10-06,2025-10-07,1,Monday,09:30,12:00,24978.7,25000,24900,0.315,-0.068,0.313,0.416,9.06,22.65,130.25,152.9,59.6,51.45,111.05,41.85,3139.0,2939.0,125053.0,133053.0,132713.0
2025-10-06,2025-10-07,1,Monday,09:30,13:00,24978.7,25000,24900,0.315,-0.068,0.313,0.416,9.06,22.65,130.25,152.9,83.95,34.35,118.3,34.6,2595.0,2395.0,101915.0,109915.0,109574.0
2025-10-06,2025-10-07,1,Monday,09:30,15:25,24978.7,25000,24900,0.315,-0.068,0.313,0.416,9.06,22.65,130.25,152.9,116.25,17.95,134.2,18.7,1403.0,1203.0,51170.0,59170.0,58830.0
2025-10-06,2025-10-07,1,Monday,10:00,11:00,25055.4,25050,24900,0.62,-0.068,0.313,0.416,9.06,23.3,110.2,133.5,31.05,86.1,117.15,16.35,1226.0,1026.0,43670.0,51670.0,51330.0
2025-10-06,2025-10-07,1,Monday,10:00,12:00,25055.4,25050,24900,0.62,-0.068,0.313,0.416,9.06,23.3,110.2,133.5,35.95,78.0,113.95,19.55,1466.0,1266.0,53883.0,61883.0,61543.0
2025-10-06,2025-10-07,1,Monday,10:00,13:00,25055.4,25050,24900,0.62,-0.068,0.313,0.416,9.06,23.3,110.2,133.5,52.15,53.5,105.65,27.85,2089.0,1889.0,80372.0,88372.0,88032.0
2025-10-06,2025-10-07,1,Monday,10:00,15:25,25055.4,25050,24900,0.62,-0.068,0.313,0.416,9.06,23.3,110.2,133.5,77.05,28.7,105.75,27.75,2081.0,1881.0,80053.0,88053.0,87713.0
2025-10-06,2025-10-07,1,Monday,10:30,11:00,25065.0,25050,24900,0.658,-0.068,0.313,0.416,9.06,26.6,99.2,125.8,31.05,86.1,117.15,8.65,649.0,449.0,19096.0,27096.0,26755.0
2025-10-06,2025-10-07,1,Monday,10:30,12:00,25065.0,25050,24900,0.658,-0.068,0.313,0.416,9.06,26.6,99.2,125.8,35.95,78.0,113.95,11.85,889.0,689.0,29309.0,37309.0,36968.0
2025-10-06,2025-10-07,1,Monday,10:30,13:00,25065.0,25050,24900,0.658,-0.068,0.313,0.416,9.06,26.6,99.2,125.8,52.15,53.5,105.65,20.15,1511.0,1311.0,55798.0,63798.0,63457.0
2025-10-06,2025-10-07,1,Monday,10:30,15:25,25065.0,25050,24900,0.658,-0.068,0.313,0.416,9.06,26.6,99.2,125.8,77.05,28.7,105.75,20.05,1504.0,1304.0,55479.0,63479.0,63138.0
2025-10-13,2025-10-14,1,Monday,09:30,11:00,25272.0,25250,25200,0.285,-0.295,0.205,0.414,9.77,53.25,108.7,161.95,47.55,100.2,147.75,14.2,1065.0,865.0,36809.0,44809.0,44468.0
2025-10-13,2025-10-14,1,Monday,09:30,12:00,25272.0,25250,25200,0.285,-0.295,0.205,0.414,9.77,53.25,108.7,161.95,46.95,93.0,139.95,22.0,1650.0,1450.0,61702.0,69702.0,69362.0
2025-10-13,2025-10-14,1,Monday,09:30,13:00,25272.0,25250,25200,0.285,-0.295,0.205,0.414,9.77,53.25,108.7,161.95,49.8,82.2,132.0,29.95,2246.0,2046.0,87074.0,95074.0,94734.0
2025-10-13,2025-10-14,1,Monday,09:30,15:25,25272.0,25250,25200,0.285,-0.295,0.205,0.414,9.77,53.25,108.7,161.95,56.25,53.3,109.55,52.4,3930.0,3730.0,158723.0,166723.0,166383.0
2025-10-13,2025-10-14,1,Monday,10:00,11:00,25281.2,25300,25200,0.321,-0.295,0.205,0.414,9.77,36.0,131.0,167.0,30.95,133.0,163.95,3.05,229.0,29.0,1223.0,9223.0,8883.0
2025-10-13,2025-10-14,1,Monday,10:00,12:00,25281.2,25300,25200,0.321,-0.295,0.205,0.414,9.77,36.0,131.0,167.0,30.8,127.4,158.2,8.8,660.0,460.0,19574.0,27574.0,27234.0
2025-10-13,2025-10-14,1,Monday,10:00,13:00,25281.2,25300,25200,0.321,-0.295,0.205,0.414,9.77,36.0,131.0,167.0,31.55,114.55,146.1,20.9,1568.0,1368.0,58191.0,66191.0,65851.0
2025-10-13,2025-10-14,1,Monday,10:00,15:25,25281.2,25300,25200,0.321,-0.295,0.205,0.414,9.77,36.0,131.0,167.0,34.8,82.2,117.0,50.0,3750.0,3550.0,151064.0,159064.0,158723.0
2025-10-13,2025-10-14,1,Monday,10:30,11:00,25290.9,25300,25200,0.359,-0.295,0.205,0.414,9.77,38.05,116.2,154.25,30.95,133.0,163.95,-9.7,-727.0,-927.0,-39468.0,-31468.0,-31809.0
2025-10-13,2025-10-14,1,Monday,10:30,12:00,25290.9,25300,25200,0.359,-0.295,0.205,0.414,9.77,38.05,116.2,154.25,30.8,127.4,158.2,-3.95,-296.0,-496.0,-21117.0,-13117.0,-13457.0
2025-10-13,2025-10-14,1,Monday,10:30,13:00,25290.9,25300,25200,0.359,-0.295,0.205,0.414,9.77,38.05,116.2,154.25,31.55,114.55,146.1,8.15,611.0,411.0,17500.0,25500.0,25160.0
2025-10-13,2025-10-14,1,Monday,10:30,15:25,25290.9,25300,25200,0.359,-0.295,0.205,0.414,9.77,38.05,116.2,154.25,34.8,82.2,117.0,37.25,2794.0,2594.0,110372.0,118372.0,118032.0
2025-10-17,2025-10-20,1,Friday,09:30,11:00,25661.9,25650,25600,0.241,-0.104,0.41,0.578,10.7,76.2,102.5,178.7,161.3,49.4,210.7,-32.0,-2400.0,-2600.0,-110638.0,-102638.0,-102979.0
2025-10-17,2025-10-20,1,Friday,09:30,12:00,25661.9,25650,25600,0.241,-0.104,0.41,0.578,10.7,76.2,102.5,178.7,177.65,47.95,225.6,-46.9,-3518.0,-3718.0,-158191.0,-150191.0,-150532.0
2025-10-17,2025-10-20,1,Friday,09:30,13:00,25661.9,25650,25600,0.241,-0.104,0.41,0.578,10.7,76.2,102.5,178.7,134.85,66.1,200.95,-22.25,-1669.0,-1869.0,-79521.0,-71521.0,-71862.0
2025-10-17,2025-10-20,1,Friday,09:30,15:25,25661.9,25650,25600,0.241,-0.104,0.41,0.578,10.7,76.2,102.5,178.7,131.75,50.05,181.8,-3.1,-233.0,-433.0,-18404.0,-10404.0,-10745.0
2025-10-17,2025-10-20,1,Friday,10:00,11:00,25668.0,25650,25600,0.265,-0.104,0.41,0.578,10.7,77.0,99.9,176.9,161.3,49.4,210.7,-33.8,-2535.0,-2735.0,-116383.0,-108383.0,-108723.0
2025-10-17,2025-10-20,1,Friday,10:00,12:00,25668.0,25650,25600,0.265,-0.104,0.41,0.578,10.7,77.0,99.9,176.9,177.65,47.95,225.6,-48.7,-3653.0,-3853.0,-163936.0,-155936.0,-156277.0
2025-10-17,2025-10-20,1,Friday,10:00,13:00,25668.0,25650,25600,0.265,-0.104,0.41,0.578,10.7,77.0,99.9,176.9,134.85,66.1,200.95,-24.05,-1804.0,-2004.0,-85266.0,-77266.0,-77606.0
2025-10-17,2025-10-20,1,Friday,10:00,15:25,25668.0,25650,25600,0.265,-0.104,0.41,0.578,10.7,77.0,99.9,176.9,131.75,50.05,181.8,-4.9,-368.0,-568.0,-24149.0,-16149.0,-16489.0
2025-10-17,2025-10-20,1,Friday,10:30,11:00,25733.0,25750,25600,0.517,-0.104,0.41,0.578,10.7,68.05,117.8,185.85,96.6,85.85,182.45,3.4,255.0,55.0,2340.0,10340.0,10000.0
2025-10-17,2025-10-20,1,Friday,10:30,12:00,25733.0,25750,25600,0.517,-0.104,0.41,0.578,10.7,68.05,117.8,185.85,110.65,80.5,191.15,-5.3,-398.0,-598.0,-25426.0,-17426.0,-17766.0
2025-10-17,2025-10-20,1,Friday,10:30,13:00,25733.0,25750,25600,0.517,-0.104,0.41,0.578,10.7,68.05,117.8,185.85,78.7,110.5,189.2,-3.35,-251.0,-451.0,-19202.0,-11202.0,-11543.0
2025-10-17,2025-10-20,1,Friday,10:30,15:25,25733.0,25750,25600,0.517,-0.104,0.41,0.578,10.7,68.05,117.8,185.85,69.7,87.25,156.95,28.9,2168.0,1968.0,83723.0,91723.0,91383.0
2025-10-27,2025-10-28,1,Monday,09:30,11:00,25954.1,25950,25900,0.208,0.336,0.531,0.671,12.57,80.0,76.8,156.8,136.4,53.8,190.2,-33.4,-2505.0,-2705.0,-115106.0,-107106.0,-107447.0
2025-10-27,2025-10-28,1,Monday,09:30,12:00,25954.1,25950,25900,0.208,0.336,0.531,0.671,12.57,80.0,76.8,156.8,149.95,43.4,193.35,-36.55,-2741.0,-2941.0,-125160.0,-117160.0,-117500.0
2025-10-27,2025-10-28,1,Monday,09:30,13:00,25954.1,25950,25900,0.208,0.336,0.531,0.671,12.57,80.0,76.8,156.8,122.55,52.55,175.1,-18.3,-1372.0,-1572.0,-66915.0,-58915.0,-59255.0
2025-10-27,2025-10-28,1,Monday,09:30,15:25,25954.1,25950,25900,0.208,0.336,0.531,0.671,12.57,80.0,76.8,156.8,108.45,43.2,151.65,5.15,386.0,186.0,7926.0,15926.0,15585.0
2025-10-27,2025-10-28,1,Monday,10:00,11:00,26008.3,26000,25900,0.416,0.336,0.531,0.671,12.57,87.15,84.2,171.35,103.7,71.6,175.3,-3.95,-296.0,-496.0,-21117.0,-13117.0,-13457.0
2025-10-27,2025-10-28,1,Monday,10:00,12:00,26008.3,26000,25900,0.416,0.336,0.531,0.671,12.57,87.15,84.2,171.35,114.8,58.0,172.8,-1.45,-109.0,-309.0,-13138.0,-5138.0,-5479.0
2025-10-27,2025-10-28,1,Monday,10:00,13:00,26008.3,26000,25900,0.416,0.336,0.531,0.671,12.57,87.15,84.2,171.35,90.2,70.6,160.8,10.55,791.0,591.0,25160.0,33160.0,32819.0
2025-10-27,2025-10-28,1,Monday,10:00,15:25,26008.3,26000,25900,0.416,0.336,0.531,0.671,12.57,87.15,84.2,171.35,76.6,60.6,137.2,34.15,2561.0,2361.0,100479.0,108479.0,108138.0
2025-10-27,2025-10-28,1,Monday,10:30,11:00,26031.9,26050,25900,0.507,0.336,0.531,0.671,12.57,77.3,94.5,171.8,75.75,94.1,169.85,1.95,146.0,-54.0,-2287.0,5713.0,5372.0
2025-10-27,2025-10-28,1,Monday,10:30,12:00,26031.9,26050,25900,0.507,0.336,0.531,0.671,12.57,77.3,94.5,171.8,84.3,77.6,161.9,9.9,743.0,543.0,23085.0,31085.0,30745.0
2025-10-27,2025-10-28,1,Monday,10:30,13:00,26031.9,26050,25900,0.507,0.336,0.531,0.671,12.57,77.3,94.5,171.8,63.9,94.05,157.95,13.85,1039.0,839.0,35691.0,43691.0,43351.0
2025-10-27,2025-10-28,1,Monday,10:30,15:25,26031.9,26050,25900,0.507,0.336,0.531,0.671,12.57,77.3,94.5,171.8,52.7,86.35,139.05,32.75,2456.0,2256.0,96011.0,104011.0,103670.0
2025-11-03,2025-11-04,1,Monday,09:30,11:00,25815.6,25800,26000,0.714,-0.066,0.012,0.456,13.64,51.9,151.35,203.25,78.0,89.55,167.55,35.7,2677.0,2477.0,105426.0,113426.0,113085.0
2025-11-03,2025-11-04,1,Monday,09:30,12:00,25815.6,25800,26000,0.714,-0.066,0.012,0.456,13.64,51.9,151.35,203.25,56.55,108.45,165.0,38.25,2869.0,2669.0,113564.0,121564.0,121223.0
2025-11-03,2025-11-04,1,Monday,09:30,13:00,25815.6,25800,26000,0.714,-0.066,0.012,0.456,13.64,51.9,151.35,203.25,65.9,87.45,153.35,49.9,3742.0,3542.0,150745.0,158745.0,158404.0
2025-11-03,2025-11-04,1,Monday,09:30,15:25,25815.6,25800,26000,0.714,-0.066,0.012,0.456,13.64,51.9,151.35,203.25,62.7,78.75,141.45,61.8,4635.0,4435.0,188723.0,196723.0,196383.0
2025-11-03,2025-11-04,1,Monday,10:00,11:00,25899.1,25900,26000,0.39,-0.066,0.012,0.456,13.64,45.5,165.0,210.5,40.95,152.1,193.05,17.45,1309.0,1109.0,47181.0,55181.0,54840.0
2025-11-03,2025-11-04,1,Monday,10:00,12:00,25899.1,25900,26000,0.39,-0.066,0.012,0.456,13.64,45.5,165.0,210.5,29.0,180.15,209.15,1.35,101.0,-99.0,-4202.0,3798.0,3457.0
2025-11-03,2025-11-04,1,Monday,10:00,13:00,25899.1,25900,26000,0.39,-0.066,0.012,0.456,13.64,45.5,165.0,210.5,32.9,154.65,187.55,22.95,1721.0,1521.0,64734.0,72734.0,72394.0
2025-11-03,2025-11-04,1,Monday,10:00,15:25,25899.1,25900,26000,0.39,-0.066,0.012,0.456,13.64,45.5,165.0,210.5,29.85,146.0,175.85,34.65,2599.0,2399.0,102074.0,110074.0,109734.0
2025-11-03,2025-11-04,1,Monday,10:30,11:00,25884.9,25900,26000,0.445,-0.066,0.012,0.456,13.64,36.25,172.4,208.65,40.95,152.1,193.05,15.6,1170.0,970.0,41277.0,49277.0,48936.0
2025-11-03,2025-11-04,1,Monday,10:30,12:00,25884.9,25900,26000,0.445,-0.066,0.012,0.456,13.64,36.25,172.4,208.65,29.0,180.15,209.15,-0.5,-38.0,-238.0,-10106.0,-2106.0,-2447.0
2025-11-03,2025-11-04,1,Monday,10:30,13:00,25884.9,25900,26000,0.445,-0.066,0.012,0.456,13.64,36.25,172.4,208.65,32.9,154.65,187.55,21.1,1582.0,1382.0,58830.0,66830.0,66489.0
2025-11-03,2025-11-04,1,Monday,10:30,15:25,25884.9,25900,26000,0.445,-0.066,0.012,0.456,13.64,36.25,172.4,208.65,29.85,146.0,175.85,32.8,2460.0,2260.0,96170.0,104170.0,103830.0
2025-11-10,2025-11-11,1,Monday,09:30,11:00,25647.0,25650,25600,0.183,0.332,0.058,0.374,13.69,44.8,120.25,165.05,58.7,78.05,136.75,28.3,2123.0,1923.0,81809.0,89809.0,89468.0
2025-11-10,2025-11-11,1,Monday,09:30,12:00,25647.0,25650,25600,0.183,0.332,0.058,0.374,13.69,44.8,120.25,165.05,57.35,74.45,131.8,33.25,2494.0,2294.0,97606.0,105606.0,105266.0
2025-11-10,2025-11-11,1,Monday,09:30,13:00,25647.0,25650,25600,0.183,0.332,0.058,0.374,13.69,44.8,120.25,165.05,66.0,62.35,128.35,36.7,2753.0,2553.0,108617.0,116617.0,116277.0
2025-11-10,2025-11-11,1,Monday,09:30,15:25,25647.0,25650,25600,0.183,0.332,0.058,0.374,13.69,44.8,120.25,165.05,43.8,77.6,121.4,43.65,3274.0,3074.0,130798.0,138798.0,138457.0
2025-11-10,2025-11-11,1,Monday,10:00,11:00,25662.1,25650,25600,0.242,0.332,0.058,0.374,13.69,43.5,110.25,153.75,58.7,78.05,136.75,17.0,1275.0,1075.0,45745.0,53745.0,53404.0
2025-11-10,2025-11-11,1,Monday,10:00,12:00,25662.1,25650,25600,0.242,0.332,0.058,0.374,13.69,43.5,110.25,153.75,57.35,74.45,131.8,21.95,1646.0,1446.0,61543.0,69543.0,69202.0
2025-11-10,2025-11-11,1,Monday,10:00,13:00,25662.1,25650,25600,0.242,0.332,0.058,0.374,13.69,43.5,110.25,153.75,66.0,62.35,128.35,25.4,1905.0,1705.0,72553.0,80553.0,80213.0
2025-11-10,2025-11-11,1,Monday,10:00,15:25,25662.1,25650,25600,0.242,0.332,0.058,0.374,13.69,43.5,110.25,153.75,43.8,77.6,121.4,32.35,2426.0,2226.0,94734.0,102734.0,102394.0
2025-11-10,2025-11-11,1,Monday,10:30,11:00,25698.4,25700,25600,0.383,0.332,0.058,0.374,13.69,36.9,113.7,150.6,38.25,107.65,145.9,4.7,352.0,152.0,6489.0,14489.0,14149.0
2025-11-10,2025-11-11,1,Monday,10:30,12:00,25698.4,25700,25600,0.383,0.332,0.058,0.374,13.69,36.9,113.7,150.6,36.85,104.4,141.25,9.35,701.0,501.0,21330.0,29330.0,28989.0
2025-11-10,2025-11-11,1,Monday,10:30,13:00,25698.4,25700,25600,0.383,0.332,0.058,0.374,13.69,36.9,113.7,150.6,43.0,89.45,132.45,18.15,1361.0,1161.0,49415.0,57415.0,57074.0
2025-11-10,2025-11-11,1,Monday,10:30,15:25,25698.4,25700,25600,0.383,0.332,0.058,0.374,13.69,36.9,113.7,150.6,26.3,110.0,136.3,14.3,1072.0,872.0,37128.0,45128.0,44787.0
2025-11-17,2025-11-18,1,Monday,09:30,11:00,26049.0,26050,26000,0.188,0.132,0.0,0.305,12.83,61.45,107.55,169.0,43.2,122.3,165.5,3.5,262.0,62.0,2660.0,10660.0,10319.0
2025-11-17,2025-11-18,1,Monday,09:30,12:00,26049.0,26050,26000,0.188,0.132,0.0,0.305,12.83,61.45,107.55,169.0,50.25,100.0,150.25,18.75,1406.0,1206.0,51330.0,59330.0,58989.0
2025-11-17,2025-11-18,1,Monday,09:30,13:00,26049.0,26050,26000,0.188,0.132,0.0,0.305,12.83,61.45,107.55,169.0,53.65,90.3,143.95,25.05,1879.0,1679.0,71436.0,79436.0,79096.0
2025-11-17,2025-11-18,1,Monday,09:30,15:25,26049.0,26050,26000,0.188,0.132,0.0,0.305,12.83,61.45,107.55,169.0,48.7,85.2,133.9,35.1,2632.0,2432.0,103511.0,111511.0,111170.0
2025-11-17,2025-11-18,1,Monday,10:00,11:00,26037.0,26050,26000,0.142,0.132,0.0,0.305,12.83,53.85,110.7,164.55,43.2,122.3,165.5,-0.95,-71.0,-271.0,-11543.0,-3543.0,-3883.0
2025-11-17,2025-11-18,1,Monday,10:00,12:00,26037.0,26050,26000,0.142,0.132,0.0,0.305,12.83,53.85,110.7,164.55,50.25,100.0,150.25,14.3,1073.0,873.0,37128.0,45128.0,44787.0
2025-11-17,2025-11-18,1,Monday,10:00,13:00,26037.0,26050,26000,0.142,0.132,0.0,0.305,12.83,53.85,110.7,164.55,53.65,90.3,143.95,20.6,1545.0,1345.0,57234.0,65234.0,64894.0
2025-11-17,2025-11-18,1,Monday,10:00,15:25,26037.0,26050,26000,0.142,0.132,0.0,0.305,12.83,53.85,110.7,164.55,48.7,85.2,133.9,30.65,2299.0,2099.0,89309.0,97309.0,96968.0
2025-11-17,2025-11-18,1,Monday,10:30,11:00,26007.5,26000,26000,0.029,0.132,0.0,0.305,12.83,62.95,97.5,160.45,63.25,92.3,155.55,4.9,367.0,167.0,7128.0,15128.0,14787.0
2025-11-17,2025-11-18,1,Monday,10:30,12:00,26007.5,26000,26000,0.029,0.132,0.0,0.305,12.83,62.95,97.5,160.45,73.1,73.05,146.15,14.3,1073.0,873.0,37128.0,45128.0,44787.0
2025-11-17,2025-11-18,1,Monday,10:30,13:00,26007.5,26000,26000,0.029,0.132,0.0,0.305,12.83,62.95,97.5,160.45,78.65,65.05,143.7,16.75,1256.0,1056.0,44947.0,52947.0,52606.0
2025-11-17,2025-11-18,1,Monday,10:30,15:25,26007.5,26000,26000,0.029,0.132,0.0,0.305,12.83,62.95,97.5,160.45,72.35,59.0,131.35,29.1,2182.0,1982.0,84362.0,92362.0,92021.0
2025-11-24,2025-11-25,1,Monday,09:30,11:00,26142.0,26150,26100,0.161,0.142,0.136,0.264,11.4,76.05,82.15,158.2,66.1,81.7,147.8,10.4,780.0,580.0,24681.0,32681.0,32340.0
2025-11-24,2025-11-25,1,Monday,09:30,12:00,26142.0,26150,26100,0.161,0.142,0.136,0.264,11.4,76.05,82.15,158.2,52.3,99.65,151.95,6.25,469.0,269.0,11436.0,19436.0,19096.0
2025-11-24,2025-11-25,1,Monday,09:30,13:00,26142.0,26150,26100,0.161,0.142,0.136,0.264,11.4,76.05,82.15,158.2,51.0,94.05,145.05,13.15,986.0,786.0,33457.0,41457.0,41117.0
2025-11-24,2025-11-25,1,Monday,09:30,15:25,26142.0,26150,26100,0.161,0.142,0.136,0.264,11.4,76.05,82.15,158.2,17.05,186.0,203.05,-44.85,-3364.0,-3564.0,-151649.0,-143649.0,-143989.0
2025-11-24,2025-11-25,1,Monday,10:00,11:00,26117.2,26100,26100,0.066,0.142,0.136,0.264,11.4,90.25,70.2,160.45,93.3,58.7,152.0,8.45,634.0,434.0,18457.0,26457.0,26117.0
2025-11-24,2025-11-25,1,Monday,10:00,12:00,26117.2,26100,26100,0.066,0.142,0.136,0.264,11.4,90.25,70.2,160.45,76.1,72.6,148.7,11.75,881.0,681.0,28989.0,36989.0,36649.0
2025-11-24,2025-11-25,1,Monday,10:00,13:00,26117.2,26100,26100,0.066,0.142,0.136,0.264,11.4,90.25,70.2,160.45,74.65,67.7,142.35,18.1,1357.0,1157.0,49255.0,57255.0,56915.0
2025-11-24,2025-11-25,1,Monday,10:00,15:25,26117.2,26100,26100,0.066,0.142,0.136,0.264,11.4,90.25,70.2,160.45,26.3,144.6,170.9,-10.45,-784.0,-984.0,-41862.0,-33862.0,-34202.0
2025-11-24,2025-11-25,1,Monday,10:30,11:00,26141.6,26150,26100,0.159,0.142,0.136,0.264,11.4,73.5,77.6,151.1,66.1,81.7,147.8,3.3,247.0,47.0,2021.0,10021.0,9681.0
2025-11-24,2025-11-25,1,Monday,10:30,12:00,26141.6,26150,26100,0.159,0.142,0.136,0.264,11.4,73.5,77.6,151.1,52.3,99.65,151.95,-0.85,-64.0,-264.0,-11223.0,-3223.0,-3564.0
2025-11-24,2025-11-25,1,Monday,10:30,13:00,26141.6,26150,26100,0.159,0.142,0.136,0.264,11.4,73.5,77.6,151.1,51.0,94.05,145.05,6.05,454.0,254.0,10798.0,18798.0,18457.0
2025-11-24,2025-11-25,1,Monday,10:30,15:25,26141.6,26150,26100,0.159,0.142,0.136,0.264,11.4,73.5,77.6,151.1,17.05,186.0,203.05,-51.95,-3896.0,-4096.0,-174309.0,-166309.0,-166649.0
2025-12-01,2025-12-02,1,Monday,09:30,11:00,26466.0,26450,26300,0.627,0.224,0.005,0.242,10.33,23.65,160.25,183.9,11.75,199.85,211.6,-27.7,-2077.0,-2277.0,-96915.0,-88915.0,-89255.0
2025-12-01,2025-12-02,1,Monday,09:30,12:00,26466.0,26450,26300,0.627,0.224,0.005,0.242,10.33,23.65,160.25,183.9,8.9,235.0,243.9,-60.0,-4500.0,-4700.0,-200000.0,-192000.0,-192340.0
2025-12-01,2025-12-02,1,Monday,09:30,13:00,26466.0,26450,26300,0.627,0.224,0.005,0.242,10.33,23.65,160.25,183.9,7.1,265.1,272.2,-88.3,-6623.0,-6823.0,-290319.0,-282319.0,-282660.0
2025-12-01,2025-12-02,1,Monday,09:30,15:25,26466.0,26450,26300,0.627,0.224,0.005,0.242,10.33,23.65,160.25,183.9,5.0,264.95,269.95,-86.05,-6454.0,-6654.0,-283138.0,-275138.0,-275479.0
2025-12-01,2025-12-02,1,Monday,10:00,11:00,26442.8,26450,26300,0.54,0.224,0.005,0.242,10.33,17.85,176.85,194.7,11.75,199.85,211.6,-16.9,-1268.0,-1468.0,-62447.0,-54447.0,-54787.0
2025-12-01,2025-12-02,1,Monday,10:00,12:00,26442.8,26450,26300,0.54,0.224,0.005,0.242,10.33,17.85,176.85,194.7,8.9,235.0,243.9,-49.2,-3690.0,-3890.0,-165532.0,-157532.0,-157872.0
2025-12-01,2025-12-02,1,Monday,10:00,13:00,26442.8,26450,26300,0.54,0.224,0.005,0.242,10.33,17.85,176.85,194.7,7.1,265.1,272.2,-77.5,-5813.0,-6013.0,-255851.0,-247851.0,-248191.0
2025-12-01,2025-12-02,1,Monday,10:00,15:25,26442.8,26450,26300,0.54,0.224,0.005,0.242,10.33,17.85,176.85,194.7,5.0,264.95,269.95,-75.25,-5644.0,-5844.0,-248670.0,-240670.0,-241011.0
2025-12-01,2025-12-02,1,Monday,10:30,11:00,26454.0,26450,26300,0.582,0.224,0.005,0.242,10.33,17.9,166.95,184.85,11.75,199.85,211.6,-26.75,-2006.0,-2206.0,-93883.0,-85883.0,-86223.0
2025-12-01,2025-12-02,1,Monday,10:30,12:00,26454.0,26450,26300,0.582,0.224,0.005,0.242,10.33,17.9,166.95,184.85,8.9,235.0,243.9,-59.05,-4429.0,-4629.0,-196968.0,-188968.0,-189309.0
2025-12-01,2025-12-02,1,Monday,10:30,13:00,26454.0,26450,26300,0.582,0.224,0.005,0.242,10.33,17.9,166.95,184.85,7.1,265.1,272.2,-87.35,-6551.0,-6751.0,-287287.0,-279287.0,-279628.0
2025-12-01,2025-12-02,1,Monday,10:30,15:25,26454.0,26450,26300,0.582,0.224,0.005,0.242,10.33,17.9,166.95,184.85,5.0,264.95,269.95,-85.1,-6382.0,-6582.0,-280106.0,-272106.0,-272447.0
2025-12-08,2025-12-09,1,Monday,09:30,11:00,26279.9,26300,26200,0.304,-0.038,0.3,0.387,10.12,21.25,159.6,180.85,9.95,214.45,224.4,-43.55,-3266.0,-3466.0,-147500.0,-139500.0,-139840.0
2025-12-08,2025-12-09,1,Monday,09:30,12:00,26279.9,26300,26200,0.304,-0.038,0.3,0.387,10.12,21.25,159.6,180.85,9.2,215.3,224.5,-43.65,-3274.0,-3474.0,-147819.0,-139819.0,-140160.0
2025-12-08,2025-12-09,1,Monday,09:30,13:00,26279.9,26300,26200,0.304,-0.038,0.3,0.387,10.12,21.25,159.6,180.85,6.85,247.85,254.7,-73.85,-5539.0,-5739.0,-244202.0,-236202.0,-236543.0
2025-12-08,2025-12-09,1,Monday,09:30,15:25,26279.9,26300,26200,0.304,-0.038,0.3,0.387,10.12,21.25,159.6,180.85,4.5,358.25,362.75,-181.9,-13642.0,-13842.0,-589043.0,-581043.0,-581383.0
2025-12-08,2025-12-09,1,Monday,10:00,11:00,26230.4,26250,26200,0.116,-0.038,0.3,0.387,10.12,21.75,159.1,180.85,16.8,171.25,188.05,-7.2,-540.0,-740.0,-31489.0,-23489.0,-23830.0
2025-12-08,2025-12-09,1,Monday,10:00,12:00,26230.4,26250,26200,0.116,-0.038,0.3,0.387,10.12,21.75,159.1,180.85,15.55,171.55,187.1,-6.25,-469.0,-669.0,-28457.0,-20457.0,-20798.0
2025-12-08,2025-12-09,1,Monday,10:00,13:00,26230.4,26250,26200,0.116,-0.038,0.3,0.387,10.12,21.75,159.1,180.85,11.45,201.85,213.3,-32.45,-2434.0,-2634.0,-112074.0,-104074.0,-104415.0
2025-12-08,2025-12-09,1,Monday,10:00,15:25,26230.4,26250,26200,0.116,-0.038,0.3,0.387,10.12,21.75,159.1,180.85,5.5,308.75,314.25,-133.4,-10005.0,-10205.0,-434255.0,-426255.0,-426596.0
2025-12-08,2025-12-09,1,Monday,10:30,11:00,26242.0,26250,26200,0.16,-0.038,0.3,0.387,10.12,21.7,152.35,174.05,16.8,171.25,188.05,-14.0,-1050.0,-1250.0,-53191.0,-45191.0,-45532.0
2025-12-08,2025-12-09,1,Monday,10:30,12:00,26242.0,26250,26200,0.16,-0.038,0.3,0.387,10.12,21.7,152.35,174.05,15.55,171.55,187.1,-13.05,-979.0,-1179.0,-50160.0,-42160.0,-42500.0
2025-12-08,2025-12-09,1,Monday,10:30,13:00,26242.0,26250,26200,0.16,-0.038,0.3,0.387,10.12,21.7,152.35,174.05,11.45,201.85,213.3,-39.25,-2944.0,-3144.0,-133777.0,-125777.0,-126117.0
2025-12-08,2025-12-09,1,Monday,10:30,15:25,26242.0,26250,26200,0.16,-0.038,0.3,0.387,10.12,21.7,152.35,174.05,5.5,308.75,314.25,-140.2,-10515.0,-10715.0,-455957.0,-447957.0,-448298.0
2025-12-15,2025-12-16,1,Monday,09:30,11:00,26003.5,26000,26000,0.013,-0.298,0.059,0.352,11.21,46.2,118.3,164.5,60.85,78.15,139.0,25.5,1912.0,1712.0,72872.0,80872.0,80532.0
2025-12-15,2025-12-16,1,Monday,09:30,12:00,26003.5,26000,26000,0.013,-0.298,0.059,0.352,11.21,46.2,118.3,164.5,80.15,56.95,137.1,27.4,2055.0,1855.0,78936.0,86936.0,86596.0
2025-12-15,2025-12-16,1,Monday,09:30,13:00,26003.5,26000,26000,0.013,-0.298,0.059,0.352,11.21,46.2,118.3,164.5,75.9,54.95,130.85,33.65,2524.0,2324.0,98883.0,106883.0,106543.0
2025-12-15,2025-12-16,1,Monday,09:30,15:25,26003.5,26000,26000,0.013,-0.298,0.059,0.352,11.21,46.2,118.3,164.5,70.7,46.85,117.55,46.95,3521.0,3321.0,141330.0,149330.0,148989.0
2025-12-15,2025-12-16,1,Monday,10:00,11:00,26035.0,26050,26000,0.134,-0.298,0.059,0.352,11.21,32.55,129.15,161.7,39.7,107.85,147.55,14.15,1061.0,861.0,36649.0,44649.0,44309.0
2025-12-15,2025-12-16,1,Monday,10:00,12:00,26035.0,26050,26000,0.134,-0.298,0.059,0.352,11.21,32.55,129.15,161.7,54.75,81.9,136.65,25.05,1879.0,1679.0,71436.0,79436.0,79096.0
2025-12-15,2025-12-16,1,Monday,10:00,13:00,26035.0,26050,26000,0.134,-0.298,0.059,0.352,11.21,32.55,129.15,161.7,51.1,79.75,130.85,30.85,2314.0,2114.0,89947.0,97947.0,97606.0
2025-12-15,2025-12-16,1,Monday,10:00,15:25,26035.0,26050,26000,0.134,-0.298,0.059,0.352,11.21,32.55,129.15,161.7,45.7,71.25,116.95,44.75,3356.0,3156.0,134309.0,142309.0,141968.0
2025-12-15,2025-12-16,1,Monday,10:30,11:00,26060.0,26050,26000,0.23,-0.298,0.059,0.352,11.21,38.2,112.35,150.55,39.7,107.85,147.55,3.0,225.0,25.0,1064.0,9064.0,8723.0
2025-12-15,2025-12-16,1,Monday,10:30,12:00,26060.0,26050,26000,0.23,-0.298,0.059,0.352,11.21,38.2,112.35,150.55,54.75,81.9,136.65,13.9,1043.0,843.0,35851.0,43851.0,43511.0
2025-12-15,2025-12-16,1,Monday,10:30,13:00,26060.0,26050,26000,0.23,-0.298,0.059,0.352,11.21,38.2,112.35,150.55,51.1,79.75,130.85,19.7,1478.0,1278.0,54362.0,62362.0,62021.0
2025-12-15,2025-12-16,1,Monday,10:30,15:25,26060.0,26050,26000,0.23,-0.298,0.059,0.352,11.21,38.2,112.35,150.55,45.7,71.25,116.95,33.6,2520.0,2320.0,98723.0,106723.0,106383.0
2025-12-22,2025-12-23,1,Monday,09:30,11:00,26182.2,26200,26000,0.696,0.434,0.119,0.241,10.2,35.1,106.55,141.65,34.95,94.9,129.85,11.8,885.0,685.0,29149.0,37149.0,36809.0
2025-12-22,2025-12-23,1,Monday,09:30,12:00,26182.2,26200,26000,0.696,0.434,0.119,0.241,10.2,35.1,106.55,141.65,31.6,92.6,124.2,17.45,1309.0,1109.0,47181.0,55181.0,54840.0
2025-12-22,2025-12-23,1,Monday,09:30,13:00,26182.2,26200,26000,0.696,0.434,0.119,0.241,10.2,35.1,106.55,141.65,29.45,92.4,121.85,19.8,1485.0,1285.0,54681.0,62681.0,62340.0
2025-12-22,2025-12-23,1,Monday,09:30,15:25,26182.2,26200,26000,0.696,0.434,0.119,0.241,10.2,35.1,106.55,141.65,32.45,81.55,114.0,27.65,2074.0,1874.0,79734.0,87734.0,87394.0
2025-12-22,2025-12-23,1,Monday,10:00,11:00,26192.9,26200,26000,0.736,0.434,0.119,0.241,10.2,37.5,96.9,134.4,34.95,94.9,129.85,4.55,341.0,141.0,6011.0,14011.0,13670.0
2025-12-22,2025-12-23,1,Monday,10:00,12:00,26192.9,26200,26000,0.736,0.434,0.119,0.241,10.2,37.5,96.9,134.4,31.6,92.6,124.2,10.2,765.0,565.0,24043.0,32043.0,31702.0
2025-12-22,2025-12-23,1,Monday,10:00,13:00,26192.9,26200,26000,0.736,0.434,0.119,0.241,10.2,37.5,96.9,134.4,29.45,92.4,121.85,12.55,941.0,741.0,31543.0,39543.0,39202.0
2025-12-22,2025-12-23,1,Monday,10:00,15:25,26192.9,26200,26000,0.736,0.434,0.119,0.241,10.2,37.5,96.9,134.4,32.45,81.55,114.0,20.4,1530.0,1330.0,56596.0,64596.0,64255.0
2025-12-22,2025-12-23,1,Monday,10:30,11:00,26180.0,26200,26000,0.688,0.434,0.119,0.241,10.2,31.25,104.6,135.85,34.95,94.9,129.85,6.0,450.0,250.0,10638.0,18638.0,18298.0
2025-12-22,2025-12-23,1,Monday,10:30,12:00,26180.0,26200,26000,0.688,0.434,0.119,0.241,10.2,31.25,104.6,135.85,31.6,92.6,124.2,11.65,874.0,674.0,28670.0,36670.0,36330.0
2025-12-22,2025-12-23,1,Monday,10:30,13:00,26180.0,26200,26000,0.688,0.434,0.119,0.241,10.2,31.25,104.6,135.85,29.45,92.4,121.85,14.0,1050.0,850.0,36170.0,44170.0,43830.0
2025-12-22,2025-12-23,1,Monday,10:30,15:25,26180.0,26200,26000,0.688,0.434,0.119,0.241,10.2,31.25,104.6,135.85,32.45,81.55,114.0,21.85,1639.0,1439.0,61223.0,69223.0,68883.0
2025-12-29,2025-12-30,1,Monday,09:30,11:00,26072.7,26050,26000,0.279,0.084,0.168,0.274,7.56,67.15,42.65,109.8,35.0,69.75,104.75,5.05,379.0,179.0,7606.0,15606.0,15266.0
2025-12-29,2025-12-30,1,Monday,09:30,12:00,26072.7,26050,26000,0.279,0.084,0.168,0.274,7.56,67.15,42.65,109.8,28.6,85.7,114.3,-4.5,-338.0,-538.0,-22872.0,-14872.0,-15213.0
2025-12-29,2025-12-30,1,Monday,09:30,13:00,26072.7,26050,26000,0.279,0.084,0.168,0.274,7.56,67.15,42.65,109.8,22.55,93.45,116.0,-6.2,-465.0,-665.0,-28298.0,-20298.0,-20638.0
2025-12-29,2025-12-30,1,Monday,09:30,15:25,26072.7,26050,26000,0.279,0.084,0.168,0.274,7.56,67.15,42.65,109.8,19.95,107.15,127.1,-17.3,-1297.0,-1497.0,-63723.0,-55723.0,-56064.0
2025-12-29,2025-12-30,1,Monday,10:00,11:00,26039.7,26050,26000,0.152,0.084,0.168,0.274,7.56,46.1,57.35,103.45,35.0,69.75,104.75,-1.3,-97.0,-297.0,-12660.0,-4660.0,-5000.0
2025-12-29,2025-12-30,1,Monday,10:00,12:00,26039.7,26050,26000,0.152,0.084,0.168,0.274,7.56,46.1,57.35,103.45,28.6,85.7,114.3,-10.85,-814.0,-1014.0,-43138.0,-35138.0,-35479.0
2025-12-29,2025-12-30,1,Monday,10:00,13:00,26039.7,26050,26000,0.152,0.084,0.168,0.274,7.56,46.1,57.35,103.45,22.55,93.45,116.0,-12.55,-941.0,-1141.0,-48564.0,-40564.0,-40904.0
2025-12-29,2025-12-30,1,Monday,10:00,15:25,26039.7,26050,26000,0.152,0.084,0.168,0.274,7.56,46.1,57.35,103.45,19.95,107.15,127.1,-23.65,-1774.0,-1974.0,-83989.0,-75989.0,-76330.0
2025-12-29,2025-12-30,1,Monday,10:30,11:00,26035.0,26050,26000,0.134,0.084,0.168,0.274,7.56,42.15,57.85,100.0,35.0,69.75,104.75,-4.75,-356.0,-556.0,-23670.0,-15670.0,-16011.0
2025-12-29,2025-12-30,1,Monday,10:30,12:00,26035.0,26050,26000,0.134,0.084,0.168,0.274,7.56,42.15,57.85,100.0,28.6,85.7,114.3,-14.3,-1073.0,-1273.0,-54149.0,-46149.0,-46489.0
2025-12-29,2025-12-30,1,Monday,10:30,13:00,26035.0,26050,26000,0.134,0.084,0.168,0.274,7.56,42.15,57.85,100.0,22.55,93.45,116.0,-16.0,-1200.0,-1400.0,-59574.0,-51574.0,-51915.0
2025-12-29,2025-12-30,1,Monday,10:30,15:25,26035.0,26050,26000,0.134,0.084,0.168,0.274,7.56,42.15,57.85,100.0,19.95,107.15,127.1,-27.1,-2033.0,-2233.0,-95000.0,-87000.0,-87340.0
2026-01-05,2026-01-06,1,Monday,09:30,11:00,26415.3,26400,26300,0.436,0.082,0.049,0.451,9.27,21.95,124.35,146.3,35.85,82.1,117.95,28.35,2126.0,1926.0,81968.0,89968.0,89628.0
2026-01-05,2026-01-06,1,Monday,09:30,12:00,26415.3,26400,26300,0.436,0.082,0.049,0.451,9.27,21.95,124.35,146.3,26.8,96.25,123.05,23.25,1744.0,1544.0,65691.0,73691.0,73351.0
2026-01-05,2026-01-06,1,Monday,09:30,13:00,26415.3,26400,26300,0.436,0.082,0.049,0.451,9.27,21.95,124.35,146.3,24.05,94.15,118.2,28.1,2107.0,1907.0,81170.0,89170.0,88830.0
2026-01-05,2026-01-06,1,Monday,09:30,15:25,26415.3,26400,26300,0.436,0.082,0.049,0.451,9.27,21.95,124.35,146.3,6.15,186.9,193.05,-46.75,-3506.0,-3706.0,-157713.0,-149713.0,-150053.0
2026-01-05,2026-01-06,1,Monday,10:00,11:00,26450.0,26450,26300,0.567,0.082,0.049,0.451,9.27,15.65,143.65,159.3,20.95,117.1,138.05,21.25,1594.0,1394.0,59309.0,67309.0,66968.0
2026-01-05,2026-01-06,1,Monday,10:00,12:00,26450.0,26450,26300,0.567,0.082,0.049,0.451,9.27,15.65,143.65,159.3,15.05,134.75,149.8,9.5,712.0,512.0,21809.0,29809.0,29468.0
2026-01-05,2026-01-06,1,Monday,10:00,13:00,26450.0,26450,26300,0.567,0.082,0.049,0.451,9.27,15.65,143.65,159.3,13.3,133.2,146.5,12.8,960.0,760.0,32340.0,40340.0,40000.0
2026-01-05,2026-01-06,1,Monday,10:00,15:25,26450.0,26450,26300,0.567,0.082,0.049,0.451,9.27,15.65,143.65,159.3,3.8,234.6,238.4,-79.1,-5932.0,-6132.0,-260957.0,-252957.0,-253298.0
2026-01-05,2026-01-06,1,Monday,10:30,11:00,26485.2,26500,26300,0.699,0.082,0.049,0.451,9.27,13.4,154.55,167.95,11.9,158.2,170.1,-2.15,-161.0,-361.0,-15372.0,-7372.0,-7713.0
2026-01-05,2026-01-06,1,Monday,10:30,12:00,26485.2,26500,26300,0.699,0.082,0.049,0.451,9.27,13.4,154.55,167.95,8.5,178.1,186.6,-18.65,-1399.0,-1599.0,-68032.0,-60032.0,-60372.0
2026-01-05,2026-01-06,1,Monday,10:30,13:00,26485.2,26500,26300,0.699,0.082,0.049,0.451,9.27,13.4,154.55,167.95,7.5,177.35,184.85,-16.9,-1267.0,-1467.0,-62447.0,-54447.0,-54787.0
2026-01-05,2026-01-06,1,Monday,10:30,15:25,26485.2,26500,26300,0.699,0.082,0.049,0.451,9.27,13.4,154.55,167.95,2.85,283.5,286.35,-118.4,-8880.0,-9080.0,-386383.0,-378383.0,-378723.0
2026-01-12,2026-01-13,1,Monday,09:30,11:00,25672.5,25650,25700,0.107,-0.732,0.329,0.593,8.78,58.65,110.45,169.1,37.25,126.1,163.35,5.75,431.0,231.0,9840.0,17840.0,17500.0
2026-01-12,2026-01-13,1,Monday,09:30,12:00,25672.5,25650,25700,0.107,-0.732,0.329,0.593,8.78,58.65,110.45,169.1,25.55,164.1,189.65,-20.55,-1541.0,-1741.0,-74096.0,-66096.0,-66436.0
2026-01-12,2026-01-13,1,Monday,09:30,13:00,25672.5,25650,25700,0.107,-0.732,0.329,0.593,8.78,58.65,110.45,169.1,128.5,54.5,183.0,-13.9,-1043.0,-1243.0,-52872.0,-44872.0,-45213.0
2026-01-12,2026-01-13,1,Monday,09:30,15:25,25672.5,25650,25700,0.107,-0.732,0.329,0.593,8.78,58.65,110.45,169.1,182.25,18.35,200.6,-31.5,-2362.0,-2562.0,-109043.0,-101043.0,-101383.0
2026-01-12,2026-01-13,1,Monday,10:00,11:00,25670.0,25650,25700,0.117,-0.732,0.329,0.593,8.78,51.6,115.3,166.9,37.25,126.1,163.35,3.55,266.0,66.0,2819.0,10819.0,10479.0
2026-01-12,2026-01-13,1,Monday,10:00,12:00,25670.0,25650,25700,0.117,-0.732,0.329,0.593,8.78,51.6,115.3,166.9,25.55,164.1,189.65,-22.75,-1706.0,-1906.0,-81117.0,-73117.0,-73457.0
2026-01-12,2026-01-13,1,Monday,10:00,13:00,25670.0,25650,25700,0.117,-0.732,0.329,0.593,8.78,51.6,115.3,166.9,128.5,54.5,183.0,-16.1,-1207.0,-1407.0,-59894.0,-51894.0,-52234.0
2026-01-12,2026-01-13,1,Monday,10:00,15:25,25670.0,25650,25700,0.117,-0.732,0.329,0.593,8.78,51.6,115.3,166.9,182.25,18.35,200.6,-33.7,-2527.0,-2727.0,-116064.0,-108064.0,-108404.0
2026-01-12,2026-01-13,1,Monday,10:30,11:00,25688.8,25700,25700,0.044,-0.732,0.329,0.593,8.78,38.1,138.6,176.7,24.5,162.95,187.45,-10.75,-806.0,-1006.0,-42819.0,-34819.0,-35160.0
2026-01-12,2026-01-13,1,Monday,10:30,12:00,25688.8,25700,25700,0.044,-0.732,0.329,0.593,8.78,38.1,138.6,176.7,17.15,205.4,222.55,-45.85,-3439.0,-3639.0,-154840.0,-146840.0,-147181.0
2026-01-12,2026-01-13,1,Monday,10:30,13:00,25688.8,25700,25700,0.044,-0.732,0.329,0.593,8.78,38.1,138.6,176.7,97.3,74.0,171.3,5.4,405.0,205.0,8723.0,16723.0,16383.0
2026-01-12,2026-01-13,1,Monday,10:30,15:25,25688.8,25700,25700,0.044,-0.732,0.329,0.593,8.78,38.1,138.6,176.7,140.4,26.35,166.75,9.95,746.0,546.0,23245.0,31245.0,30904.0
2026-01-19,2026-01-20,1,Monday,09:30,11:00,25582.6,25600,25600,0.068,-0.479,0.32,0.546,9.16,61.65,114.65,176.3,59.3,107.45,166.75,9.55,716.0,516.0,21968.0,29968.0,29628.0
2026-01-19,2026-01-20,1,Monday,09:30,12:00,25582.6,25600,25600,0.068,-0.479,0.32,0.546,9.16,61.65,114.65,176.3,48.15,113.85,162.0,14.3,1073.0,873.0,37128.0,45128.0,44787.0
2026-01-19,2026-01-20,1,Monday,09:30,13:00,25582.6,25600,25600,0.068,-0.479,0.32,0.546,9.16,61.65,114.65,176.3,51.9,100.5,152.4,23.9,1793.0,1593.0,67766.0,75766.0,75426.0
2026-01-19,2026-01-20,1,Monday,09:30,15:25,25582.6,25600,25600,0.068,-0.479,0.32,0.546,9.16,61.65,114.65,176.3,39.55,94.55,134.1,42.2,3165.0,2965.0,126170.0,134170.0,133830.0
2026-01-19,2026-01-20,1,Monday,10:00,11:00,25559.9,25550,25600,0.157,-0.479,0.32,0.546,9.16,70.4,100.75,171.15,80.0,80.65,160.65,10.5,788.0,588.0,25000.0,33000.0,32660.0
2026-01-19,2026-01-20,1,Monday,10:00,12:00,25559.9,25550,25600,0.157,-0.479,0.32,0.546,9.16,70.4,100.75,171.15,68.1,84.4,152.5,18.65,1399.0,1199.0,51011.0,59011.0,58670.0
2026-01-19,2026-01-20,1,Monday,10:00,13:00,25559.9,25550,25600,0.157,-0.479,0.32,0.546,9.16,70.4,100.75,171.15,73.45,72.2,145.65,25.5,1912.0,1712.0,72872.0,80872.0,80532.0
2026-01-19,2026-01-20,1,Monday,10:00,15:25,25559.9,25550,25600,0.157,-0.479,0.32,0.546,9.16,70.4,100.75,171.15,60.35,66.05,126.4,44.75,3356.0,3156.0,134309.0,142309.0,141968.0
2026-01-19,2026-01-20,1,Monday,10:30,11:00,25552.4,25550,25600,0.186,-0.479,0.32,0.546,9.16,67.55,98.15,165.7,80.0,80.65,160.65,5.05,379.0,179.0,7606.0,15606.0,15266.0
2026-01-19,2026-01-20,1,Monday,10:30,12:00,25552.4,25550,25600,0.186,-0.479,0.32,0.546,9.16,67.55,98.15,165.7,68.1,84.4,152.5,13.2,990.0,790.0,33617.0,41617.0,41277.0
2026-01-19,2026-01-20,1,Monday,10:30,13:00,25552.4,25550,25600,0.186,-0.479,0.32,0.546,9.16,67.55,98.15,165.7,73.45,72.2,145.65,20.05,1504.0,1304.0,55479.0,63479.0,63138.0
2026-01-19,2026-01-20,1,Monday,10:30,15:25,25552.4,25550,25600,0.186,-0.479,0.32,0.546,9.16,67.55,98.15,165.7,60.35,66.05,126.4,39.3,2947.0,2747.0,116915.0,124915.0,124574.0
2026-02-02,2026-02-03,1,Monday,09:30,11:00,24944.5,24950,25500,2.227,-2.458,0.416,0.915,10.89,128.35,204.95,333.3,53.3,242.9,296.2,37.1,2782.0,2582.0,109894.0,117894.0,117553.0
2026-02-02,2026-02-03,1,Monday,09:30,12:00,24944.5,24950,25500,2.227,-2.458,0.416,0.915,10.89,128.35,204.95,333.3,87.5,162.65,250.15,83.15,6236.0,6036.0,256862.0,264862.0,264521.0
2026-02-02,2026-02-03,1,Monday,09:30,13:00,24944.5,24950,25500,2.227,-2.458,0.416,0.915,10.89,128.35,204.95,333.3,112.5,119.95,232.45,100.85,7564.0,7364.0,313351.0,321351.0,321011.0
2026-02-02,2026-02-03,1,Monday,09:30,15:25,24944.5,24950,25500,2.227,-2.458,0.416,0.915,10.89,128.35,204.95,333.3,165.2,46.55,211.75,121.55,9116.0,8916.0,379415.0,387415.0,387074.0
2026-02-02,2026-02-03,1,Monday,10:00,11:00,24902.0,24900,25500,2.401,-2.458,0.416,0.915,10.89,112.05,175.35,287.4,68.75,210.3,279.05,8.35,626.0,426.0,18138.0,26138.0,25798.0
2026-02-02,2026-02-03,1,Monday,10:00,12:00,24902.0,24900,25500,2.401,-2.458,0.416,0.915,10.89,112.05,175.35,287.4,110.7,135.65,246.35,41.05,3079.0,2879.0,122500.0,130500.0,130160.0
2026-02-02,2026-02-03,1,Monday,10:00,13:00,24902.0,24900,25500,2.401,-2.458,0.416,0.915,10.89,112.05,175.35,287.4,140.65,98.0,238.65,48.75,3656.0,3456.0,147074.0,155074.0,154734.0
2026-02-02,2026-02-03,1,Monday,10:00,15:25,24902.0,24900,25500,2.401,-2.458,0.416,0.915,10.89,112.05,175.35,287.4,202.55,34.45,237.0,50.4,3780.0,3580.0,152340.0,160340.0,160000.0
2026-02-02,2026-02-03,1,Monday,10:30,11:00,24911.7,24900,25500,2.362,-2.458,0.416,0.915,10.89,99.3,158.9,258.2,68.75,210.3,279.05,-20.85,-1564.0,-1764.0,-75053.0,-67053.0,-67394.0
2026-02-02,2026-02-03,1,Monday,10:30,12:00,24911.7,24900,25500,2.362,-2.458,0.416,0.915,10.89,99.3,158.9,258.2,110.7,135.65,246.35,11.85,889.0,689.0,29309.0,37309.0,36968.0
2026-02-02,2026-02-03,1,Monday,10:30,13:00,24911.7,24900,25500,2.362,-2.458,0.416,0.915,10.89,99.3,158.9,258.2,140.65,98.0,238.65,19.55,1466.0,1266.0,53883.0,61883.0,61543.0
2026-02-02,2026-02-03,1,Monday,10:30,15:25,24911.7,24900,25500,2.362,-2.458,0.416,0.915,10.89,99.3,158.9,258.2,202.55,34.45,237.0,21.2,1590.0,1390.0,59149.0,67149.0,66809.0
2026-02-09,2026-02-10,1,Monday,09:30,11:00,25894.0,25900,25800,0.363,0.134,0.132,0.257,14.89,57.15,117.45,174.6,68.75,91.15,159.9,14.7,1102.0,902.0,38404.0,46404.0,46064.0
2026-02-09,2026-02-10,1,Monday,09:30,12:00,25894.0,25900,25800,0.363,0.134,0.132,0.257,14.89,57.15,117.45,174.6,50.3,106.35,156.65,17.95,1346.0,1146.0,48777.0,56777.0,56436.0
2026-02-09,2026-02-10,1,Monday,09:30,13:00,25894.0,25900,25800,0.363,0.134,0.132,0.257,14.89,57.15,117.45,174.6,47.85,103.75,151.6,23.0,1725.0,1525.0,64894.0,72894.0,72553.0
2026-02-09,2026-02-10,1,Monday,09:30,15:25,25894.0,25900,25800,0.363,0.134,0.132,0.257,14.89,57.15,117.45,174.6,52.75,93.9,146.65,27.95,2096.0,1896.0,80691.0,88691.0,88351.0
2026-02-09,2026-02-10,1,Monday,10:00,11:00,25890.0,25900,25800,0.348,0.134,0.132,0.257,14.89,55.15,116.3,171.45,68.75,91.15,159.9,11.55,866.0,666.0,28351.0,36351.0,36011.0
2026-02-09,2026-02-10,1,Monday,10:00,12:00,25890.0,25900,25800,0.348,0.134,0.132,0.257,14.89,55.15,116.3,171.45,50.3,106.35,156.65,14.8,1110.0,910.0,38723.0,46723.0,46383.0
2026-02-09,2026-02-10,1,Monday,10:00,13:00,25890.0,25900,25800,0.348,0.134,0.132,0.257,14.89,55.15,116.3,171.45,47.85,103.75,151.6,19.85,1489.0,1289.0,54840.0,62840.0,62500.0
2026-02-09,2026-02-10,1,Monday,10:00,15:25,25890.0,25900,25800,0.348,0.134,0.132,0.257,14.89,55.15,116.3,171.45,52.75,93.9,146.65,24.8,1860.0,1660.0,70638.0,78638.0,78298.0
2026-02-09,2026-02-10,1,Monday,10:30,11:00,25885.0,25900,25800,0.328,0.134,0.132,0.257,14.89,49.65,118.0,167.65,68.75,91.15,159.9,7.75,581.0,381.0,16223.0,24223.0,23883.0
2026-02-09,2026-02-10,1,Monday,10:30,12:00,25885.0,25900,25800,0.328,0.134,0.132,0.257,14.89,49.65,118.0,167.65,50.3,106.35,156.65,11.0,825.0,625.0,26596.0,34596.0,34255.0
2026-02-09,2026-02-10,1,Monday,10:30,13:00,25885.0,25900,25800,0.328,0.134,0.132,0.257,14.89,49.65,118.0,167.65,47.85,103.75,151.6,16.05,1204.0,1004.0,42713.0,50713.0,50372.0
2026-02-09,2026-02-10,1,Monday,10:30,15:25,25885.0,25900,25800,0.328,0.134,0.132,0.257,14.89,49.65,118.0,167.65,52.75,93.9,146.65,21.0,1575.0,1375.0,58511.0,66511.0,66170.0
2026-02-16,2026-02-17,1,Monday,09:30,11:00,25526.0,25550,25500,0.102,-0.102,0.452,0.664,15.54,60.4,115.0,175.4,77.35,88.7,166.05,9.35,701.0,501.0,21330.0,29330.0,28989.0
2026-02-16,2026-02-17,1,Monday,09:30,12:00,25526.0,25550,25500,0.102,-0.102,0.452,0.664,15.54,60.4,115.0,175.4,71.45,85.7,157.15,18.25,1369.0,1169.0,49734.0,57734.0,57394.0
2026-02-16,2026-02-17,1,Monday,09:30,13:00,25526.0,25550,25500,0.102,-0.102,0.452,0.664,15.54,60.4,115.0,175.4,85.75,69.65,155.4,20.0,1500.0,1300.0,55319.0,63319.0,62979.0
2026-02-16,2026-02-17,1,Monday,09:30,15:25,25526.0,25550,25500,0.102,-0.102,0.452,0.664,15.54,60.4,115.0,175.4,180.25,34.35,214.6,-39.2,-2940.0,-3140.0,-133617.0,-125617.0,-125957.0
2026-02-16,2026-02-17,1,Monday,10:00,11:00,25530.0,25550,25500,0.118,-0.102,0.452,0.664,15.54,59.45,108.15,167.6,77.35,88.7,166.05,1.55,116.0,-84.0,-3564.0,4436.0,4096.0
2026-02-16,2026-02-17,1,Monday,10:00,12:00,25530.0,25550,25500,0.118,-0.102,0.452,0.664,15.54,59.45,108.15,167.6,71.45,85.7,157.15,10.45,784.0,584.0,24840.0,32840.0,32500.0
2026-02-16,2026-02-17,1,Monday,10:00,13:00,25530.0,25550,25500,0.118,-0.102,0.452,0.664,15.54,59.45,108.15,167.6,85.75,69.65,155.4,12.2,915.0,715.0,30426.0,38426.0,38085.0
2026-02-16,2026-02-17,1,Monday,10:00,15:25,25530.0,25550,25500,0.118,-0.102,0.452,0.664,15.54,59.45,108.15,167.6,180.25,34.35,214.6,-47.0,-3525.0,-3725.0,-158511.0,-150511.0,-150851.0
2026-02-16,2026-02-17,1,Monday,10:30,11:00,25561.6,25550,25500,0.241,-0.102,0.452,0.664,15.54,77.85,91.75,169.6,77.35,88.7,166.05,3.55,266.0,66.0,2819.0,10819.0,10479.0
2026-02-16,2026-02-17,1,Monday,10:30,12:00,25561.6,25550,25500,0.241,-0.102,0.452,0.664,15.54,77.85,91.75,169.6,71.45,85.7,157.15,12.45,934.0,734.0,31223.0,39223.0,38883.0
2026-02-16,2026-02-17,1,Monday,10:30,13:00,25561.6,25550,25500,0.241,-0.102,0.452,0.664,15.54,77.85,91.75,169.6,85.75,69.65,155.4,14.2,1065.0,865.0,36809.0,44809.0,44468.0
2026-02-16,2026-02-17,1,Monday,10:30,15:25,25561.6,25550,25500,0.241,-0.102,0.452,0.664,15.54,77.85,91.75,169.6,180.25,34.35,214.6,-45.0,-3375.0,-3575.0,-152128.0,-144128.0,-144468.0
2026-02-23,2026-02-24,1,Monday,09:30,11:00,25770.0,25750,25700,0.272,0.396,0.098,0.572,15.59,114.65,90.4,205.05,63.2,142.6,205.8,-0.75,-56.0,-256.0,-10904.0,-2904.0,-3245.0
2026-02-23,2026-02-24,1,Monday,09:30,12:00,25770.0,25750,25700,0.272,0.396,0.098,0.572,15.59,114.65,90.4,205.05,53.5,155.2,208.7,-3.65,-274.0,-474.0,-20160.0,-12160.0,-12500.0
2026-02-23,2026-02-24,1,Monday,09:30,13:00,25770.0,25750,25700,0.272,0.396,0.098,0.572,15.59,114.65,90.4,205.05,46.6,162.9,209.5,-4.45,-334.0,-534.0,-22713.0,-14713.0,-15053.0
2026-02-23,2026-02-24,1,Monday,09:30,15:25,25770.0,25750,25700,0.272,0.396,0.098,0.572,15.59,114.65,90.4,205.05,67.0,103.5,170.5,34.55,2591.0,2391.0,101755.0,109755.0,109415.0
2026-02-23,2026-02-24,1,Monday,10:00,11:00,25731.3,25750,25700,0.122,0.396,0.098,0.572,15.59,91.1,109.95,201.05,63.2,142.6,205.8,-4.75,-356.0,-556.0,-23670.0,-15670.0,-16011.0
2026-02-23,2026-02-24,1,Monday,10:00,12:00,25731.3,25750,25700,0.122,0.396,0.098,0.572,15.59,91.1,109.95,201.05,53.5,155.2,208.7,-7.65,-574.0,-774.0,-32926.0,-24926.0,-25266.0
2026-02-23,2026-02-24,1,Monday,10:00,13:00,25731.3,25750,25700,0.122,0.396,0.098,0.572,15.59,91.1,109.95,201.05,46.6,162.9,209.5,-8.45,-634.0,-834.0,-35479.0,-27479.0,-27819.0
2026-02-23,2026-02-24,1,Monday,10:00,15:25,25731.3,25750,25700,0.122,0.396,0.098,0.572,15.59,91.1,109.95,201.05,67.0,103.5,170.5,30.55,2291.0,2091.0,88989.0,96989.0,96649.0
2026-02-23,2026-02-24,1,Monday,10:30,11:00,25708.5,25700,25700,0.033,0.396,0.098,0.572,15.59,102.15,92.75,194.9,84.5,114.85,199.35,-4.45,-334.0,-534.0,-22713.0,-14713.0,-15053.0
2026-02-23,2026-02-24,1,Monday,10:30,12:00,25708.5,25700,25700,0.033,0.396,0.098,0.572,15.59,102.15,92.75,194.9,72.7,124.1,196.8,-1.9,-143.0,-343.0,-14574.0,-6574.0,-6915.0
2026-02-23,2026-02-24,1,Monday,10:30,13:00,25708.5,25700,25700,0.033,0.396,0.098,0.572,15.59,102.15,92.75,194.9,64.35,130.55,194.9,0.0,0.0,-200.0,-8511.0,-511.0,-851.0
2026-02-23,2026-02-24,1,Monday,10:30,15:25,25708.5,25700,25700,0.033,0.396,0.098,0.572,15.59,102.15,92.75,194.9,90.15,77.75,167.9,27.0,2025.0,1825.0,77660.0,85660.0,85319.0
2026-02-27,2026-03-02,1,Friday,09:30,11:00,25508.5,25500,25500,0.033,-0.261,0.415,0.634,15.58,60.4,181.0,241.4,41.25,228.35,269.6,-28.2,-2115.0,-2315.0,-98511.0,-90511.0,-90851.0
2026-02-27,2026-03-02,1,Friday,09:30,12:00,25508.5,25500,25500,0.033,-0.261,0.415,0.634,15.58,60.4,181.0,241.4,40.75,223.55,264.3,-22.9,-1718.0,-1918.0,-81596.0,-73596.0,-73936.0
2026-02-27,2026-03-02,1,Friday,09:30,13:00,25508.5,25500,25500,0.033,-0.261,0.415,0.634,15.58,60.4,181.0,241.4,35.7,246.85,282.55,-41.15,-3086.0,-3286.0,-139840.0,-131840.0,-132181.0
2026-02-27,2026-03-02,1,Friday,09:30,15:25,25508.5,25500,25500,0.033,-0.261,0.415,0.634,15.58,60.4,181.0,241.4,24.5,312.4,336.9,-95.5,-7162.0,-7362.0,-313298.0,-305298.0,-305638.0
2026-02-27,2026-03-02,1,Friday,10:00,11:00,25470.0,25450,25500,0.118,-0.261,0.415,0.634,15.58,62.95,169.5,232.45,54.65,191.7,246.35,-13.9,-1043.0,-1243.0,-52872.0,-44872.0,-45213.0
2026-02-27,2026-03-02,1,Friday,10:00,12:00,25470.0,25450,25500,0.118,-0.261,0.415,0.634,15.58,62.95,169.5,232.45,53.7,186.95,240.65,-8.2,-615.0,-815.0,-34681.0,-26681.0,-27021.0
2026-02-27,2026-03-02,1,Friday,10:00,13:00,25470.0,25450,25500,0.118,-0.261,0.415,0.634,15.58,62.95,169.5,232.45,47.0,206.85,253.85,-21.4,-1605.0,-1805.0,-76809.0,-68809.0,-69149.0
2026-02-27,2026-03-02,1,Friday,10:00,15:25,25470.0,25450,25500,0.118,-0.261,0.415,0.634,15.58,62.95,169.5,232.45,30.35,269.3,299.65,-67.2,-5040.0,-5240.0,-222979.0,-214979.0,-215319.0
2026-02-27,2026-03-02,1,Friday,10:30,11:00,25457.0,25450,25500,0.169,-0.261,0.415,0.634,15.58,59.05,183.9,242.95,54.65,191.7,246.35,-3.4,-255.0,-455.0,-19362.0,-11362.0,-11702.0
2026-02-27,2026-03-02,1,Friday,10:30,12:00,25457.0,25450,25500,0.169,-0.261,0.415,0.634,15.58,59.05,183.9,242.95,53.7,186.95,240.65,2.3,173.0,-27.0,-1170.0,6830.0,6489.0
2026-02-27,2026-03-02,1,Friday,10:30,13:00,25457.0,25450,25500,0.169,-0.261,0.415,0.634,15.58,59.05,183.9,242.95,47.0,206.85,253.85,-10.9,-818.0,-1018.0,-43298.0,-35298.0,-35638.0
2026-02-27,2026-03-02,1,Friday,10:30,15:25,25457.0,25450,25500,0.169,-0.261,0.415,0.634,15.58,59.05,183.9,242.95,30.35,269.3,299.65,-56.7,-4253.0,-4453.0,-189468.0,-181468.0,-181809.0
2026-03-09,2026-03-10,1,Monday,09:30,11:00,23873.8,23850,25000,4.717,-2.932,0.105,1.051,14.7,199.9,252.5,452.4,224.35,191.0,415.35,37.05,2779.0,2579.0,109734.0,117734.0,117394.0
2026-03-09,2026-03-10,1,Monday,09:30,12:00,23873.8,23850,25000,4.717,-2.932,0.105,1.051,14.7,199.9,252.5,452.4,226.0,182.1,408.1,44.3,3322.0,3122.0,132872.0,140872.0,140532.0
2026-03-09,2026-03-10,1,Monday,09:30,13:00,23873.8,23850,25000,4.717,-2.932,0.105,1.051,14.7,199.9,252.5,452.4,247.65,183.05,430.7,21.7,1627.0,1427.0,60745.0,68745.0,68404.0
2026-03-09,2026-03-10,1,Monday,09:30,15:25,23873.8,23850,25000,4.717,-2.932,0.105,1.051,14.7,199.9,252.5,452.4,296.0,126.9,422.9,29.5,2212.0,2012.0,85638.0,93638.0,93298.0
2026-03-09,2026-03-10,1,Monday,10:00,11:00,23862.0,23850,25000,4.769,-2.932,0.105,1.051,14.7,187.05,255.95,443.0,224.35,191.0,415.35,27.65,2074.0,1874.0,79734.0,87734.0,87394.0
2026-03-09,2026-03-10,1,Monday,10:00,12:00,23862.0,23850,25000,4.769,-2.932,0.105,1.051,14.7,187.05,255.95,443.0,226.0,182.1,408.1,34.9,2617.0,2417.0,102872.0,110872.0,110532.0
2026-03-09,2026-03-10,1,Monday,10:00,13:00,23862.0,23850,25000,4.769,-2.932,0.105,1.051,14.7,187.05,255.95,443.0,247.65,183.05,430.7,12.3,922.0,722.0,30745.0,38745.0,38404.0
2026-03-09,2026-03-10,1,Monday,10:00,15:25,23862.0,23850,25000,4.769,-2.932,0.105,1.051,14.7,187.05,255.95,443.0,296.0,126.9,422.9,20.1,1508.0,1308.0,55638.0,63638.0,63298.0
2026-03-09,2026-03-10,1,Monday,10:30,11:00,23864.4,23850,25000,4.759,-2.932,0.105,1.051,14.7,176.6,242.0,418.6,224.35,191.0,415.35,3.25,244.0,44.0,1862.0,9862.0,9521.0
2026-03-09,2026-03-10,1,Monday,10:30,12:00,23864.4,23850,25000,4.759,-2.932,0.105,1.051,14.7,176.6,242.0,418.6,226.0,182.1,408.1,10.5,788.0,588.0,25000.0,33000.0,32660.0
2026-03-09,2026-03-10,1,Monday,10:30,13:00,23864.4,23850,25000,4.759,-2.932,0.105,1.051,14.7,176.6,242.0,418.6,247.65,183.05,430.7,-12.1,-908.0,-1108.0,-47128.0,-39128.0,-39468.0
2026-03-09,2026-03-10,1,Monday,10:30,15:25,23864.4,23850,25000,4.759,-2.932,0.105,1.051,14.7,176.6,242.0,418.6,296.0,126.9,422.9,-4.3,-322.0,-522.0,-22234.0,-14234.0,-14574.0
2026-03-16,2026-03-17,1,Monday,09:30,11:00,23262.1,23250,23200,0.267,0.029,0.612,1.171,18.55,151.35,196.6,347.95,89.0,296.2,385.2,-37.25,-2794.0,-2994.0,-127394.0,-119394.0,-119734.0
2026-03-16,2026-03-17,1,Monday,09:30,12:00,23262.1,23250,23200,0.267,0.029,0.612,1.171,18.55,151.35,196.6,347.95,131.85,225.4,357.25,-9.3,-698.0,-898.0,-38191.0,-30191.0,-30532.0
2026-03-16,2026-03-17,1,Monday,09:30,13:00,23262.1,23250,23200,0.267,0.029,0.612,1.171,18.55,151.35,196.6,347.95,113.8,229.65,343.45,4.5,338.0,138.0,5851.0,13851.0,13511.0
2026-03-16,2026-03-17,1,Monday,09:30,15:25,23262.1,23250,23200,0.267,0.029,0.612,1.171,18.55,151.35,196.6,347.95,204.05,109.7,313.75,34.2,2565.0,2365.0,100638.0,108638.0,108298.0
2026-03-16,2026-03-17,1,Monday,10:00,11:00,23250.7,23250,23200,0.218,0.029,0.612,1.171,18.55,150.75,204.4,355.15,89.0,296.2,385.2,-30.05,-2254.0,-2454.0,-104415.0,-96415.0,-96755.0
2026-03-16,2026-03-17,1,Monday,10:00,12:00,23250.7,23250,23200,0.218,0.029,0.612,1.171,18.55,150.75,204.4,355.15,131.85,225.4,357.25,-2.1,-158.0,-358.0,-15213.0,-7213.0,-7553.0
2026-03-16,2026-03-17,1,Monday,10:00,13:00,23250.7,23250,23200,0.218,0.029,0.612,1.171,18.55,150.75,204.4,355.15,113.8,229.65,343.45,11.7,877.0,677.0,28830.0,36830.0,36489.0
2026-03-16,2026-03-17,1,Monday,10:00,15:25,23250.7,23250,23200,0.218,0.029,0.612,1.171,18.55,150.75,204.4,355.15,204.05,109.7,313.75,41.4,3105.0,2905.0,123617.0,131617.0,131277.0
2026-03-16,2026-03-17,1,Monday,10:30,11:00,23120.3,23100,23200,0.345,0.029,0.612,1.171,18.55,165.55,199.0,364.55,148.3,206.6,354.9,9.65,724.0,524.0,22287.0,30287.0,29947.0
2026-03-16,2026-03-17,1,Monday,10:30,12:00,23120.3,23100,23200,0.345,0.029,0.612,1.171,18.55,165.55,199.0,364.55,209.1,153.7,362.8,1.75,131.0,-69.0,-2926.0,5074.0,4734.0
2026-03-16,2026-03-17,1,Monday,10:30,13:00,23120.3,23100,23200,0.345,0.029,0.612,1.171,18.55,165.55,199.0,364.55,189.0,153.35,342.35,22.2,1665.0,1465.0,62340.0,70340.0,70000.0
2026-03-16,2026-03-17,1,Monday,10:30,15:25,23120.3,23100,23200,0.345,0.029,0.612,1.171,18.55,165.55,199.0,364.55,313.3,69.25,382.55,-18.0,-1350.0,-1550.0,-65957.0,-57957.0,-58298.0
2026-03-23,2026-03-24,1,Monday,09:30,11:00,22723.1,22700,22700,0.102,-1.404,1.163,1.262,21.75,222.15,218.65,440.8,147.8,316.5,464.3,-23.5,-1762.0,-1962.0,-83511.0,-75511.0,-75851.0
2026-03-23,2026-03-24,1,Monday,09:30,12:00,22723.1,22700,22700,0.102,-1.404,1.163,1.262,21.75,222.15,218.65,440.8,150.95,304.55,455.5,-14.7,-1102.0,-1302.0,-55426.0,-47426.0,-47766.0
2026-03-23,2026-03-24,1,Monday,09:30,13:00,22723.1,22700,22700,0.102,-1.404,1.163,1.262,21.75,222.15,218.65,440.8,139.0,341.7,480.7,-39.9,-2992.0,-3192.0,-135851.0,-127851.0,-128191.0
2026-03-23,2026-03-24,1,Monday,09:30,15:25,22723.1,22700,22700,0.102,-1.404,1.163,1.262,21.75,222.15,218.65,440.8,106.9,310.0,416.9,23.9,1793.0,1593.0,67766.0,75766.0,75426.0
2026-03-23,2026-03-24,1,Monday,10:00,11:00,22591.4,22600,22700,0.481,-1.404,1.163,1.262,21.75,222.2,241.15,463.35,191.25,260.7,451.95,11.4,855.0,655.0,27872.0,35872.0,35532.0
2026-03-23,2026-03-24,1,Monday,10:00,12:00,22591.4,22600,22700,0.481,-1.404,1.163,1.262,21.75,222.2,241.15,463.35,195.95,250.9,446.85,16.5,1238.0,1038.0,44149.0,52149.0,51809.0
2026-03-23,2026-03-24,1,Monday,10:00,13:00,22591.4,22600,22700,0.481,-1.404,1.163,1.262,21.75,222.2,241.15,463.35,181.15,283.0,464.15,-0.8,-60.0,-260.0,-11064.0,-3064.0,-3404.0
2026-03-23,2026-03-24,1,Monday,10:00,15:25,22591.4,22600,22700,0.481,-1.404,1.163,1.262,21.75,222.2,241.15,463.35,145.85,248.6,394.45,68.9,5168.0,4968.0,211383.0,219383.0,219043.0
2026-03-23,2026-03-24,1,Monday,10:30,11:00,22571.6,22550,22700,0.569,-1.404,1.163,1.262,21.75,232.1,231.8,463.9,216.25,236.05,452.3,11.6,870.0,670.0,28511.0,36511.0,36170.0
2026-03-23,2026-03-24,1,Monday,10:30,12:00,22571.6,22550,22700,0.569,-1.404,1.163,1.262,21.75,232.1,231.8,463.9,221.8,226.15,447.95,15.95,1196.0,996.0,42394.0,50394.0,50053.0
2026-03-23,2026-03-24,1,Monday,10:30,13:00,22571.6,22550,22700,0.569,-1.404,1.163,1.262,21.75,232.1,231.8,463.9,204.8,257.2,462.0,1.9,142.0,-58.0,-2447.0,5553.0,5213.0
2026-03-23,2026-03-24,1,Monday,10:30,15:25,22571.6,22550,22700,0.569,-1.404,1.163,1.262,21.75,232.1,231.8,463.9,169.45,222.0,391.45,72.45,5434.0,5234.0,222713.0,230713.0,230372.0
2026-03-27,2026-03-30,1,Friday,09:30,11:00,23044.2,23050,23000,0.192,-0.644,0.646,0.853,25.65,249.25,256.2,505.45,201.55,274.5,476.05,29.4,2205.0,2005.0,85319.0,93319.0,92979.0
2026-03-27,2026-03-30,1,Friday,09:30,12:00,23044.2,23050,23000,0.192,-0.644,0.646,0.853,25.65,249.25,256.2,505.45,184.95,285.15,470.1,35.35,2651.0,2451.0,104309.0,112309.0,111968.0
2026-03-27,2026-03-30,1,Friday,09:30,13:00,23044.2,23050,23000,0.192,-0.644,0.646,0.853,25.65,249.25,256.2,505.45,178.9,279.2,458.1,47.35,3551.0,3351.0,142606.0,150606.0,150266.0
2026-03-27,2026-03-30,1,Friday,09:30,15:25,23044.2,23050,23000,0.192,-0.644,0.646,0.853,25.65,249.25,256.2,505.45,109.35,343.3,452.65,52.8,3960.0,3760.0,160000.0,168000.0,167660.0
2026-03-27,2026-03-30,1,Friday,10:00,11:00,23002.6,23000,23000,0.011,-0.644,0.646,0.853,25.65,253.5,249.8,503.3,226.5,250.15,476.65,26.65,1999.0,1799.0,76543.0,84543.0,84202.0
2026-03-27,2026-03-30,1,Friday,10:00,12:00,23002.6,23000,23000,0.011,-0.644,0.646,0.853,25.65,253.5,249.8,503.3,208.8,259.4,468.2,35.1,2633.0,2433.0,103511.0,111511.0,111170.0
2026-03-27,2026-03-30,1,Friday,10:00,13:00,23002.6,23000,23000,0.011,-0.644,0.646,0.853,25.65,253.5,249.8,503.3,202.85,252.5,455.35,47.95,3596.0,3396.0,144521.0,152521.0,152181.0
2026-03-27,2026-03-30,1,Friday,10:00,15:25,23002.6,23000,23000,0.011,-0.644,0.646,0.853,25.65,253.5,249.8,503.3,126.8,310.5,437.3,66.0,4950.0,4750.0,202128.0,210128.0,209787.0
2026-03-27,2026-03-30,1,Friday,10:30,11:00,23026.0,23050,23000,0.113,-0.644,0.646,0.853,25.65,231.75,254.05,485.8,201.55,274.5,476.05,9.75,731.0,531.0,22606.0,30606.0,30266.0
2026-03-27,2026-03-30,1,Friday,10:30,12:00,23026.0,23050,23000,0.113,-0.644,0.646,0.853,25.65,231.75,254.05,485.8,184.95,285.15,470.1,15.7,1178.0,978.0,41596.0,49596.0,49255.0
2026-03-27,2026-03-30,1,Friday,10:30,13:00,23026.0,23050,23000,0.113,-0.644,0.646,0.853,25.65,231.75,254.05,485.8,178.9,279.2,458.1,27.7,2077.0,1877.0,79894.0,87894.0,87553.0
2026-03-27,2026-03-30,1,Friday,10:30,15:25,23026.0,23050,23000,0.113,-0.644,0.646,0.853,25.65,231.75,254.05,485.8,109.35,343.3,452.65,33.15,2486.0,2286.0,97287.0,105287.0,104947.0
2026-04-06,2026-04-07,1,Monday,09:30,11:00,22679.2,22700,22700,0.092,-0.101,0.118,0.812,29.04,170.35,265.65,436.0,171.15,229.2,400.35,35.65,2674.0,2474.0,105266.0,113266.0,112926.0
2026-04-06,2026-04-07,1,Monday,09:30,12:00,22679.2,22700,22700,0.092,-0.101,0.118,0.812,29.04,170.35,265.65,436.0,190.2,209.1,399.3,36.7,2753.0,2553.0,108617.0,116617.0,116277.0
2026-04-06,2026-04-07,1,Monday,09:30,13:00,22679.2,22700,22700,0.092,-0.101,0.118,0.812,29.04,170.35,265.65,436.0,261.05,150.6,411.65,24.35,1826.0,1626.0,69202.0,77202.0,76862.0
2026-04-06,2026-04-07,1,Monday,09:30,15:25,22679.2,22700,22700,0.092,-0.101,0.118,0.812,29.04,170.35,265.65,436.0,358.25,90.9,449.15,-13.15,-986.0,-1186.0,-50479.0,-42479.0,-42819.0
2026-04-06,2026-04-07,1,Monday,10:00,11:00,22659.0,22650,22700,0.181,-0.101,0.118,0.812,29.04,169.25,251.05,420.3,194.95,203.55,398.5,21.8,1635.0,1435.0,61064.0,69064.0,68723.0
2026-04-06,2026-04-07,1,Monday,10:00,12:00,22659.0,22650,22700,0.181,-0.101,0.118,0.812,29.04,169.25,251.05,420.3,216.45,184.6,401.05,19.25,1444.0,1244.0,52926.0,60926.0,60585.0
2026-04-06,2026-04-07,1,Monday,10:00,13:00,22659.0,22650,22700,0.181,-0.101,0.118,0.812,29.04,169.25,251.05,420.3,293.4,132.55,425.95,-5.65,-424.0,-624.0,-26543.0,-18543.0,-18883.0
2026-04-06,2026-04-07,1,Monday,10:00,15:25,22659.0,22650,22700,0.181,-0.101,0.118,0.812,29.04,169.25,251.05,420.3,397.75,80.1,477.85,-57.55,-4316.0,-4516.0,-192181.0,-184181.0,-184521.0
2026-04-06,2026-04-07,1,Monday,10:30,11:00,22697.9,22700,22700,0.009,-0.101,0.118,0.812,29.04,159.4,249.5,408.9,171.15,229.2,400.35,8.55,641.0,441.0,18777.0,26777.0,26436.0
2026-04-06,2026-04-07,1,Monday,10:30,12:00,22697.9,22700,22700,0.009,-0.101,0.118,0.812,29.04,159.4,249.5,408.9,190.2,209.1,399.3,9.6,720.0,520.0,22128.0,30128.0,29787.0
2026-04-06,2026-04-07,1,Monday,10:30,13:00,22697.9,22700,22700,0.009,-0.101,0.118,0.812,29.04,159.4,249.5,408.9,261.05,150.6,411.65,-2.75,-206.0,-406.0,-17287.0,-9287.0,-9628.0
2026-04-06,2026-04-07,1,Monday,10:30,15:25,22697.9,22700,22700,0.009,-0.101,0.118,0.812,29.04,159.4,249.5,408.9,358.25,90.9,449.15,-40.25,-3019.0,-3219.0,-136968.0,-128968.0,-129309.0
2026-04-10,2026-04-13,1,Friday,09:30,11:00,23986.5,24000,24000,0.056,0.278,0.539,0.693,32.29,135.0,185.35,320.35,153.95,149.4,303.35,17.0,1275.0,1075.0,45745.0,53745.0,53404.0
2026-04-10,2026-04-13,1,Friday,09:30,12:00,23986.5,24000,24000,0.056,0.278,0.539,0.693,32.29,135.0,185.35,320.35,146.55,151.25,297.8,22.55,1691.0,1491.0,63457.0,71457.0,71117.0
2026-04-10,2026-04-13,1,Friday,09:30,13:00,23986.5,24000,24000,0.056,0.278,0.539,0.693,32.29,135.0,185.35,320.35,150.0,139.6,289.6,30.75,2306.0,2106.0,89628.0,97628.0,97287.0
2026-04-10,2026-04-13,1,Friday,09:30,15:25,23986.5,24000,24000,0.056,0.278,0.539,0.693,32.29,135.0,185.35,320.35,171.55,117.95,289.5,30.85,2314.0,2114.0,89947.0,97947.0,97606.0
2026-04-10,2026-04-13,1,Friday,10:00,11:00,24033.6,24050,24000,0.14,0.278,0.539,0.693,32.29,127.1,185.9,313.0,128.9,173.85,302.75,10.25,769.0,569.0,24202.0,32202.0,31862.0
2026-04-10,2026-04-13,1,Friday,10:00,12:00,24033.6,24050,24000,0.14,0.278,0.539,0.693,32.29,127.1,185.9,313.0,121.65,176.7,298.35,14.65,1099.0,899.0,38245.0,46245.0,45904.0
2026-04-10,2026-04-13,1,Friday,10:00,13:00,24033.6,24050,24000,0.14,0.278,0.539,0.693,32.29,127.1,185.9,313.0,125.05,162.8,287.85,25.15,1886.0,1686.0,71755.0,79755.0,79415.0
2026-04-10,2026-04-13,1,Friday,10:00,15:25,24033.6,24050,24000,0.14,0.278,0.539,0.693,32.29,127.1,185.9,313.0,143.4,139.15,282.55,30.45,2284.0,2084.0,88670.0,96670.0,96330.0
2026-04-10,2026-04-13,1,Friday,10:30,11:00,24060.1,24050,24000,0.25,0.278,0.539,0.693,32.29,137.4,165.75,303.15,128.9,173.85,302.75,0.4,30.0,-170.0,-7234.0,766.0,426.0
2026-04-10,2026-04-13,1,Friday,10:30,12:00,24060.1,24050,24000,0.25,0.278,0.539,0.693,32.29,137.4,165.75,303.15,121.65,176.7,298.35,4.8,360.0,160.0,6809.0,14809.0,14468.0
2026-04-10,2026-04-13,1,Friday,10:30,13:00,24060.1,24050,24000,0.25,0.278,0.539,0.693,32.29,137.4,165.75,303.15,125.05,162.8,287.85,15.3,1147.0,947.0,40319.0,48319.0,47979.0
2026-04-10,2026-04-13,1,Friday,10:30,15:25,24060.1,24050,24000,0.25,0.278,0.539,0.693,32.29,137.4,165.75,303.15,143.4,139.15,282.55,20.6,1545.0,1345.0,57234.0,65234.0,64894.0
2026-04-27,2026-04-28,1,Monday,09:30,11:00,24063.2,24050,24000,0.263,-1.439,0.075,0.474,32.64,124.65,106.65,231.3,123.85,84.7,208.55,22.75,1706.0,1506.0,64096.0,72096.0,71755.0
2026-04-27,2026-04-28,1,Monday,09:30,12:00,24063.2,24050,24000,0.263,-1.439,0.075,0.474,32.64,124.65,106.65,231.3,97.25,107.0,204.25,27.05,2029.0,1829.0,77819.0,85819.0,85479.0
2026-04-27,2026-04-28,1,Monday,09:30,13:00,24063.2,24050,24000,0.263,-1.439,0.075,0.474,32.64,124.65,106.65,231.3,119.45,81.4,200.85,30.45,2284.0,2084.0,88670.0,96670.0,96330.0
2026-04-27,2026-04-28,1,Monday,09:30,15:25,24063.2,24050,24000,0.263,-1.439,0.075,0.474,32.64,124.65,106.65,231.3,136.55,63.75,200.3,31.0,2325.0,2125.0,90426.0,98426.0,98085.0
2026-04-27,2026-04-28,1,Monday,10:00,11:00,24115.0,24100,24000,0.477,-1.439,0.075,0.474,32.64,118.95,100.45,219.4,97.0,108.05,205.05,14.35,1076.0,876.0,37287.0,45287.0,44947.0
2026-04-27,2026-04-28,1,Monday,10:00,12:00,24115.0,24100,24000,0.477,-1.439,0.075,0.474,32.64,118.95,100.45,219.4,74.85,134.75,209.6,9.8,735.0,535.0,22766.0,30766.0,30426.0
2026-04-27,2026-04-28,1,Monday,10:00,13:00,24115.0,24100,24000,0.477,-1.439,0.075,0.474,32.64,118.95,100.45,219.4,92.8,105.05,197.85,21.55,1616.0,1416.0,60266.0,68266.0,67926.0
2026-04-27,2026-04-28,1,Monday,10:00,15:25,24115.0,24100,24000,0.477,-1.439,0.075,0.474,32.64,118.95,100.45,219.4,107.25,84.0,191.25,28.15,2111.0,1911.0,81330.0,89330.0,88989.0
2026-04-27,2026-04-28,1,Monday,10:30,11:00,24061.0,24050,24000,0.254,-1.439,0.075,0.474,32.64,109.6,103.35,212.95,123.85,84.7,208.55,4.4,330.0,130.0,5532.0,13532.0,13191.0
2026-04-27,2026-04-28,1,Monday,10:30,12:00,24061.0,24050,24000,0.254,-1.439,0.075,0.474,32.64,109.6,103.35,212.95,97.25,107.0,204.25,8.7,652.0,452.0,19255.0,27255.0,26915.0
2026-04-27,2026-04-28,1,Monday,10:30,13:00,24061.0,24050,24000,0.254,-1.439,0.075,0.474,32.64,109.6,103.35,212.95,119.45,81.4,200.85,12.1,907.0,707.0,30106.0,38106.0,37766.0
2026-04-27,2026-04-28,1,Monday,10:30,15:25,24061.0,24050,24000,0.254,-1.439,0.075,0.474,32.64,109.6,103.35,212.95,136.55,63.75,200.3,12.65,949.0,749.0,31862.0,39862.0,39521.0
2026-05-04,2026-05-05,1,Monday,09:30,11:00,24316.5,24300,24200,0.479,0.394,0.359,0.662,27.97,106.9,137.25,244.15,86.2,160.0,246.2,-2.05,-154.0,-354.0,-15053.0,-7053.0,-7394.0
2026-05-04,2026-05-05,1,Monday,09:30,12:00,24316.5,24300,24200,0.479,0.394,0.359,0.662,27.97,106.9,137.25,244.15,89.75,137.1,226.85,17.3,1298.0,1098.0,46702.0,54702.0,54362.0
2026-05-04,2026-05-05,1,Monday,09:30,13:00,24316.5,24300,24200,0.479,0.394,0.359,0.662,27.97,106.9,137.25,244.15,52.75,238.15,290.9,-46.75,-3506.0,-3706.0,-157713.0,-149713.0,-150053.0
2026-05-04,2026-05-05,1,Monday,09:30,15:25,24316.5,24300,24200,0.479,0.394,0.359,0.662,27.97,106.9,137.25,244.15,57.0,192.15,249.15,-5.0,-375.0,-575.0,-24468.0,-16468.0,-16809.0
2026-05-04,2026-05-05,1,Monday,10:00,11:00,24345.4,24350,24200,0.597,0.394,0.359,0.662,27.97,88.95,144.9,233.85,67.6,191.0,258.6,-24.75,-1856.0,-2056.0,-87500.0,-79500.0,-79840.0
2026-05-04,2026-05-05,1,Monday,10:00,12:00,24345.4,24350,24200,0.597,0.394,0.359,0.662,27.97,88.95,144.9,233.85,69.75,166.8,236.55,-2.7,-202.0,-402.0,-17128.0,-9128.0,-9468.0
2026-05-04,2026-05-05,1,Monday,10:00,13:00,24345.4,24350,24200,0.597,0.394,0.359,0.662,27.97,88.95,144.9,233.85,41.7,277.35,319.05,-85.2,-6390.0,-6590.0,-280426.0,-272426.0,-272766.0
2026-05-04,2026-05-05,1,Monday,10:00,15:25,24345.4,24350,24200,0.597,0.394,0.359,0.662,27.97,88.95,144.9,233.85,44.25,229.55,273.8,-39.95,-2996.0,-3196.0,-136011.0,-128011.0,-128351.0
2026-05-04,2026-05-05,1,Monday,10:30,11:00,24308.0,24300,24200,0.444,0.394,0.359,0.662,27.97,96.95,143.8,240.75,86.2,160.0,246.2,-5.45,-409.0,-609.0,-25904.0,-17904.0,-18245.0
2026-05-04,2026-05-05,1,Monday,10:30,12:00,24308.0,24300,24200,0.444,0.394,0.359,0.662,27.97,96.95,143.8,240.75,89.75,137.1,226.85,13.9,1043.0,843.0,35851.0,43851.0,43511.0
2026-05-04,2026-05-05,1,Monday,10:30,13:00,24308.0,24300,24200,0.444,0.394,0.359,0.662,27.97,96.95,143.8,240.75,52.75,238.15,290.9,-50.15,-3761.0,-3961.0,-168564.0,-160564.0,-160904.0
2026-05-04,2026-05-05,1,Monday,10:30,15:25,24308.0,24300,24200,0.444,0.394,0.359,0.662,27.97,96.95,143.8,240.75,57.0,192.15,249.15,-8.4,-630.0,-830.0,-35319.0,-27319.0,-27660.0
2025-04-22,2025-04-24,2,Tuesday,09:30,11:00,24130.7,24150,24000,0.542,0.077,0.128,0.561,,96.1,118.1,214.2,143.15,66.1,209.25,4.95,371.0,171.0,7287.0,15287.0,14947.0
2025-04-22,2025-04-24,2,Tuesday,09:30,12:00,24130.7,24150,24000,0.542,0.077,0.128,0.561,,96.1,118.1,214.2,132.2,70.2,202.4,11.8,885.0,685.0,29149.0,37149.0,36809.0
2025-04-22,2025-04-24,2,Tuesday,09:30,13:00,24130.7,24150,24000,0.542,0.077,0.128,0.561,,96.1,118.1,214.2,115.8,81.2,197.0,17.2,1290.0,1090.0,46383.0,54383.0,54043.0
2025-04-22,2025-04-24,2,Tuesday,09:30,15:25,24130.7,24150,24000,0.542,0.077,0.128,0.561,,96.1,118.1,214.2,106.85,84.5,191.35,22.85,1714.0,1514.0,64415.0,72415.0,72074.0
2025-04-22,2025-04-24,2,Tuesday,10:00,11:00,24161.7,24150,24000,0.669,0.077,0.128,0.561,,111.1,95.5,206.6,143.15,66.1,209.25,-2.65,-199.0,-399.0,-16968.0,-8968.0,-9309.0
2025-04-22,2025-04-24,2,Tuesday,10:00,12:00,24161.7,24150,24000,0.669,0.077,0.128,0.561,,111.1,95.5,206.6,132.2,70.2,202.4,4.2,315.0,115.0,4894.0,12894.0,12553.0
2025-04-22,2025-04-24,2,Tuesday,10:00,13:00,24161.7,24150,24000,0.669,0.077,0.128,0.561,,111.1,95.5,206.6,115.8,81.2,197.0,9.6,720.0,520.0,22128.0,30128.0,29787.0
2025-04-22,2025-04-24,2,Tuesday,10:00,15:25,24161.7,24150,24000,0.669,0.077,0.128,0.561,,111.1,95.5,206.6,106.85,84.5,191.35,15.25,1144.0,944.0,40160.0,48160.0,47819.0
2025-04-22,2025-04-24,2,Tuesday,10:30,11:00,24180.0,24200,24000,0.744,0.077,0.128,0.561,,96.25,114.3,210.55,114.6,86.7,201.3,9.25,694.0,494.0,21011.0,29011.0,28670.0
2025-04-22,2025-04-24,2,Tuesday,10:30,12:00,24180.0,24200,24000,0.744,0.077,0.128,0.561,,96.25,114.3,210.55,103.5,92.7,196.2,14.35,1076.0,876.0,37287.0,45287.0,44947.0
2025-04-22,2025-04-24,2,Tuesday,10:30,13:00,24180.0,24200,24000,0.744,0.077,0.128,0.561,,96.25,114.3,210.55,89.75,105.5,195.25,15.3,1148.0,948.0,40319.0,48319.0,47979.0
2025-04-22,2025-04-24,2,Tuesday,10:30,15:25,24180.0,24200,24000,0.744,0.077,0.128,0.561,,96.25,114.3,210.55,81.95,109.9,191.85,18.7,1402.0,1202.0,51170.0,59170.0,58830.0
2025-04-28,2025-04-30,2,Monday,09:30,11:00,24261.3,24250,24100,0.665,0.333,0.703,1.136,18.48,83.45,179.0,262.45,142.9,95.2,238.1,24.35,1826.0,1626.0,69202.0,77202.0,76862.0
2025-04-28,2025-04-30,2,Monday,09:30,12:00,24261.3,24250,24100,0.665,0.333,0.703,1.136,18.48,83.45,179.0,262.45,144.45,90.15,234.6,27.85,2089.0,1889.0,80372.0,88372.0,88032.0
2025-04-28,2025-04-30,2,Monday,09:30,13:00,24261.3,24250,24100,0.665,0.333,0.703,1.136,18.48,83.45,179.0,262.45,189.3,69.55,258.85,3.6,270.0,70.0,2979.0,10979.0,10638.0
2025-04-28,2025-04-30,2,Monday,09:30,15:25,24261.3,24250,24100,0.665,0.333,0.703,1.136,18.48,83.45,179.0,262.45,155.05,70.35,225.4,37.05,2779.0,2579.0,109734.0,117734.0,117394.0
2025-04-28,2025-04-30,2,Monday,10:00,11:00,24344.4,24350,24100,1.004,0.333,0.703,1.136,18.48,70.85,187.1,257.95,87.85,140.3,228.15,29.8,2235.0,2035.0,86596.0,94596.0,94255.0
2025-04-28,2025-04-30,2,Monday,10:00,12:00,24344.4,24350,24100,1.004,0.333,0.703,1.136,18.48,70.85,187.1,257.95,88.0,134.2,222.2,35.75,2681.0,2481.0,105585.0,113585.0,113245.0
2025-04-28,2025-04-30,2,Monday,10:00,13:00,24344.4,24350,24100,1.004,0.333,0.703,1.136,18.48,70.85,187.1,257.95,121.9,102.2,224.1,33.85,2539.0,2339.0,99521.0,107521.0,107181.0
2025-04-28,2025-04-30,2,Monday,10:00,15:25,24344.4,24350,24100,1.004,0.333,0.703,1.136,18.48,70.85,187.1,257.95,92.25,108.3,200.55,57.4,4305.0,4105.0,174681.0,182681.0,182340.0
2025-04-28,2025-04-30,2,Monday,10:30,11:00,24380.1,24400,24100,1.149,0.333,0.703,1.136,18.48,59.65,187.85,247.5,67.2,169.95,237.15,10.35,776.0,576.0,24521.0,32521.0,32181.0
2025-04-28,2025-04-30,2,Monday,10:30,12:00,24380.1,24400,24100,1.149,0.333,0.703,1.136,18.48,59.65,187.85,247.5,66.95,162.55,229.5,18.0,1350.0,1150.0,48936.0,56936.0,56596.0
2025-04-28,2025-04-30,2,Monday,10:30,13:00,24380.1,24400,24100,1.149,0.333,0.703,1.136,18.48,59.65,187.85,247.5,95.0,125.4,220.4,27.1,2032.0,1832.0,77979.0,85979.0,85638.0
2025-04-28,2025-04-30,2,Monday,10:30,15:25,24380.1,24400,24100,1.149,0.333,0.703,1.136,18.48,59.65,187.85,247.5,69.0,134.3,203.3,44.2,3315.0,3115.0,132553.0,140553.0,140213.0
2025-05-06,2025-05-08,2,Tuesday,09:30,11:00,24519.3,24500,24500,0.079,0.032,0.38,0.475,14.22,56.4,120.8,177.2,33.85,123.6,157.45,19.75,1481.0,1281.0,54521.0,62521.0,62181.0
2025-05-06,2025-05-08,2,Tuesday,09:30,12:00,24519.3,24500,24500,0.079,0.032,0.38,0.475,14.22,56.4,120.8,177.2,27.15,140.2,167.35,9.85,739.0,539.0,22926.0,30926.0,30585.0
2025-05-06,2025-05-08,2,Tuesday,09:30,13:00,24519.3,24500,24500,0.079,0.032,0.38,0.475,14.22,56.4,120.8,177.2,26.65,144.65,171.3,5.9,442.0,242.0,10319.0,18319.0,17979.0
2025-05-06,2025-05-08,2,Tuesday,09:30,15:25,24519.3,24500,24500,0.079,0.032,0.38,0.475,14.22,56.4,120.8,177.2,22.75,180.9,203.65,-26.45,-1984.0,-2184.0,-92926.0,-84926.0,-85266.0
2025-05-06,2025-05-08,2,Tuesday,10:00,11:00,24480.6,24500,24500,0.079,0.032,0.38,0.475,14.22,33.7,142.55,176.25,33.85,123.6,157.45,18.8,1410.0,1210.0,51489.0,59489.0,59149.0
2025-05-06,2025-05-08,2,Tuesday,10:00,12:00,24480.6,24500,24500,0.079,0.032,0.38,0.475,14.22,33.7,142.55,176.25,27.15,140.2,167.35,8.9,668.0,468.0,19894.0,27894.0,27553.0
2025-05-06,2025-05-08,2,Tuesday,10:00,13:00,24480.6,24500,24500,0.079,0.032,0.38,0.475,14.22,33.7,142.55,176.25,26.65,144.65,171.3,4.95,371.0,171.0,7287.0,15287.0,14947.0
2025-05-06,2025-05-08,2,Tuesday,10:00,15:25,24480.6,24500,24500,0.079,0.032,0.38,0.475,14.22,33.7,142.55,176.25,22.75,180.9,203.65,-27.4,-2055.0,-2255.0,-95957.0,-87957.0,-88298.0
2025-05-06,2025-05-08,2,Tuesday,10:30,11:00,24480.0,24500,24500,0.082,0.032,0.38,0.475,14.22,32.45,136.45,168.9,33.85,123.6,157.45,11.45,859.0,659.0,28032.0,36032.0,35691.0
2025-05-06,2025-05-08,2,Tuesday,10:30,12:00,24480.0,24500,24500,0.082,0.032,0.38,0.475,14.22,32.45,136.45,168.9,27.15,140.2,167.35,1.55,116.0,-84.0,-3564.0,4436.0,4096.0
2025-05-06,2025-05-08,2,Tuesday,10:30,13:00,24480.0,24500,24500,0.082,0.032,0.38,0.475,14.22,32.45,136.45,168.9,26.65,144.65,171.3,-2.4,-180.0,-380.0,-16170.0,-8170.0,-8511.0
2025-05-06,2025-05-08,2,Tuesday,10:30,15:25,24480.0,24500,24500,0.082,0.032,0.38,0.475,14.22,32.45,136.45,168.9,22.75,180.9,203.65,-34.75,-2606.0,-2806.0,-119415.0,-111415.0,-111755.0
2025-05-13,2025-05-15,2,Tuesday,09:30,11:00,24832.3,24850,26000,4.702,-0.363,0.877,1.214,20.6,139.2,247.5,386.7,153.25,252.9,406.15,-19.45,-1459.0,-1659.0,-70585.0,-62585.0,-62926.0
2025-05-13,2025-05-15,2,Tuesday,09:30,12:00,24832.3,24850,26000,4.702,-0.363,0.877,1.214,20.6,139.2,247.5,386.7,127.5,276.15,403.65,-16.95,-1271.0,-1471.0,-62606.0,-54606.0,-54947.0
2025-05-13,2025-05-15,2,Tuesday,09:30,13:00,24832.3,24850,26000,4.702,-0.363,0.877,1.214,20.6,139.2,247.5,386.7,85.0,338.25,423.25,-36.55,-2741.0,-2941.0,-125160.0,-117160.0,-117500.0
2025-05-13,2025-05-15,2,Tuesday,09:30,15:25,24832.3,24850,26000,4.702,-0.363,0.877,1.214,20.6,139.2,247.5,386.7,49.95,352.7,402.65,-15.95,-1196.0,-1396.0,-59415.0,-51415.0,-51755.0
2025-05-13,2025-05-15,2,Tuesday,10:00,11:00,24811.0,24800,26000,4.792,-0.363,0.877,1.214,20.6,151.9,230.5,382.4,176.2,225.2,401.4,-19.0,-1425.0,-1625.0,-69149.0,-61149.0,-61489.0
2025-05-13,2025-05-15,2,Tuesday,10:00,12:00,24811.0,24800,26000,4.792,-0.363,0.877,1.214,20.6,151.9,230.5,382.4,148.0,244.65,392.65,-10.25,-769.0,-969.0,-41223.0,-33223.0,-33564.0
2025-05-13,2025-05-15,2,Tuesday,10:00,13:00,24811.0,24800,26000,4.792,-0.363,0.877,1.214,20.6,151.9,230.5,382.4,99.8,306.0,405.8,-23.4,-1755.0,-1955.0,-83191.0,-75191.0,-75532.0
2025-05-13,2025-05-15,2,Tuesday,10:00,15:25,24811.0,24800,26000,4.792,-0.363,0.877,1.214,20.6,151.9,230.5,382.4,60.4,311.15,371.55,10.85,814.0,614.0,26117.0,34117.0,33777.0
2025-05-13,2025-05-15,2,Tuesday,10:30,11:00,24751.3,24750,26000,5.045,-0.363,0.877,1.214,20.6,160.4,252.7,413.1,200.5,199.35,399.85,13.25,994.0,794.0,33777.0,41777.0,41436.0
2025-05-13,2025-05-15,2,Tuesday,10:30,12:00,24751.3,24750,26000,5.045,-0.363,0.877,1.214,20.6,160.4,252.7,413.1,168.4,217.8,386.2,26.9,2017.0,1817.0,77340.0,85340.0,85000.0
2025-05-13,2025-05-15,2,Tuesday,10:30,13:00,24751.3,24750,26000,5.045,-0.363,0.877,1.214,20.6,160.4,252.7,413.1,117.15,270.2,387.35,25.75,1931.0,1731.0,73670.0,81670.0,81330.0
2025-05-13,2025-05-15,2,Tuesday,10:30,15:25,24751.3,24750,26000,5.045,-0.363,0.877,1.214,20.6,160.4,252.7,413.1,72.6,277.0,349.6,63.5,4762.0,4562.0,194149.0,202149.0,201809.0
2025-05-20,2025-05-22,2,Tuesday,09:30,11:00,24988.3,25000,25000,0.047,0.301,0.353,0.539,20.13,103.05,170.25,273.3,114.4,159.9,274.3,-1.0,-75.0,-275.0,-11702.0,-3702.0,-4043.0
2025-05-20,2025-05-22,2,Tuesday,09:30,12:00,24988.3,25000,25000,0.047,0.301,0.353,0.539,20.13,103.05,170.25,273.3,79.8,195.25,275.05,-1.75,-131.0,-331.0,-14096.0,-6096.0,-6436.0
2025-05-20,2025-05-22,2,Tuesday,09:30,13:00,24988.3,25000,25000,0.047,0.301,0.353,0.539,20.13,103.05,170.25,273.3,68.65,255.35,324.0,-50.7,-3802.0,-4002.0,-170319.0,-162319.0,-162660.0
2025-05-20,2025-05-22,2,Tuesday,09:30,15:25,24988.3,25000,25000,0.047,0.301,0.353,0.539,20.13,103.05,170.25,273.3,41.15,310.5,351.65,-78.35,-5876.0,-6076.0,-258564.0,-250564.0,-250904.0
2025-05-20,2025-05-22,2,Tuesday,10:00,11:00,24954.0,24950,25000,0.184,0.301,0.353,0.539,20.13,115.7,167.2,282.9,137.45,133.85,271.3,11.6,870.0,670.0,28511.0,36511.0,36170.0
2025-05-20,2025-05-22,2,Tuesday,10:00,12:00,24954.0,24950,25000,0.184,0.301,0.353,0.539,20.13,115.7,167.2,282.9,97.2,163.5,260.7,22.2,1665.0,1465.0,62340.0,70340.0,70000.0
2025-05-20,2025-05-22,2,Tuesday,10:00,13:00,24954.0,24950,25000,0.184,0.301,0.353,0.539,20.13,115.7,167.2,282.9,83.1,218.85,301.95,-19.05,-1429.0,-1629.0,-69309.0,-61309.0,-61649.0
2025-05-20,2025-05-22,2,Tuesday,10:00,15:25,24954.0,24950,25000,0.184,0.301,0.353,0.539,20.13,115.7,167.2,282.9,49.95,269.6,319.55,-36.65,-2749.0,-2949.0,-125479.0,-117479.0,-117819.0
2025-05-20,2025-05-22,2,Tuesday,10:30,11:00,24958.4,24950,25000,0.167,0.301,0.353,0.539,20.13,113.7,158.5,272.2,137.45,133.85,271.3,0.9,68.0,-132.0,-5638.0,2362.0,2021.0
2025-05-20,2025-05-22,2,Tuesday,10:30,12:00,24958.4,24950,25000,0.167,0.301,0.353,0.539,20.13,113.7,158.5,272.2,97.2,163.5,260.7,11.5,862.0,662.0,28191.0,36191.0,35851.0
2025-05-20,2025-05-22,2,Tuesday,10:30,13:00,24958.4,24950,25000,0.167,0.301,0.353,0.539,20.13,113.7,158.5,272.2,83.1,218.85,301.95,-29.75,-2231.0,-2431.0,-103457.0,-95457.0,-95798.0
2025-05-20,2025-05-22,2,Tuesday,10:30,15:25,24958.4,24950,25000,0.167,0.301,0.353,0.539,20.13,113.7,158.5,272.2,49.95,269.6,319.55,-47.35,-3551.0,-3751.0,-159628.0,-151628.0,-151968.0
2025-05-27,2025-05-29,2,Tuesday,09:30,11:00,24814.0,24800,25000,0.75,-0.49,0.892,1.076,18.95,225.9,210.6,436.5,203.75,196.85,400.6,35.9,2692.0,2492.0,106064.0,114064.0,113723.0
2025-05-27,2025-05-29,2,Tuesday,09:30,12:00,24814.0,24800,25000,0.75,-0.49,0.892,1.076,18.95,225.9,210.6,436.5,324.55,132.25,456.8,-20.3,-1523.0,-1723.0,-73298.0,-65298.0,-65638.0
2025-05-27,2025-05-29,2,Tuesday,09:30,13:00,24814.0,24800,25000,0.75,-0.49,0.892,1.076,18.95,225.9,210.6,436.5,248.4,173.25,421.65,14.85,1114.0,914.0,38883.0,46883.0,46543.0
2025-05-27,2025-05-29,2,Tuesday,09:30,15:25,24814.0,24800,25000,0.75,-0.49,0.892,1.076,18.95,225.9,210.6,436.5,214.25,152.95,367.2,69.3,5198.0,4998.0,212660.0,220660.0,220319.0
2025-05-27,2025-05-29,2,Tuesday,10:00,11:00,24788.3,24800,25000,0.854,-0.49,0.892,1.076,18.95,205.5,220.8,426.3,203.75,196.85,400.6,25.7,1927.0,1727.0,73511.0,81511.0,81170.0
2025-05-27,2025-05-29,2,Tuesday,10:00,12:00,24788.3,24800,25000,0.854,-0.49,0.892,1.076,18.95,205.5,220.8,426.3,324.55,132.25,456.8,-30.5,-2288.0,-2488.0,-105851.0,-97851.0,-98191.0
2025-05-27,2025-05-29,2,Tuesday,10:00,13:00,24788.3,24800,25000,0.854,-0.49,0.892,1.076,18.95,205.5,220.8,426.3,248.4,173.25,421.65,4.65,349.0,149.0,6330.0,14330.0,13989.0
2025-05-27,2025-05-29,2,Tuesday,10:00,15:25,24788.3,24800,25000,0.854,-0.49,0.892,1.076,18.95,205.5,220.8,426.3,214.25,152.95,367.2,59.1,4433.0,4233.0,180106.0,188106.0,187766.0
2025-05-27,2025-05-29,2,Tuesday,10:30,11:00,24775.5,24800,25000,0.906,-0.49,0.892,1.076,18.95,198.25,221.25,419.5,203.75,196.85,400.6,18.9,1417.0,1217.0,51809.0,59809.0,59468.0
2025-05-27,2025-05-29,2,Tuesday,10:30,12:00,24775.5,24800,25000,0.906,-0.49,0.892,1.076,18.95,198.25,221.25,419.5,324.55,132.25,456.8,-37.3,-2798.0,-2998.0,-127553.0,-119553.0,-119894.0
2025-05-27,2025-05-29,2,Tuesday,10:30,13:00,24775.5,24800,25000,0.906,-0.49,0.892,1.076,18.95,198.25,221.25,419.5,248.4,173.25,421.65,-2.15,-161.0,-361.0,-15372.0,-7372.0,-7713.0
2025-05-27,2025-05-29,2,Tuesday,10:30,15:25,24775.5,24800,25000,0.906,-0.49,0.892,1.076,18.95,198.25,221.25,419.5,214.25,152.95,367.2,52.3,3923.0,3723.0,158404.0,166404.0,166064.0
2025-06-03,2025-06-05,2,Tuesday,09:30,11:00,24735.7,24750,24800,0.26,0.105,0.029,0.861,19.23,172.8,286.95,459.75,165.95,252.3,418.25,41.5,3112.0,2912.0,123936.0,131936.0,131596.0
2025-06-03,2025-06-05,2,Tuesday,09:30,12:00,24735.7,24750,24800,0.26,0.105,0.029,0.861,19.23,172.8,286.95,459.75,160.8,260.7,421.5,38.25,2869.0,2669.0,113564.0,121564.0,121223.0
2025-06-03,2025-06-05,2,Tuesday,09:30,13:00,24735.7,24750,24800,0.26,0.105,0.029,0.861,19.23,172.8,286.95,459.75,129.0,327.8,456.8,2.95,221.0,21.0,904.0,8904.0,8564.0
2025-06-03,2025-06-05,2,Tuesday,09:30,15:25,24735.7,24750,24800,0.26,0.105,0.029,0.861,19.23,172.8,286.95,459.75,71.35,259.15,330.5,129.25,9694.0,9494.0,403989.0,411989.0,411649.0
2025-06-03,2025-06-05,2,Tuesday,10:00,11:00,24753.8,24750,24800,0.187,0.105,0.029,0.861,19.23,174.1,267.65,441.75,165.95,252.3,418.25,23.5,1762.0,1562.0,66489.0,74489.0,74149.0
2025-06-03,2025-06-05,2,Tuesday,10:00,12:00,24753.8,24750,24800,0.187,0.105,0.029,0.861,19.23,174.1,267.65,441.75,160.8,260.7,421.5,20.25,1519.0,1319.0,56117.0,64117.0,63777.0
2025-06-03,2025-06-05,2,Tuesday,10:00,13:00,24753.8,24750,24800,0.187,0.105,0.029,0.861,19.23,174.1,267.65,441.75,129.0,327.8,456.8,-15.05,-1129.0,-1329.0,-56543.0,-48543.0,-48883.0
2025-06-03,2025-06-05,2,Tuesday,10:00,15:25,24753.8,24750,24800,0.187,0.105,0.029,0.861,19.23,174.1,267.65,441.75,71.35,259.15,330.5,111.25,8344.0,8144.0,346543.0,354543.0,354202.0
2025-06-03,2025-06-05,2,Tuesday,10:30,11:00,24855.1,24850,24800,0.222,0.105,0.029,0.861,19.23,171.0,255.6,426.6,127.65,314.6,442.25,-15.65,-1174.0,-1374.0,-58457.0,-50457.0,-50798.0
2025-06-03,2025-06-05,2,Tuesday,10:30,12:00,24855.1,24850,24800,0.222,0.105,0.029,0.861,19.23,171.0,255.6,426.6,123.0,323.2,446.2,-19.6,-1470.0,-1670.0,-71064.0,-63064.0,-63404.0
2025-06-03,2025-06-05,2,Tuesday,10:30,13:00,24855.1,24850,24800,0.222,0.105,0.029,0.861,19.23,171.0,255.6,426.6,97.9,396.45,494.35,-67.75,-5081.0,-5281.0,-224734.0,-216734.0,-217074.0
2025-06-03,2025-06-05,2,Tuesday,10:30,15:25,24855.1,24850,24800,0.222,0.105,0.029,0.861,19.23,171.0,255.6,426.6,50.2,336.45,386.65,39.95,2996.0,2796.0,118989.0,126989.0,126649.0
2025-06-10,2025-06-12,2,Tuesday,09:30,11:00,25149.9,25150,25100,0.198,0.147,0.042,0.473,11.67,80.85,161.5,242.35,87.85,120.45,208.3,34.05,2554.0,2354.0,100160.0,108160.0,107819.0
2025-06-10,2025-06-12,2,Tuesday,09:30,12:00,25149.9,25150,25100,0.198,0.147,0.042,0.473,11.67,80.85,161.5,242.35,88.55,92.25,180.8,61.55,4616.0,4416.0,187926.0,195926.0,195585.0
2025-06-10,2025-06-12,2,Tuesday,09:30,13:00,25149.9,25150,25100,0.198,0.147,0.042,0.473,11.67,80.85,161.5,242.35,81.95,89.85,171.8,70.55,5291.0,5091.0,216649.0,224649.0,224309.0
2025-06-10,2025-06-12,2,Tuesday,09:30,15:25,25149.9,25150,25100,0.198,0.147,0.042,0.473,11.67,80.85,161.5,242.35,58.85,127.65,186.5,55.85,4189.0,3989.0,169734.0,177734.0,177394.0
2025-06-10,2025-06-12,2,Tuesday,10:00,11:00,25212.5,25200,25100,0.446,0.147,0.042,0.473,11.67,80.7,140.4,221.1,66.2,149.3,215.5,5.6,420.0,220.0,9362.0,17362.0,17021.0
2025-06-10,2025-06-12,2,Tuesday,10:00,12:00,25212.5,25200,25100,0.446,0.147,0.042,0.473,11.67,80.7,140.4,221.1,65.15,119.2,184.35,36.75,2756.0,2556.0,108777.0,116777.0,116436.0
2025-06-10,2025-06-12,2,Tuesday,10:00,13:00,25212.5,25200,25100,0.446,0.147,0.042,0.473,11.67,80.7,140.4,221.1,59.7,117.5,177.2,43.9,3293.0,3093.0,131596.0,139596.0,139255.0
2025-06-10,2025-06-12,2,Tuesday,10:00,15:25,25212.5,25200,25100,0.446,0.147,0.042,0.473,11.67,80.7,140.4,221.1,43.6,162.0,205.6,15.5,1163.0,963.0,40957.0,48957.0,48617.0
2025-06-10,2025-06-12,2,Tuesday,10:30,11:00,25219.0,25200,25100,0.472,0.147,0.042,0.473,11.67,76.25,133.25,209.5,66.2,149.3,215.5,-6.0,-450.0,-650.0,-27660.0,-19660.0,-20000.0
2025-06-10,2025-06-12,2,Tuesday,10:30,12:00,25219.0,25200,25100,0.472,0.147,0.042,0.473,11.67,76.25,133.25,209.5,65.15,119.2,184.35,25.15,1886.0,1686.0,71755.0,79755.0,79415.0
2025-06-10,2025-06-12,2,Tuesday,10:30,13:00,25219.0,25200,25100,0.472,0.147,0.042,0.473,11.67,76.25,133.25,209.5,59.7,117.5,177.2,32.3,2423.0,2223.0,94574.0,102574.0,102234.0
2025-06-10,2025-06-12,2,Tuesday,10:30,15:25,25219.0,25200,25100,0.472,0.147,0.042,0.473,11.67,76.25,133.25,209.5,43.6,162.0,205.6,3.9,293.0,93.0,3936.0,11936.0,11596.0
2025-06-17,2025-06-19,2,Tuesday,09:30,11:00,24907.3,24900,24900,0.029,-0.008,0.37,0.514,11.43,107.6,140.55,248.15,90.05,120.75,210.8,37.35,2801.0,2601.0,110691.0,118691.0,118351.0
2025-06-17,2025-06-19,2,Tuesday,09:30,12:00,24907.3,24900,24900,0.029,-0.008,0.37,0.514,11.43,107.6,140.55,248.15,87.5,116.8,204.3,43.85,3289.0,3089.0,131436.0,139436.0,139096.0
2025-06-17,2025-06-19,2,Tuesday,09:30,13:00,24907.3,24900,24900,0.029,-0.008,0.37,0.514,11.43,107.6,140.55,248.15,66.45,149.65,216.1,32.05,2404.0,2204.0,93777.0,101777.0,101436.0
2025-06-17,2025-06-19,2,Tuesday,09:30,15:25,24907.3,24900,24900,0.029,-0.008,0.37,0.514,11.43,107.6,140.55,248.15,76.55,144.9,221.45,26.7,2003.0,1803.0,76702.0,84702.0,84362.0
2025-06-17,2025-06-19,2,Tuesday,10:00,11:00,24902.0,24900,24900,0.008,-0.008,0.37,0.514,11.43,96.05,128.9,224.95,90.05,120.75,210.8,14.15,1061.0,861.0,36649.0,44649.0,44309.0
2025-06-17,2025-06-19,2,Tuesday,10:00,12:00,24902.0,24900,24900,0.008,-0.008,0.37,0.514,11.43,96.05,128.9,224.95,87.5,116.8,204.3,20.65,1549.0,1349.0,57394.0,65394.0,65053.0
2025-06-17,2025-06-19,2,Tuesday,10:00,13:00,24902.0,24900,24900,0.008,-0.008,0.37,0.514,11.43,96.05,128.9,224.95,66.45,149.65,216.1,8.85,664.0,464.0,19734.0,27734.0,27394.0
2025-06-17,2025-06-19,2,Tuesday,10:00,15:25,24902.0,24900,24900,0.008,-0.008,0.37,0.514,11.43,96.05,128.9,224.95,76.55,144.9,221.45,3.5,262.0,62.0,2660.0,10660.0,10319.0
2025-06-17,2025-06-19,2,Tuesday,10:30,11:00,24903.6,24900,24900,0.014,-0.008,0.37,0.514,11.43,92.3,123.85,216.15,90.05,120.75,210.8,5.35,401.0,201.0,8564.0,16564.0,16223.0
2025-06-17,2025-06-19,2,Tuesday,10:30,12:00,24903.6,24900,24900,0.014,-0.008,0.37,0.514,11.43,92.3,123.85,216.15,87.5,116.8,204.3,11.85,889.0,689.0,29309.0,37309.0,36968.0
2025-06-17,2025-06-19,2,Tuesday,10:30,13:00,24903.6,24900,24900,0.014,-0.008,0.37,0.514,11.43,92.3,123.85,216.15,66.45,149.65,216.1,0.05,4.0,-196.0,-8351.0,-351.0,-691.0
2025-06-17,2025-06-19,2,Tuesday,10:30,15:25,24903.6,24900,24900,0.014,-0.008,0.37,0.514,11.43,92.3,123.85,216.15,76.55,144.9,221.45,-5.3,-398.0,-598.0,-25426.0,-17426.0,-17766.0
2025-06-24,2025-06-26,2,Tuesday,09:30,11:00,25211.3,25200,25000,0.838,0.321,0.295,0.591,10.66,123.45,108.1,231.55,149.6,97.55,247.15,-15.6,-1170.0,-1370.0,-58298.0,-50298.0,-50638.0
2025-06-24,2025-06-26,2,Tuesday,09:30,12:00,25211.3,25200,25000,0.838,0.321,0.295,0.591,10.66,123.45,108.1,231.55,204.95,77.45,282.4,-50.85,-3814.0,-4014.0,-170798.0,-162798.0,-163138.0
2025-06-24,2025-06-26,2,Tuesday,09:30,13:00,25211.3,25200,25000,0.838,0.321,0.295,0.591,10.66,123.45,108.1,231.55,164.0,75.25,239.25,-7.7,-577.0,-777.0,-33085.0,-25085.0,-25426.0
2025-06-24,2025-06-26,2,Tuesday,09:30,15:25,25211.3,25200,25000,0.838,0.321,0.295,0.591,10.66,123.45,108.1,231.55,59.95,168.95,228.9,2.65,199.0,-1.0,-53.0,7947.0,7606.0
2025-06-24,2025-06-26,2,Tuesday,10:00,11:00,25224.3,25200,25000,0.889,0.321,0.295,0.591,10.66,134.7,113.6,248.3,149.6,97.55,247.15,1.15,86.0,-114.0,-4840.0,3160.0,2819.0
2025-06-24,2025-06-26,2,Tuesday,10:00,12:00,25224.3,25200,25000,0.889,0.321,0.295,0.591,10.66,134.7,113.6,248.3,204.95,77.45,282.4,-34.1,-2557.0,-2757.0,-117340.0,-109340.0,-109681.0
2025-06-24,2025-06-26,2,Tuesday,10:00,13:00,25224.3,25200,25000,0.889,0.321,0.295,0.591,10.66,134.7,113.6,248.3,164.0,75.25,239.25,9.05,679.0,479.0,20372.0,28372.0,28032.0
2025-06-24,2025-06-26,2,Tuesday,10:00,15:25,25224.3,25200,25000,0.889,0.321,0.295,0.591,10.66,134.7,113.6,248.3,59.95,168.95,228.9,19.4,1455.0,1255.0,53404.0,61404.0,61064.0
2025-06-24,2025-06-26,2,Tuesday,10:30,11:00,25258.9,25250,25000,1.025,0.321,0.295,0.591,10.66,124.65,114.5,239.15,121.75,118.6,240.35,-1.2,-90.0,-290.0,-12340.0,-4340.0,-4681.0
2025-06-24,2025-06-26,2,Tuesday,10:30,12:00,25258.9,25250,25000,1.025,0.321,0.295,0.591,10.66,124.65,114.5,239.15,169.15,93.55,262.7,-23.55,-1766.0,-1966.0,-83670.0,-75670.0,-76011.0
2025-06-24,2025-06-26,2,Tuesday,10:30,13:00,25258.9,25250,25000,1.025,0.321,0.295,0.591,10.66,124.65,114.5,239.15,131.4,93.4,224.8,14.35,1076.0,876.0,37287.0,45287.0,44947.0
2025-06-24,2025-06-26,2,Tuesday,10:30,15:25,25258.9,25250,25000,1.025,0.321,0.295,0.591,10.66,124.65,114.5,239.15,45.55,203.4,248.95,-9.8,-735.0,-935.0,-39787.0,-31787.0,-32128.0
2025-07-01,2025-07-03,2,Tuesday,09:30,11:00,25672.5,25650,25500,0.672,0.082,0.089,0.372,11.48,83.0,153.3,236.3,57.5,165.45,222.95,13.35,1001.0,801.0,34096.0,42096.0,41755.0
2025-07-01,2025-07-03,2,Tuesday,09:30,12:00,25672.5,25650,25500,0.672,0.082,0.089,0.372,11.48,83.0,153.3,236.3,52.0,169.15,221.15,15.15,1136.0,936.0,39840.0,47840.0,47500.0
2025-07-01,2025-07-03,2,Tuesday,09:30,13:00,25672.5,25650,25500,0.672,0.082,0.089,0.372,11.48,83.0,153.3,236.3,54.85,152.65,207.5,28.8,2160.0,1960.0,83404.0,91404.0,91064.0
2025-07-01,2025-07-03,2,Tuesday,09:30,15:25,25672.5,25650,25500,0.672,0.082,0.089,0.372,11.48,83.0,153.3,236.3,53.8,142.85,196.65,39.65,2974.0,2774.0,118032.0,126032.0,125691.0
2025-07-01,2025-07-03,2,Tuesday,10:00,11:00,25670.0,25650,25500,0.662,0.082,0.089,0.372,11.48,77.4,147.0,224.4,57.5,165.45,222.95,1.45,109.0,-91.0,-3883.0,4117.0,3777.0
2025-07-01,2025-07-03,2,Tuesday,10:00,12:00,25670.0,25650,25500,0.662,0.082,0.089,0.372,11.48,77.4,147.0,224.4,52.0,169.15,221.15,3.25,244.0,44.0,1862.0,9862.0,9521.0
2025-07-01,2025-07-03,2,Tuesday,10:00,13:00,25670.0,25650,25500,0.662,0.082,0.089,0.372,11.48,77.4,147.0,224.4,54.85,152.65,207.5,16.9,1268.0,1068.0,45426.0,53426.0,53085.0
2025-07-01,2025-07-03,2,Tuesday,10:00,15:25,25670.0,25650,25500,0.662,0.082,0.089,0.372,11.48,77.4,147.0,224.4,53.8,142.85,196.65,27.75,2081.0,1881.0,80053.0,88053.0,87713.0
2025-07-01,2025-07-03,2,Tuesday,10:30,11:00,25657.0,25650,25500,0.612,0.082,0.089,0.372,11.48,67.2,150.5,217.7,57.5,165.45,222.95,-5.25,-394.0,-594.0,-25266.0,-17266.0,-17606.0
2025-07-01,2025-07-03,2,Tuesday,10:30,12:00,25657.0,25650,25500,0.612,0.082,0.089,0.372,11.48,67.2,150.5,217.7,52.0,169.15,221.15,-3.45,-259.0,-459.0,-19521.0,-11521.0,-11862.0
2025-07-01,2025-07-03,2,Tuesday,10:30,13:00,25657.0,25650,25500,0.612,0.082,0.089,0.372,11.48,67.2,150.5,217.7,54.85,152.65,207.5,10.2,765.0,565.0,24043.0,32043.0,31702.0
2025-07-01,2025-07-03,2,Tuesday,10:30,15:25,25657.0,25650,25500,0.612,0.082,0.089,0.372,11.48,67.2,150.5,217.7,53.8,142.85,196.65,21.05,1579.0,1379.0,58670.0,66670.0,66330.0
2025-07-08,2025-07-10,2,Tuesday,09:30,11:00,25577.6,25600,25500,0.303,-0.043,0.008,0.306,12.44,63.45,156.05,219.5,40.15,172.1,212.25,7.25,544.0,344.0,14628.0,22628.0,22287.0
2025-07-08,2025-07-10,2,Tuesday,09:30,12:00,25577.6,25600,25500,0.303,-0.043,0.008,0.306,12.44,63.45,156.05,219.5,37.0,177.6,214.6,4.9,368.0,168.0,7128.0,15128.0,14787.0
2025-07-08,2025-07-10,2,Tuesday,09:30,13:00,25577.6,25600,25500,0.303,-0.043,0.008,0.306,12.44,63.45,156.05,219.5,41.05,155.9,196.95,22.55,1691.0,1491.0,63457.0,71457.0,71117.0
2025-07-08,2025-07-10,2,Tuesday,09:30,15:25,25577.6,25600,25500,0.303,-0.043,0.008,0.306,12.44,63.45,156.05,219.5,65.9,116.7,182.6,36.9,2767.0,2567.0,109255.0,117255.0,116915.0
2025-07-08,2025-07-10,2,Tuesday,10:00,11:00,25533.8,25550,25500,0.132,-0.043,0.008,0.306,12.44,60.5,150.45,210.95,55.9,137.75,193.65,17.3,1297.0,1097.0,46702.0,54702.0,54362.0
2025-07-08,2025-07-10,2,Tuesday,10:00,12:00,25533.8,25550,25500,0.132,-0.043,0.008,0.306,12.44,60.5,150.45,210.95,52.3,142.65,194.95,16.0,1200.0,1000.0,42553.0,50553.0,50213.0
2025-07-08,2025-07-10,2,Tuesday,10:00,13:00,25533.8,25550,25500,0.132,-0.043,0.008,0.306,12.44,60.5,150.45,210.95,57.75,122.7,180.45,30.5,2288.0,2088.0,88830.0,96830.0,96489.0
2025-07-08,2025-07-10,2,Tuesday,10:00,15:25,25533.8,25550,25500,0.132,-0.043,0.008,0.306,12.44,60.5,150.45,210.95,88.45,88.85,177.3,33.65,2524.0,2324.0,98883.0,106883.0,106543.0
2025-07-08,2025-07-10,2,Tuesday,10:30,11:00,25530.2,25550,25500,0.118,-0.043,0.008,0.306,12.44,55.45,147.75,203.2,55.9,137.75,193.65,9.55,716.0,516.0,21968.0,29968.0,29628.0
2025-07-08,2025-07-10,2,Tuesday,10:30,12:00,25530.2,25550,25500,0.118,-0.043,0.008,0.306,12.44,55.45,147.75,203.2,52.3,142.65,194.95,8.25,619.0,419.0,17819.0,25819.0,25479.0
2025-07-08,2025-07-10,2,Tuesday,10:30,13:00,25530.2,25550,25500,0.118,-0.043,0.008,0.306,12.44,55.45,147.75,203.2,57.75,122.7,180.45,22.75,1706.0,1506.0,64096.0,72096.0,71755.0
2025-07-08,2025-07-10,2,Tuesday,10:30,15:25,25530.2,25550,25500,0.118,-0.043,0.008,0.306,12.44,55.45,147.75,203.2,88.45,88.85,177.3,25.9,1942.0,1742.0,74149.0,82149.0,81809.0
2025-07-15,2025-07-17,2,Tuesday,09:30,11:00,25200.0,25200,25500,1.19,0.028,0.032,0.27,11.04,70.25,110.05,180.3,86.45,82.2,168.65,11.65,874.0,674.0,28670.0,36670.0,36330.0
2025-07-15,2025-07-17,2,Tuesday,09:30,12:00,25200.0,25200,25500,1.19,0.028,0.032,0.27,11.04,70.25,110.05,180.3,98.55,67.25,165.8,14.5,1088.0,888.0,37766.0,45766.0,45426.0
2025-07-15,2025-07-17,2,Tuesday,09:30,13:00,25200.0,25200,25500,1.19,0.028,0.032,0.27,11.04,70.25,110.05,180.3,92.95,64.4,157.35,22.95,1721.0,1521.0,64734.0,72734.0,72394.0
2025-07-15,2025-07-17,2,Tuesday,09:30,15:25,25200.0,25200,25500,1.19,0.028,0.032,0.27,11.04,70.25,110.05,180.3,96.45,52.4,148.85,31.45,2359.0,2159.0,91862.0,99862.0,99521.0
2025-07-15,2025-07-17,2,Tuesday,10:00,11:00,25167.6,25150,25500,1.321,0.028,0.032,0.27,11.04,74.75,100.0,174.75,114.15,59.9,174.05,0.7,52.0,-148.0,-6277.0,1723.0,1383.0
2025-07-15,2025-07-17,2,Tuesday,10:00,12:00,25167.6,25150,25500,1.321,0.028,0.032,0.27,11.04,74.75,100.0,174.75,129.5,48.2,177.7,-2.95,-221.0,-421.0,-17926.0,-9926.0,-10266.0
2025-07-15,2025-07-17,2,Tuesday,10:00,13:00,25167.6,25150,25500,1.321,0.028,0.032,0.27,11.04,74.75,100.0,174.75,124.7,46.05,170.75,4.0,300.0,100.0,4255.0,12255.0,11915.0
2025-07-15,2025-07-17,2,Tuesday,10:00,15:25,25167.6,25150,25500,1.321,0.028,0.032,0.27,11.04,74.75,100.0,174.75,130.75,36.4,167.15,7.6,570.0,370.0,15745.0,23745.0,23404.0
2025-07-15,2025-07-17,2,Tuesday,10:30,11:00,25188.2,25200,25500,1.238,0.028,0.032,0.27,11.04,59.6,113.05,172.65,86.45,82.2,168.65,4.0,300.0,100.0,4255.0,12255.0,11915.0
2025-07-15,2025-07-17,2,Tuesday,10:30,12:00,25188.2,25200,25500,1.238,0.028,0.032,0.27,11.04,59.6,113.05,172.65,98.55,67.25,165.8,6.85,514.0,314.0,13351.0,21351.0,21011.0
2025-07-15,2025-07-17,2,Tuesday,10:30,13:00,25188.2,25200,25500,1.238,0.028,0.032,0.27,11.04,59.6,113.05,172.65,92.95,64.4,157.35,15.3,1147.0,947.0,40319.0,48319.0,47979.0
2025-07-15,2025-07-17,2,Tuesday,10:30,15:25,25188.2,25200,25500,1.238,0.028,0.032,0.27,11.04,59.6,113.05,172.65,96.45,52.4,148.85,23.8,1785.0,1585.0,67447.0,75447.0,75106.0
2025-07-22,2025-07-24,2,Tuesday,09:30,11:00,25153.2,25150,25100,0.212,0.041,0.089,0.338,10.53,72.5,91.55,164.05,55.1,105.75,160.85,3.2,240.0,40.0,1702.0,9702.0,9362.0
2025-07-22,2025-07-24,2,Tuesday,09:30,12:00,25153.2,25150,25100,0.212,0.041,0.089,0.338,10.53,72.5,91.55,164.05,54.6,107.65,162.25,1.8,135.0,-65.0,-2766.0,5234.0,4894.0
2025-07-22,2025-07-24,2,Tuesday,09:30,13:00,25153.2,25150,25100,0.212,0.041,0.089,0.338,10.53,72.5,91.55,164.05,60.4,88.0,148.4,15.65,1174.0,974.0,41436.0,49436.0,49096.0
2025-07-22,2025-07-24,2,Tuesday,09:30,15:25,25153.2,25150,25100,0.212,0.041,0.089,0.338,10.53,72.5,91.55,164.05,43.6,108.8,152.4,11.65,874.0,674.0,28670.0,36670.0,36330.0
2025-07-22,2025-07-24,2,Tuesday,10:00,11:00,25122.5,25100,25100,0.09,0.041,0.089,0.338,10.53,85.75,78.2,163.95,76.9,77.95,154.85,9.1,682.0,482.0,20532.0,28532.0,28191.0
2025-07-22,2025-07-24,2,Tuesday,10:00,12:00,25122.5,25100,25100,0.09,0.041,0.089,0.338,10.53,85.75,78.2,163.95,75.85,79.25,155.1,8.85,664.0,464.0,19734.0,27734.0,27394.0
2025-07-22,2025-07-24,2,Tuesday,10:00,13:00,25122.5,25100,25100,0.09,0.041,0.089,0.338,10.53,85.75,78.2,163.95,84.15,62.2,146.35,17.6,1320.0,1120.0,47660.0,55660.0,55319.0
2025-07-22,2025-07-24,2,Tuesday,10:00,15:25,25122.5,25100,25100,0.09,0.041,0.089,0.338,10.53,85.75,78.2,163.95,62.45,77.35,139.8,24.15,1811.0,1611.0,68564.0,76564.0,76223.0
2025-07-22,2025-07-24,2,Tuesday,10:30,11:00,25126.3,25150,25100,0.105,0.041,0.089,0.338,10.53,61.5,99.6,161.1,55.1,105.75,160.85,0.25,19.0,-181.0,-7713.0,287.0,-53.0
2025-07-22,2025-07-24,2,Tuesday,10:30,12:00,25126.3,25150,25100,0.105,0.041,0.089,0.338,10.53,61.5,99.6,161.1,54.6,107.65,162.25,-1.15,-86.0,-286.0,-12181.0,-4181.0,-4521.0
2025-07-22,2025-07-24,2,Tuesday,10:30,13:00,25126.3,25150,25100,0.105,0.041,0.089,0.338,10.53,61.5,99.6,161.1,60.4,88.0,148.4,12.7,952.0,752.0,32021.0,40021.0,39681.0
2025-07-22,2025-07-24,2,Tuesday,10:30,15:25,25126.3,25150,25100,0.105,0.041,0.089,0.338,10.53,61.5,99.6,161.1,43.6,108.8,152.4,8.7,652.0,452.0,19255.0,27255.0,26915.0
2025-07-29,2025-07-31,2,Tuesday,09:30,11:00,24730.0,24750,25000,1.092,-0.284,0.102,0.507,8.19,92.25,111.3,203.55,65.2,146.9,212.1,-8.55,-641.0,-841.0,-35798.0,-27798.0,-28138.0
2025-07-29,2025-07-31,2,Tuesday,09:30,12:00,24730.0,24750,25000,1.092,-0.284,0.102,0.507,8.19,92.25,111.3,203.55,66.45,116.2,182.65,20.9,1568.0,1368.0,58191.0,66191.0,65851.0
2025-07-29,2025-07-31,2,Tuesday,09:30,13:00,24730.0,24750,25000,1.092,-0.284,0.102,0.507,8.19,92.25,111.3,203.55,74.9,98.85,173.75,29.8,2235.0,2035.0,86596.0,94596.0,94255.0
2025-07-29,2025-07-31,2,Tuesday,09:30,15:25,24730.0,24750,25000,1.092,-0.284,0.102,0.507,8.19,92.25,111.3,203.55,140.35,39.8,180.15,23.4,1755.0,1555.0,66170.0,74170.0,73830.0
2025-07-29,2025-07-31,2,Tuesday,10:00,11:00,24727.5,24750,25000,1.102,-0.284,0.102,0.507,8.19,87.35,111.55,198.9,65.2,146.9,212.1,-13.2,-990.0,-1190.0,-50638.0,-42638.0,-42979.0
2025-07-29,2025-07-31,2,Tuesday,10:00,12:00,24727.5,24750,25000,1.102,-0.284,0.102,0.507,8.19,87.35,111.55,198.9,66.45,116.2,182.65,16.25,1219.0,1019.0,43351.0,51351.0,51011.0
2025-07-29,2025-07-31,2,Tuesday,10:00,13:00,24727.5,24750,25000,1.102,-0.284,0.102,0.507,8.19,87.35,111.55,198.9,74.9,98.85,173.75,25.15,1886.0,1686.0,71755.0,79755.0,79415.0
2025-07-29,2025-07-31,2,Tuesday,10:00,15:25,24727.5,24750,25000,1.102,-0.284,0.102,0.507,8.19,87.35,111.55,198.9,140.35,39.8,180.15,18.75,1406.0,1206.0,51330.0,59330.0,58989.0
2025-07-29,2025-07-31,2,Tuesday,10:30,11:00,24655.5,24650,25000,1.397,-0.284,0.102,0.507,8.19,102.65,94.3,196.95,107.65,89.95,197.6,-0.65,-49.0,-249.0,-10585.0,-2585.0,-2926.0
2025-07-29,2025-07-31,2,Tuesday,10:30,12:00,24655.5,24650,25000,1.397,-0.284,0.102,0.507,8.19,102.65,94.3,196.95,116.9,67.15,184.05,12.9,967.0,767.0,32660.0,40660.0,40319.0
2025-07-29,2025-07-31,2,Tuesday,10:30,13:00,24655.5,24650,25000,1.397,-0.284,0.102,0.507,8.19,102.65,94.3,196.95,130.2,54.45,184.65,12.3,923.0,723.0,30745.0,38745.0,38404.0
2025-07-29,2025-07-31,2,Tuesday,10:30,15:25,24655.5,24650,25000,1.397,-0.284,0.102,0.507,8.19,102.65,94.3,196.95,221.15,21.05,242.2,-45.25,-3394.0,-3594.0,-152926.0,-144926.0,-145266.0
2025-08-05,2025-08-07,2,Tuesday,09:30,11:00,24731.1,24750,24700,0.126,-0.113,0.365,0.499,8.45,74.05,144.2,218.25,54.0,177.75,231.75,-13.5,-1012.0,-1212.0,-51596.0,-43596.0,-43936.0
2025-08-05,2025-08-07,2,Tuesday,09:30,12:00,24731.1,24750,24700,0.126,-0.113,0.365,0.499,8.45,74.05,144.2,218.25,50.5,171.85,222.35,-4.1,-307.0,-507.0,-21596.0,-13596.0,-13936.0
2025-08-05,2025-08-07,2,Tuesday,09:30,13:00,24731.1,24750,24700,0.126,-0.113,0.365,0.499,8.45,74.05,144.2,218.25,50.1,156.6,206.7,11.55,866.0,666.0,28351.0,36351.0,36011.0
2025-08-05,2025-08-07,2,Tuesday,09:30,15:25,24731.1,24750,24700,0.126,-0.113,0.365,0.499,8.45,74.05,144.2,218.25,49.55,150.6,200.15,18.1,1358.0,1158.0,49255.0,57255.0,56915.0
2025-08-05,2025-08-07,2,Tuesday,10:00,11:00,24662.1,24650,24700,0.154,-0.113,0.365,0.499,8.45,88.3,136.0,224.3,93.0,116.5,209.5,14.8,1110.0,910.0,38723.0,46723.0,46383.0
2025-08-05,2025-08-07,2,Tuesday,10:00,12:00,24662.1,24650,24700,0.154,-0.113,0.365,0.499,8.45,88.3,136.0,224.3,88.75,110.05,198.8,25.5,1912.0,1712.0,72872.0,80872.0,80532.0
2025-08-05,2025-08-07,2,Tuesday,10:00,13:00,24662.1,24650,24700,0.154,-0.113,0.365,0.499,8.45,88.3,136.0,224.3,90.85,97.75,188.6,35.7,2678.0,2478.0,105426.0,113426.0,113085.0
2025-08-05,2025-08-07,2,Tuesday,10:00,15:25,24662.1,24650,24700,0.154,-0.113,0.365,0.499,8.45,88.3,136.0,224.3,89.25,90.9,180.15,44.15,3311.0,3111.0,132394.0,140394.0,140053.0
2025-08-05,2025-08-07,2,Tuesday,10:30,11:00,24680.0,24700,24700,0.081,-0.113,0.365,0.499,8.45,70.85,152.1,222.95,71.0,145.25,216.25,6.7,502.0,302.0,12872.0,20872.0,20532.0
2025-08-05,2025-08-07,2,Tuesday,10:30,12:00,24680.0,24700,24700,0.081,-0.113,0.365,0.499,8.45,70.85,152.1,222.95,67.6,138.6,206.2,16.75,1256.0,1056.0,44947.0,52947.0,52606.0
2025-08-05,2025-08-07,2,Tuesday,10:30,13:00,24680.0,24700,24700,0.081,-0.113,0.365,0.499,8.45,70.85,152.1,222.95,68.2,125.1,193.3,29.65,2224.0,2024.0,86117.0,94117.0,93777.0
2025-08-05,2025-08-07,2,Tuesday,10:30,15:25,24680.0,24700,24700,0.081,-0.113,0.365,0.499,8.45,70.85,152.1,222.95,67.8,118.1,185.9,37.05,2779.0,2579.0,109734.0,117734.0,117394.0
2025-08-12,2025-08-14,2,Tuesday,09:30,11:00,24670.1,24650,24600,0.284,-0.036,0.326,0.687,9.57,80.35,107.5,187.85,70.9,128.7,199.6,-11.75,-881.0,-1081.0,-46011.0,-38011.0,-38351.0
2025-08-12,2025-08-14,2,Tuesday,09:30,12:00,24670.1,24650,24600,0.284,-0.036,0.326,0.687,9.57,80.35,107.5,187.85,62.0,127.35,189.35,-1.5,-112.0,-312.0,-13298.0,-5298.0,-5638.0
2025-08-12,2025-08-14,2,Tuesday,09:30,13:00,24670.1,24650,24600,0.284,-0.036,0.326,0.687,9.57,80.35,107.5,187.85,67.0,105.5,172.5,15.35,1151.0,951.0,40479.0,48479.0,48138.0
2025-08-12,2025-08-14,2,Tuesday,09:30,15:25,24670.1,24650,24600,0.284,-0.036,0.326,0.687,9.57,80.35,107.5,187.85,33.15,167.15,200.3,-12.45,-934.0,-1134.0,-48245.0,-40245.0,-40585.0
2025-08-12,2025-08-14,2,Tuesday,10:00,11:00,24739.3,24750,24600,0.563,-0.036,0.326,0.687,9.57,69.85,121.8,191.65,38.15,195.5,233.65,-42.0,-3150.0,-3350.0,-142553.0,-134553.0,-134894.0
2025-08-12,2025-08-14,2,Tuesday,10:00,12:00,24739.3,24750,24600,0.563,-0.036,0.326,0.687,9.57,69.85,121.8,191.65,33.05,198.4,231.45,-39.8,-2985.0,-3185.0,-135532.0,-127532.0,-127872.0
2025-08-12,2025-08-14,2,Tuesday,10:00,13:00,24739.3,24750,24600,0.563,-0.036,0.326,0.687,9.57,69.85,121.8,191.65,35.0,173.7,208.7,-17.05,-1279.0,-1479.0,-62926.0,-54926.0,-55266.0
2025-08-12,2025-08-14,2,Tuesday,10:00,15:25,24739.3,24750,24600,0.563,-0.036,0.326,0.687,9.57,69.85,121.8,191.65,16.6,250.75,267.35,-75.7,-5678.0,-5878.0,-250106.0,-242106.0,-242447.0
2025-08-12,2025-08-14,2,Tuesday,10:30,11:00,24676.1,24700,24600,0.308,-0.036,0.326,0.687,9.57,61.55,137.45,199.0,52.65,159.9,212.55,-13.55,-1016.0,-1216.0,-51755.0,-43755.0,-44096.0
2025-08-12,2025-08-14,2,Tuesday,10:30,12:00,24676.1,24700,24600,0.308,-0.036,0.326,0.687,9.57,61.55,137.45,199.0,45.4,160.9,206.3,-7.3,-548.0,-748.0,-31809.0,-23809.0,-24149.0
2025-08-12,2025-08-14,2,Tuesday,10:30,13:00,24676.1,24700,24600,0.308,-0.036,0.326,0.687,9.57,61.55,137.45,199.0,48.6,139.6,188.2,10.8,810.0,610.0,25957.0,33957.0,33617.0
2025-08-12,2025-08-14,2,Tuesday,10:30,15:25,24676.1,24700,24600,0.308,-0.036,0.326,0.687,9.57,61.55,137.45,199.0,23.55,207.05,230.6,-31.6,-2370.0,-2570.0,-109362.0,-101362.0,-101702.0
2025-08-19,2025-08-21,2,Tuesday,09:30,11:00,24955.0,24950,25000,0.18,-0.054,0.025,0.247,10.78,79.9,104.6,184.5,79.95,85.05,165.0,19.5,1462.0,1262.0,53723.0,61723.0,61383.0
2025-08-19,2025-08-21,2,Tuesday,09:30,12:00,24955.0,24950,25000,0.18,-0.054,0.025,0.247,10.78,79.9,104.6,184.5,97.25,71.25,168.5,16.0,1200.0,1000.0,42553.0,50553.0,50213.0
2025-08-19,2025-08-21,2,Tuesday,09:30,13:00,24955.0,24950,25000,0.18,-0.054,0.025,0.247,10.78,79.9,104.6,184.5,119.4,59.3,178.7,5.8,435.0,235.0,10000.0,18000.0,17660.0
2025-08-19,2025-08-21,2,Tuesday,09:30,15:25,24955.0,24950,25000,0.18,-0.054,0.025,0.247,10.78,79.9,104.6,184.5,111.0,51.3,162.3,22.2,1665.0,1465.0,62340.0,70340.0,70000.0
2025-08-19,2025-08-21,2,Tuesday,10:00,11:00,24965.9,24950,25000,0.137,-0.054,0.025,0.247,10.78,78.65,97.0,175.65,79.95,85.05,165.0,10.65,799.0,599.0,25479.0,33479.0,33138.0
2025-08-19,2025-08-21,2,Tuesday,10:00,12:00,24965.9,24950,25000,0.137,-0.054,0.025,0.247,10.78,78.65,97.0,175.65,97.25,71.25,168.5,7.15,536.0,336.0,14309.0,22309.0,21968.0
2025-08-19,2025-08-21,2,Tuesday,10:00,13:00,24965.9,24950,25000,0.137,-0.054,0.025,0.247,10.78,78.65,97.0,175.65,119.4,59.3,178.7,-3.05,-229.0,-429.0,-18245.0,-10245.0,-10585.0
2025-08-19,2025-08-21,2,Tuesday,10:00,15:25,24965.9,24950,25000,0.137,-0.054,0.025,0.247,10.78,78.65,97.0,175.65,111.0,51.3,162.3,13.35,1001.0,801.0,34096.0,42096.0,41755.0
2025-08-19,2025-08-21,2,Tuesday,10:30,11:00,24966.9,24950,25000,0.133,-0.054,0.025,0.247,10.78,77.15,93.2,170.35,79.95,85.05,165.0,5.35,401.0,201.0,8564.0,16564.0,16223.0
2025-08-19,2025-08-21,2,Tuesday,10:30,12:00,24966.9,24950,25000,0.133,-0.054,0.025,0.247,10.78,77.15,93.2,170.35,97.25,71.25,168.5,1.85,139.0,-61.0,-2606.0,5394.0,5053.0
2025-08-19,2025-08-21,2,Tuesday,10:30,13:00,24966.9,24950,25000,0.133,-0.054,0.025,0.247,10.78,77.15,93.2,170.35,119.4,59.3,178.7,-8.35,-626.0,-826.0,-35160.0,-27160.0,-27500.0
2025-08-19,2025-08-21,2,Tuesday,10:30,15:25,24966.9,24950,25000,0.133,-0.054,0.025,0.247,10.78,77.15,93.2,170.35,111.0,51.3,162.3,8.05,604.0,404.0,17181.0,25181.0,24840.0
2025-08-26,2025-08-28,2,Tuesday,09:30,11:00,24799.0,24800,25000,0.811,-0.357,0.41,0.703,9.45,79.35,79.4,158.75,67.6,71.45,139.05,19.7,1477.0,1277.0,54362.0,62362.0,62021.0
2025-08-26,2025-08-28,2,Tuesday,09:30,12:00,24799.0,24800,25000,0.811,-0.357,0.41,0.703,9.45,79.35,79.4,158.75,68.3,60.8,129.1,29.65,2224.0,2024.0,86117.0,94117.0,93777.0
2025-08-26,2025-08-28,2,Tuesday,09:30,13:00,24799.0,24800,25000,0.811,-0.357,0.41,0.703,9.45,79.35,79.4,158.75,60.75,67.65,128.4,30.35,2276.0,2076.0,88351.0,96351.0,96011.0
2025-08-26,2025-08-28,2,Tuesday,09:30,15:25,24799.0,24800,25000,0.811,-0.357,0.41,0.703,9.45,79.35,79.4,158.75,42.0,111.8,153.8,4.95,371.0,171.0,7287.0,15287.0,14947.0
2025-08-26,2025-08-28,2,Tuesday,10:00,11:00,24788.0,24800,25000,0.855,-0.357,0.41,0.703,9.45,66.7,81.4,148.1,67.6,71.45,139.05,9.05,679.0,479.0,20372.0,28372.0,28032.0
2025-08-26,2025-08-28,2,Tuesday,10:00,12:00,24788.0,24800,25000,0.855,-0.357,0.41,0.703,9.45,66.7,81.4,148.1,68.3,60.8,129.1,19.0,1425.0,1225.0,52128.0,60128.0,59787.0
2025-08-26,2025-08-28,2,Tuesday,10:00,13:00,24788.0,24800,25000,0.855,-0.357,0.41,0.703,9.45,66.7,81.4,148.1,60.75,67.65,128.4,19.7,1478.0,1278.0,54362.0,62362.0,62021.0
2025-08-26,2025-08-28,2,Tuesday,10:00,15:25,24788.0,24800,25000,0.855,-0.357,0.41,0.703,9.45,66.7,81.4,148.1,42.0,111.8,153.8,-5.7,-427.0,-627.0,-26702.0,-18702.0,-19043.0
2025-08-26,2025-08-28,2,Tuesday,10:30,11:00,24803.8,24800,25000,0.791,-0.357,0.41,0.703,9.45,72.4,69.0,141.4,67.6,71.45,139.05,2.35,176.0,-24.0,-1011.0,6989.0,6649.0
2025-08-26,2025-08-28,2,Tuesday,10:30,12:00,24803.8,24800,25000,0.791,-0.357,0.41,0.703,9.45,72.4,69.0,141.4,68.3,60.8,129.1,12.3,923.0,723.0,30745.0,38745.0,38404.0
2025-08-26,2025-08-28,2,Tuesday,10:30,13:00,24803.8,24800,25000,0.791,-0.357,0.41,0.703,9.45,72.4,69.0,141.4,60.75,67.65,128.4,13.0,975.0,775.0,32979.0,40979.0,40638.0
2025-08-26,2025-08-28,2,Tuesday,10:30,15:25,24803.8,24800,25000,0.791,-0.357,0.41,0.703,9.45,72.4,69.0,141.4,42.0,111.8,153.8,-12.4,-930.0,-1130.0,-48085.0,-40085.0,-40426.0
2025-08-29,2025-09-02,2,Friday,09:30,11:00,24654.0,24650,24500,0.625,0.612,0.016,0.387,10.6,64.65,160.3,224.95,54.05,147.6,201.65,23.3,1748.0,1548.0,65851.0,73851.0,73511.0
2025-08-29,2025-09-02,2,Friday,09:30,12:00,24654.0,24650,24500,0.625,0.612,0.016,0.387,10.6,64.65,160.3,224.95,55.75,134.75,190.5,34.45,2584.0,2384.0,101436.0,109436.0,109096.0
2025-08-29,2025-09-02,2,Friday,09:30,13:00,24654.0,24650,24500,0.625,0.612,0.016,0.387,10.6,64.65,160.3,224.95,45.75,144.65,190.4,34.55,2591.0,2391.0,101755.0,109755.0,109415.0
2025-08-29,2025-09-02,2,Friday,09:30,15:25,24654.0,24650,24500,0.625,0.612,0.016,0.387,10.6,64.65,160.3,224.95,28.4,211.35,239.75,-14.8,-1110.0,-1310.0,-55745.0,-47745.0,-48085.0
2025-08-29,2025-09-02,2,Friday,10:00,11:00,24620.1,24600,24500,0.488,0.612,0.016,0.387,10.6,64.1,151.2,215.3,73.85,117.7,191.55,23.75,1781.0,1581.0,67287.0,75287.0,74947.0
2025-08-29,2025-09-02,2,Friday,10:00,12:00,24620.1,24600,24500,0.488,0.612,0.016,0.387,10.6,64.1,151.2,215.3,77.8,105.1,182.9,32.4,2430.0,2230.0,94894.0,102894.0,102553.0
2025-08-29,2025-09-02,2,Friday,10:00,13:00,24620.1,24600,24500,0.488,0.612,0.016,0.387,10.6,64.1,151.2,215.3,64.8,113.3,178.1,37.2,2790.0,2590.0,110213.0,118213.0,117872.0
2025-08-29,2025-09-02,2,Friday,10:00,15:25,24620.1,24600,24500,0.488,0.612,0.016,0.387,10.6,64.1,151.2,215.3,38.9,172.1,211.0,4.3,322.0,122.0,5213.0,13213.0,12872.0
2025-08-29,2025-09-02,2,Friday,10:30,11:00,24664.0,24650,24500,0.665,0.612,0.016,0.387,10.6,55.05,154.8,209.85,54.05,147.6,201.65,8.2,615.0,415.0,17660.0,25660.0,25319.0
2025-08-29,2025-09-02,2,Friday,10:30,12:00,24664.0,24650,24500,0.665,0.612,0.016,0.387,10.6,55.05,154.8,209.85,55.75,134.75,190.5,19.35,1451.0,1251.0,53245.0,61245.0,60904.0
2025-08-29,2025-09-02,2,Friday,10:30,13:00,24664.0,24650,24500,0.665,0.612,0.016,0.387,10.6,55.05,154.8,209.85,45.75,144.65,190.4,19.45,1459.0,1259.0,53564.0,61564.0,61223.0
2025-08-29,2025-09-02,2,Friday,10:30,15:25,24664.0,24650,24500,0.665,0.612,0.016,0.387,10.6,55.05,154.8,209.85,28.4,211.35,239.75,-29.9,-2242.0,-2442.0,-103936.0,-95936.0,-96277.0
2025-09-05,2025-09-09,2,Friday,09:30,11:00,24892.4,24900,24800,0.371,0.078,0.187,0.831,10.12,49.3,135.75,185.05,27.3,225.0,252.3,-67.25,-5044.0,-5244.0,-223138.0,-215138.0,-215479.0
2025-09-05,2025-09-09,2,Friday,09:30,12:00,24892.4,24900,24800,0.371,0.078,0.187,0.831,10.12,49.3,135.75,185.05,23.55,237.3,260.85,-75.8,-5685.0,-5885.0,-250426.0,-242426.0,-242766.0
2025-09-05,2025-09-09,2,Friday,09:30,13:00,24892.4,24900,24800,0.371,0.078,0.187,0.831,10.12,49.3,135.75,185.05,20.0,254.0,274.0,-88.95,-6671.0,-6871.0,-292394.0,-284394.0,-284734.0
2025-09-05,2025-09-09,2,Friday,09:30,15:25,24892.4,24900,24800,0.371,0.078,0.187,0.831,10.12,49.3,135.75,185.05,36.0,158.65,194.65,-9.6,-720.0,-920.0,-39149.0,-31149.0,-31489.0
2025-09-05,2025-09-09,2,Friday,10:00,11:00,24893.0,24900,24800,0.374,0.078,0.187,0.831,10.12,45.0,132.2,177.2,27.3,225.0,252.3,-75.1,-5633.0,-5833.0,-248191.0,-240191.0,-240532.0
2025-09-05,2025-09-09,2,Friday,10:00,12:00,24893.0,24900,24800,0.374,0.078,0.187,0.831,10.12,45.0,132.2,177.2,23.55,237.3,260.85,-83.65,-6274.0,-6474.0,-275479.0,-267479.0,-267819.0
2025-09-05,2025-09-09,2,Friday,10:00,13:00,24893.0,24900,24800,0.374,0.078,0.187,0.831,10.12,45.0,132.2,177.2,20.0,254.0,274.0,-96.8,-7260.0,-7460.0,-317447.0,-309447.0,-309787.0
2025-09-05,2025-09-09,2,Friday,10:00,15:25,24893.0,24900,24800,0.374,0.078,0.187,0.831,10.12,45.0,132.2,177.2,36.0,158.65,194.65,-17.45,-1309.0,-1509.0,-64202.0,-56202.0,-56543.0
2025-09-05,2025-09-09,2,Friday,10:30,11:00,24810.1,24800,24800,0.041,0.078,0.187,0.831,10.12,66.0,134.65,200.65,52.2,150.3,202.5,-1.85,-139.0,-339.0,-14415.0,-6415.0,-6755.0
2025-09-05,2025-09-09,2,Friday,10:30,12:00,24810.1,24800,24800,0.041,0.078,0.187,0.831,10.12,66.0,134.65,200.65,45.6,159.5,205.1,-4.45,-334.0,-534.0,-22713.0,-14713.0,-15053.0
2025-09-05,2025-09-09,2,Friday,10:30,13:00,24810.1,24800,24800,0.041,0.078,0.187,0.831,10.12,66.0,134.65,200.65,38.0,171.6,209.6,-8.95,-671.0,-871.0,-37074.0,-29074.0,-29415.0
2025-09-05,2025-09-09,2,Friday,10:30,15:25,24810.1,24800,24800,0.041,0.078,0.187,0.831,10.12,66.0,134.65,200.65,71.15,93.5,164.65,36.0,2700.0,2500.0,106383.0,114383.0,114043.0
2025-09-12,2025-09-16,2,Friday,09:30,11:00,25147.8,25150,25000,0.588,0.065,0.17,0.186,8.36,50.2,119.5,169.7,59.65,99.35,159.0,10.7,802.0,602.0,25638.0,33638.0,33298.0
2025-09-12,2025-09-16,2,Friday,09:30,12:00,25147.8,25150,25000,0.588,0.065,0.17,0.186,8.36,50.2,119.5,169.7,74.2,84.4,158.6,11.1,832.0,632.0,26915.0,34915.0,34574.0
2025-09-12,2025-09-16,2,Friday,09:30,13:00,25147.8,25150,25000,0.588,0.065,0.17,0.186,8.36,50.2,119.5,169.7,67.3,86.85,154.15,15.55,1166.0,966.0,41117.0,49117.0,48777.0
2025-09-12,2025-09-16,2,Friday,09:30,15:25,25147.8,25150,25000,0.588,0.065,0.17,0.186,8.36,50.2,119.5,169.7,64.65,79.65,144.3,25.4,1905.0,1705.0,72553.0,80553.0,80213.0
2025-09-12,2025-09-16,2,Friday,10:00,11:00,25157.0,25150,25000,0.624,0.065,0.17,0.186,8.36,50.75,110.05,160.8,59.65,99.35,159.0,1.8,135.0,-65.0,-2766.0,5234.0,4894.0
2025-09-12,2025-09-16,2,Friday,10:00,12:00,25157.0,25150,25000,0.624,0.065,0.17,0.186,8.36,50.75,110.05,160.8,74.2,84.4,158.6,2.2,165.0,-35.0,-1489.0,6511.0,6170.0
2025-09-12,2025-09-16,2,Friday,10:00,13:00,25157.0,25150,25000,0.624,0.065,0.17,0.186,8.36,50.75,110.05,160.8,67.3,86.85,154.15,6.65,499.0,299.0,12713.0,20713.0,20372.0
2025-09-12,2025-09-16,2,Friday,10:00,15:25,25157.0,25150,25000,0.624,0.065,0.17,0.186,8.36,50.75,110.05,160.8,64.65,79.65,144.3,16.5,1238.0,1038.0,44149.0,52149.0,51809.0
2025-09-12,2025-09-16,2,Friday,10:30,11:00,25169.0,25150,25000,0.671,0.065,0.17,0.186,8.36,56.3,103.6,159.9,59.65,99.35,159.0,0.9,67.0,-133.0,-5638.0,2362.0,2021.0
2025-09-12,2025-09-16,2,Friday,10:30,12:00,25169.0,25150,25000,0.671,0.065,0.17,0.186,8.36,56.3,103.6,159.9,74.2,84.4,158.6,1.3,97.0,-103.0,-4362.0,3638.0,3298.0
2025-09-12,2025-09-16,2,Friday,10:30,13:00,25169.0,25150,25000,0.671,0.065,0.17,0.186,8.36,56.3,103.6,159.9,67.3,86.85,154.15,5.75,431.0,231.0,9840.0,17840.0,17500.0
2025-09-12,2025-09-16,2,Friday,10:30,15:25,25169.0,25150,25000,0.671,0.065,0.17,0.186,8.36,56.3,103.6,159.9,64.65,79.65,144.3,15.6,1170.0,970.0,41277.0,49277.0,48936.0
2025-09-19,2025-09-23,2,Friday,09:30,11:00,25418.2,25400,25400,0.072,-0.141,0.311,0.51,7.74,63.15,86.25,149.4,50.4,114.9,165.3,-15.9,-1193.0,-1393.0,-59255.0,-51255.0,-51596.0
2025-09-19,2025-09-23,2,Friday,09:30,12:00,25418.2,25400,25400,0.072,-0.141,0.311,0.51,7.74,63.15,86.25,149.4,46.95,121.45,168.4,-19.0,-1425.0,-1625.0,-69149.0,-61149.0,-61489.0
2025-09-19,2025-09-23,2,Friday,09:30,13:00,25418.2,25400,25400,0.072,-0.141,0.311,0.51,7.74,63.15,86.25,149.4,51.85,108.95,160.8,-11.4,-855.0,-1055.0,-44894.0,-36894.0,-37234.0
2025-09-19,2025-09-23,2,Friday,09:30,15:25,25418.2,25400,25400,0.072,-0.141,0.311,0.51,7.74,63.15,86.25,149.4,55.75,78.35,134.1,15.3,1148.0,948.0,40319.0,48319.0,47979.0
2025-09-19,2025-09-23,2,Friday,10:00,11:00,25360.1,25350,25400,0.157,-0.141,0.311,0.51,7.74,68.15,104.0,172.15,71.15,86.05,157.2,14.95,1121.0,921.0,39202.0,47202.0,46862.0
2025-09-19,2025-09-23,2,Friday,10:00,12:00,25360.1,25350,25400,0.157,-0.141,0.311,0.51,7.74,68.15,104.0,172.15,66.5,90.8,157.3,14.85,1114.0,914.0,38883.0,46883.0,46543.0
2025-09-19,2025-09-23,2,Friday,10:00,13:00,25360.1,25350,25400,0.157,-0.141,0.311,0.51,7.74,68.15,104.0,172.15,73.2,79.75,152.95,19.2,1440.0,1240.0,52766.0,60766.0,60426.0
2025-09-19,2025-09-23,2,Friday,10:00,15:25,25360.1,25350,25400,0.157,-0.141,0.311,0.51,7.74,68.15,104.0,172.15,81.4,54.1,135.5,36.65,2749.0,2549.0,108457.0,116457.0,116117.0
2025-09-19,2025-09-23,2,Friday,10:30,11:00,25402.0,25400,25400,0.008,-0.141,0.311,0.51,7.74,58.1,100.4,158.5,50.4,114.9,165.3,-6.8,-510.0,-710.0,-30213.0,-22213.0,-22553.0
2025-09-19,2025-09-23,2,Friday,10:30,12:00,25402.0,25400,25400,0.008,-0.141,0.311,0.51,7.74,58.1,100.4,158.5,46.95,121.45,168.4,-9.9,-743.0,-943.0,-40106.0,-32106.0,-32447.0
2025-09-19,2025-09-23,2,Friday,10:30,13:00,25402.0,25400,25400,0.008,-0.141,0.311,0.51,7.74,58.1,100.4,158.5,51.85,108.95,160.8,-2.3,-173.0,-373.0,-15851.0,-7851.0,-8191.0
2025-09-19,2025-09-23,2,Friday,10:30,15:25,25402.0,25400,25400,0.008,-0.141,0.311,0.51,7.74,58.1,100.4,158.5,55.75,78.35,134.1,24.4,1830.0,1630.0,69362.0,77362.0,77021.0
2025-09-26,2025-09-30,2,Friday,09:30,11:00,24838.9,24850,25000,0.649,-0.129,0.32,0.437,6.7,81.55,97.95,179.5,77.15,96.35,173.5,6.0,450.0,250.0,10638.0,18638.0,18298.0
2025-09-26,2025-09-30,2,Friday,09:30,12:00,24838.9,24850,25000,0.649,-0.129,0.32,0.437,6.7,81.55,97.95,179.5,72.75,100.9,173.65,5.85,439.0,239.0,10160.0,18160.0,17819.0
2025-09-26,2025-09-30,2,Friday,09:30,13:00,24838.9,24850,25000,0.649,-0.129,0.32,0.437,6.7,81.55,97.95,179.5,72.9,95.8,168.7,10.8,810.0,610.0,25957.0,33957.0,33617.0
2025-09-26,2025-09-30,2,Friday,09:30,15:25,24838.9,24850,25000,0.649,-0.129,0.32,0.437,6.7,81.55,97.95,179.5,33.5,186.85,220.35,-40.85,-3064.0,-3264.0,-138883.0,-130883.0,-131223.0
2025-09-26,2025-09-30,2,Friday,10:00,11:00,24851.3,24850,25000,0.598,-0.129,0.32,0.437,6.7,89.8,88.05,177.85,77.15,96.35,173.5,4.35,326.0,126.0,5372.0,13372.0,13032.0
2025-09-26,2025-09-30,2,Friday,10:00,12:00,24851.3,24850,25000,0.598,-0.129,0.32,0.437,6.7,89.8,88.05,177.85,72.75,100.9,173.65,4.2,315.0,115.0,4894.0,12894.0,12553.0
2025-09-26,2025-09-30,2,Friday,10:00,13:00,24851.3,24850,25000,0.598,-0.129,0.32,0.437,6.7,89.8,88.05,177.85,72.9,95.8,168.7,9.15,686.0,486.0,20691.0,28691.0,28351.0
2025-09-26,2025-09-30,2,Friday,10:00,15:25,24851.3,24850,25000,0.598,-0.129,0.32,0.437,6.7,89.8,88.05,177.85,33.5,186.85,220.35,-42.5,-3188.0,-3388.0,-144149.0,-136149.0,-136489.0
2025-09-26,2025-09-30,2,Friday,10:30,11:00,24844.0,24850,25000,0.628,-0.129,0.32,0.437,6.7,83.3,90.25,173.55,77.15,96.35,173.5,0.05,4.0,-196.0,-8351.0,-351.0,-691.0
2025-09-26,2025-09-30,2,Friday,10:30,12:00,24844.0,24850,25000,0.628,-0.129,0.32,0.437,6.7,83.3,90.25,173.55,72.75,100.9,173.65,-0.1,-7.0,-207.0,-8830.0,-830.0,-1170.0
2025-09-26,2025-09-30,2,Friday,10:30,13:00,24844.0,24850,25000,0.628,-0.129,0.32,0.437,6.7,83.3,90.25,173.55,72.9,95.8,168.7,4.85,364.0,164.0,6968.0,14968.0,14628.0
2025-09-26,2025-09-30,2,Friday,10:30,15:25,24844.0,24850,25000,0.628,-0.129,0.32,0.437,6.7,83.3,90.25,173.55,33.5,186.85,220.35,-46.8,-3510.0,-3710.0,-157872.0,-149872.0,-150213.0
2025-10-03,2025-10-07,2,Friday,09:30,11:00,24890.1,24900,24800,0.362,-0.13,0.058,0.327,9.06,40.65,148.0,188.65,45.1,127.4,172.5,16.15,1211.0,1011.0,43032.0,51032.0,50691.0
2025-10-03,2025-10-07,2,Friday,09:30,12:00,24890.1,24900,24800,0.362,-0.13,0.058,0.327,9.06,40.65,148.0,188.65,53.15,108.7,161.85,26.8,2010.0,1810.0,77021.0,85021.0,84681.0
2025-10-03,2025-10-07,2,Friday,09:30,13:00,24890.1,24900,24800,0.362,-0.13,0.058,0.327,9.06,40.65,148.0,188.65,52.35,100.9,153.25,35.4,2655.0,2455.0,104468.0,112468.0,112128.0
2025-10-03,2025-10-07,2,Friday,09:30,15:25,24890.1,24900,24800,0.362,-0.13,0.058,0.327,9.06,40.65,148.0,188.65,76.75,57.85,134.6,54.05,4054.0,3854.0,163989.0,171989.0,171649.0
2025-10-03,2025-10-07,2,Friday,10:00,11:00,24947.3,24950,24800,0.59,-0.13,0.058,0.327,9.06,40.2,141.85,182.05,30.3,162.25,192.55,-10.5,-788.0,-988.0,-42021.0,-34021.0,-34362.0
2025-10-03,2025-10-07,2,Friday,10:00,12:00,24947.3,24950,24800,0.59,-0.13,0.058,0.327,9.06,40.2,141.85,182.05,35.8,140.9,176.7,5.35,401.0,201.0,8564.0,16564.0,16223.0
2025-10-03,2025-10-07,2,Friday,10:00,13:00,24947.3,24950,24800,0.59,-0.13,0.058,0.327,9.06,40.2,141.85,182.05,34.95,133.15,168.1,13.95,1046.0,846.0,36011.0,44011.0,43670.0
2025-10-03,2025-10-07,2,Friday,10:00,15:25,24947.3,24950,24800,0.59,-0.13,0.058,0.327,9.06,40.2,141.85,182.05,50.9,82.15,133.05,49.0,3675.0,3475.0,147872.0,155872.0,155532.0
2025-10-03,2025-10-07,2,Friday,10:30,11:00,24939.0,24950,24800,0.557,-0.13,0.058,0.327,9.06,36.4,146.1,182.5,30.3,162.25,192.55,-10.05,-754.0,-954.0,-40585.0,-32585.0,-32926.0
2025-10-03,2025-10-07,2,Friday,10:30,12:00,24939.0,24950,24800,0.557,-0.13,0.058,0.327,9.06,36.4,146.1,182.5,35.8,140.9,176.7,5.8,435.0,235.0,10000.0,18000.0,17660.0
2025-10-03,2025-10-07,2,Friday,10:30,13:00,24939.0,24950,24800,0.557,-0.13,0.058,0.327,9.06,36.4,146.1,182.5,34.95,133.15,168.1,14.4,1080.0,880.0,37447.0,45447.0,45106.0
2025-10-03,2025-10-07,2,Friday,10:30,15:25,24939.0,24950,24800,0.557,-0.13,0.058,0.327,9.06,36.4,146.1,182.5,50.9,82.15,133.05,49.45,3709.0,3509.0,149309.0,157309.0,156968.0
2025-10-10,2025-10-14,2,Friday,09:30,11:00,25343.0,25350,25200,0.564,-0.119,0.556,0.653,9.68,49.6,125.0,174.6,85.8,80.9,166.7,7.9,593.0,393.0,16702.0,24702.0,24362.0
2025-10-10,2025-10-14,2,Friday,09:30,12:00,25343.0,25350,25200,0.564,-0.119,0.556,0.653,9.68,49.6,125.0,174.6,82.5,84.45,166.95,7.65,574.0,374.0,15904.0,23904.0,23564.0
2025-10-10,2025-10-14,2,Friday,09:30,13:00,25343.0,25350,25200,0.564,-0.119,0.556,0.653,9.68,49.6,125.0,174.6,91.2,72.95,164.15,10.45,784.0,584.0,24840.0,32840.0,32500.0
2025-10-10,2025-10-14,2,Friday,09:30,15:25,25343.0,25350,25200,0.564,-0.119,0.556,0.653,9.68,49.6,125.0,174.6,67.2,69.05,136.25,38.35,2876.0,2676.0,113883.0,121883.0,121543.0
2025-10-10,2025-10-14,2,Friday,10:00,11:00,25376.5,25400,25200,0.696,-0.119,0.556,0.653,9.68,46.6,132.2,178.8,60.4,106.0,166.4,12.4,930.0,730.0,31064.0,39064.0,38723.0
2025-10-10,2025-10-14,2,Friday,10:00,12:00,25376.5,25400,25200,0.696,-0.119,0.556,0.653,9.68,46.6,132.2,178.8,58.15,110.05,168.2,10.6,795.0,595.0,25319.0,33319.0,32979.0
2025-10-10,2025-10-14,2,Friday,10:00,13:00,25376.5,25400,25200,0.696,-0.119,0.556,0.653,9.68,46.6,132.2,178.8,64.25,96.7,160.95,17.85,1339.0,1139.0,48457.0,56457.0,56117.0
2025-10-10,2025-10-14,2,Friday,10:00,15:25,25376.5,25400,25200,0.696,-0.119,0.556,0.653,9.68,46.6,132.2,178.8,43.7,95.55,139.25,39.55,2966.0,2766.0,117713.0,125713.0,125372.0
2025-10-10,2025-10-14,2,Friday,10:30,11:00,25399.0,25400,25200,0.783,-0.119,0.556,0.653,9.68,53.75,118.3,172.05,60.4,106.0,166.4,5.65,424.0,224.0,9521.0,17521.0,17181.0
2025-10-10,2025-10-14,2,Friday,10:30,12:00,25399.0,25400,25200,0.783,-0.119,0.556,0.653,9.68,53.75,118.3,172.05,58.15,110.05,168.2,3.85,289.0,89.0,3777.0,11777.0,11436.0
2025-10-10,2025-10-14,2,Friday,10:30,13:00,25399.0,25400,25200,0.783,-0.119,0.556,0.653,9.68,53.75,118.3,172.05,64.25,96.7,160.95,11.1,833.0,633.0,26915.0,34915.0,34574.0
2025-10-10,2025-10-14,2,Friday,10:30,15:25,25399.0,25400,25200,0.783,-0.119,0.556,0.653,9.68,53.75,118.3,172.05,43.7,95.55,139.25,32.8,2460.0,2260.0,96170.0,104170.0,103830.0
2025-10-16,2025-10-20,2,Thursday,09:30,11:00,25509.6,25500,25400,0.43,0.106,0.279,0.304,10.33,81.1,103.05,184.15,95.2,87.3,182.5,1.65,124.0,-76.0,-3245.0,4755.0,4415.0
2025-10-16,2025-10-20,2,Thursday,09:30,12:00,25509.6,25500,25400,0.43,0.106,0.279,0.304,10.33,81.1,103.05,184.15,86.85,89.8,176.65,7.5,562.0,362.0,15426.0,23426.0,23085.0
2025-10-16,2025-10-20,2,Thursday,09:30,13:00,25509.6,25500,25400,0.43,0.106,0.279,0.304,10.33,81.1,103.05,184.15,121.35,70.0,191.35,-7.2,-540.0,-740.0,-31489.0,-23489.0,-23830.0
2025-10-16,2025-10-20,2,Thursday,09:30,15:25,25509.6,25500,25400,0.43,0.106,0.279,0.304,10.33,81.1,103.05,184.15,158.5,53.1,211.6,-27.45,-2059.0,-2259.0,-96117.0,-88117.0,-88457.0
2025-10-16,2025-10-20,2,Thursday,10:00,11:00,25517.1,25500,25400,0.459,0.106,0.279,0.304,10.33,80.9,102.6,183.5,95.2,87.3,182.5,1.0,75.0,-125.0,-5319.0,2681.0,2340.0
2025-10-16,2025-10-20,2,Thursday,10:00,12:00,25517.1,25500,25400,0.459,0.106,0.279,0.304,10.33,80.9,102.6,183.5,86.85,89.8,176.65,6.85,514.0,314.0,13351.0,21351.0,21011.0
2025-10-16,2025-10-20,2,Thursday,10:00,13:00,25517.1,25500,25400,0.459,0.106,0.279,0.304,10.33,80.9,102.6,183.5,121.35,70.0,191.35,-7.85,-589.0,-789.0,-33564.0,-25564.0,-25904.0
2025-10-16,2025-10-20,2,Thursday,10:00,15:25,25517.1,25500,25400,0.459,0.106,0.279,0.304,10.33,80.9,102.6,183.5,158.5,53.1,211.6,-28.1,-2107.0,-2307.0,-98191.0,-90191.0,-90532.0
2025-10-16,2025-10-20,2,Thursday,10:30,11:00,25527.8,25550,25400,0.501,0.106,0.279,0.304,10.33,62.5,120.3,182.8,69.05,111.25,180.3,2.5,188.0,-12.0,-532.0,7468.0,7128.0
2025-10-16,2025-10-20,2,Thursday,10:30,12:00,25527.8,25550,25400,0.501,0.106,0.279,0.304,10.33,62.5,120.3,182.8,62.15,114.95,177.1,5.7,428.0,228.0,9681.0,17681.0,17340.0
2025-10-16,2025-10-20,2,Thursday,10:30,13:00,25527.8,25550,25400,0.501,0.106,0.279,0.304,10.33,62.5,120.3,182.8,91.55,89.65,181.2,1.6,120.0,-80.0,-3404.0,4596.0,4255.0
2025-10-16,2025-10-20,2,Thursday,10:30,15:25,25527.8,25550,25400,0.501,0.106,0.279,0.304,10.33,62.5,120.3,182.8,124.2,68.65,192.85,-10.05,-754.0,-954.0,-40585.0,-32585.0,-32926.0
2025-10-24,2025-10-28,2,Friday,09:30,11:00,25943.7,25950,26000,0.217,0.116,0.42,0.547,12.63,106.85,110.9,217.75,63.9,152.0,215.9,1.85,139.0,-61.0,-2606.0,5394.0,5053.0
2025-10-24,2025-10-28,2,Friday,09:30,12:00,25943.7,25950,26000,0.217,0.116,0.42,0.547,12.63,106.85,110.9,217.75,68.25,134.15,202.4,15.35,1151.0,951.0,40479.0,48479.0,48138.0
2025-10-24,2025-10-28,2,Friday,09:30,13:00,25943.7,25950,26000,0.217,0.116,0.42,0.547,12.63,106.85,110.9,217.75,55.2,153.65,208.85,8.9,667.0,467.0,19894.0,27894.0,27553.0
2025-10-24,2025-10-28,2,Friday,09:30,15:25,25943.7,25950,26000,0.217,0.116,0.42,0.547,12.63,106.85,110.9,217.75,44.2,184.85,229.05,-11.3,-848.0,-1048.0,-44574.0,-36574.0,-36915.0
2025-10-24,2025-10-28,2,Friday,10:00,11:00,25949.4,25950,26000,0.195,0.116,0.42,0.547,12.63,106.0,104.15,210.15,63.9,152.0,215.9,-5.75,-431.0,-631.0,-26862.0,-18862.0,-19202.0
2025-10-24,2025-10-28,2,Friday,10:00,12:00,25949.4,25950,26000,0.195,0.116,0.42,0.547,12.63,106.0,104.15,210.15,68.25,134.15,202.4,7.75,581.0,381.0,16223.0,24223.0,23883.0
2025-10-24,2025-10-28,2,Friday,10:00,13:00,25949.4,25950,26000,0.195,0.116,0.42,0.547,12.63,106.0,104.15,210.15,55.2,153.65,208.85,1.3,97.0,-103.0,-4362.0,3638.0,3298.0
2025-10-24,2025-10-28,2,Friday,10:00,15:25,25949.4,25950,26000,0.195,0.116,0.42,0.547,12.63,106.0,104.15,210.15,44.2,184.85,229.05,-18.9,-1418.0,-1618.0,-68830.0,-60830.0,-61170.0
2025-10-24,2025-10-28,2,Friday,10:30,11:00,25866.2,25850,26000,0.517,0.116,0.42,0.547,12.63,115.75,97.75,213.5,109.65,97.65,207.3,6.2,465.0,265.0,11277.0,19277.0,18936.0
2025-10-24,2025-10-28,2,Friday,10:30,12:00,25866.2,25850,26000,0.517,0.116,0.42,0.547,12.63,115.75,97.75,213.5,116.6,83.45,200.05,13.45,1009.0,809.0,34415.0,42415.0,42074.0
2025-10-24,2025-10-28,2,Friday,10:30,13:00,25866.2,25850,26000,0.517,0.116,0.42,0.547,12.63,115.75,97.75,213.5,98.4,96.8,195.2,18.3,1373.0,1173.0,49894.0,57894.0,57553.0
2025-10-24,2025-10-28,2,Friday,10:30,15:25,25866.2,25850,26000,0.517,0.116,0.42,0.547,12.63,115.75,97.75,213.5,76.0,116.7,192.7,20.8,1560.0,1360.0,57872.0,65872.0,65532.0
2025-10-31,2025-11-04,2,Friday,09:30,11:00,26074.4,26050,26000,0.285,-0.097,0.058,0.574,13.39,77.8,160.6,238.4,37.8,246.15,283.95,-45.55,-3416.0,-3616.0,-153883.0,-145883.0,-146223.0
2025-10-31,2025-11-04,2,Friday,09:30,12:00,26074.4,26050,26000,0.285,-0.097,0.058,0.574,13.39,77.8,160.6,238.4,39.4,231.85,271.25,-32.85,-2464.0,-2664.0,-113351.0,-105351.0,-105691.0
2025-10-31,2025-11-04,2,Friday,09:30,13:00,26074.4,26050,26000,0.285,-0.097,0.058,0.574,13.39,77.8,160.6,238.4,33.55,250.0,283.55,-45.15,-3386.0,-3586.0,-152606.0,-144606.0,-144947.0
2025-10-31,2025-11-04,2,Friday,09:30,15:25,26074.4,26050,26000,0.285,-0.097,0.058,0.574,13.39,77.8,160.6,238.4,30.9,262.75,293.65,-55.25,-4144.0,-4344.0,-184840.0,-176840.0,-177181.0
2025-10-31,2025-11-04,2,Friday,10:00,11:00,26086.8,26100,26000,0.333,-0.097,0.058,0.574,13.39,56.45,183.15,239.6,29.05,287.65,316.7,-77.1,-5782.0,-5982.0,-254574.0,-246574.0,-246915.0
2025-10-31,2025-11-04,2,Friday,10:00,12:00,26086.8,26100,26000,0.333,-0.097,0.058,0.574,13.39,56.45,183.15,239.6,30.0,272.85,302.85,-63.25,-4744.0,-4944.0,-210372.0,-202372.0,-202713.0
2025-10-31,2025-11-04,2,Friday,10:00,13:00,26086.8,26100,26000,0.333,-0.097,0.058,0.574,13.39,56.45,183.15,239.6,25.65,292.0,317.65,-78.05,-5854.0,-6054.0,-257606.0,-249606.0,-249947.0
2025-10-31,2025-11-04,2,Friday,10:00,15:25,26086.8,26100,26000,0.333,-0.097,0.058,0.574,13.39,56.45,183.15,239.6,23.85,305.05,328.9,-89.3,-6698.0,-6898.0,-293511.0,-285511.0,-285851.0
2025-10-31,2025-11-04,2,Friday,10:30,11:00,25990.0,26000,26000,0.038,-0.097,0.058,0.574,13.39,58.4,181.7,240.1,49.5,208.8,258.3,-18.2,-1365.0,-1565.0,-66596.0,-58596.0,-58936.0
2025-10-31,2025-11-04,2,Friday,10:30,12:00,25990.0,26000,26000,0.038,-0.097,0.058,0.574,13.39,58.4,181.7,240.1,51.65,193.6,245.25,-5.15,-386.0,-586.0,-24947.0,-16947.0,-17287.0
2025-10-31,2025-11-04,2,Friday,10:30,13:00,25990.0,26000,26000,0.038,-0.097,0.058,0.574,13.39,58.4,181.7,240.1,44.1,210.0,254.1,-14.0,-1050.0,-1250.0,-53191.0,-45191.0,-45532.0
2025-10-31,2025-11-04,2,Friday,10:30,15:25,25990.0,26000,26000,0.038,-0.097,0.058,0.574,13.39,58.4,181.7,240.1,40.5,222.6,263.1,-23.0,-1725.0,-1925.0,-81915.0,-73915.0,-74255.0
2025-11-07,2025-11-11,2,Friday,09:30,11:00,25448.0,25450,25400,0.189,-0.36,0.294,0.458,13.84,65.85,149.65,215.5,60.6,132.0,192.6,22.9,1718.0,1518.0,64574.0,72574.0,72234.0
2025-11-07,2025-11-11,2,Friday,09:30,12:00,25448.0,25450,25400,0.189,-0.36,0.294,0.458,13.84,65.85,149.65,215.5,98.05,87.05,185.1,30.4,2280.0,2080.0,88511.0,96511.0,96170.0
2025-11-07,2025-11-11,2,Friday,09:30,13:00,25448.0,25450,25400,0.189,-0.36,0.294,0.458,13.84,65.85,149.65,215.5,121.5,66.75,188.25,27.25,2044.0,1844.0,78457.0,86457.0,86117.0
2025-11-07,2025-11-11,2,Friday,09:30,15:25,25448.0,25450,25400,0.189,-0.36,0.294,0.458,13.84,65.85,149.65,215.5,129.95,59.45,189.4,26.1,1958.0,1758.0,74787.0,82787.0,82447.0
2025-11-07,2025-11-11,2,Friday,10:00,11:00,25441.0,25450,25400,0.161,-0.36,0.294,0.458,13.84,60.8,145.25,206.05,60.6,132.0,192.6,13.45,1009.0,809.0,34415.0,42415.0,42074.0
2025-11-07,2025-11-11,2,Friday,10:00,12:00,25441.0,25450,25400,0.161,-0.36,0.294,0.458,13.84,60.8,145.25,206.05,98.05,87.05,185.1,20.95,1571.0,1371.0,58351.0,66351.0,66011.0
2025-11-07,2025-11-11,2,Friday,10:00,13:00,25441.0,25450,25400,0.161,-0.36,0.294,0.458,13.84,60.8,145.25,206.05,121.5,66.75,188.25,17.8,1335.0,1135.0,48298.0,56298.0,55957.0
2025-11-07,2025-11-11,2,Friday,10:00,15:25,25441.0,25450,25400,0.161,-0.36,0.294,0.458,13.84,60.8,145.25,206.05,129.95,59.45,189.4,16.65,1249.0,1049.0,44628.0,52628.0,52287.0
2025-11-07,2025-11-11,2,Friday,10:30,11:00,25470.2,25450,25400,0.276,-0.36,0.294,0.458,13.84,65.0,130.35,195.35,60.6,132.0,192.6,2.75,206.0,6.0,266.0,8266.0,7926.0
2025-11-07,2025-11-11,2,Friday,10:30,12:00,25470.2,25450,25400,0.276,-0.36,0.294,0.458,13.84,65.0,130.35,195.35,98.05,87.05,185.1,10.25,769.0,569.0,24202.0,32202.0,31862.0
2025-11-07,2025-11-11,2,Friday,10:30,13:00,25470.2,25450,25400,0.276,-0.36,0.294,0.458,13.84,65.0,130.35,195.35,121.5,66.75,188.25,7.1,532.0,332.0,14149.0,22149.0,21809.0
2025-11-07,2025-11-11,2,Friday,10:30,15:25,25470.2,25450,25400,0.276,-0.36,0.294,0.458,13.84,65.0,130.35,195.35,129.95,59.45,189.4,5.95,446.0,246.0,10479.0,18479.0,18138.0
2025-11-14,2025-11-18,2,Friday,09:30,11:00,25925.0,25900,25800,0.482,-0.181,0.147,0.552,13.14,117.1,136.75,253.85,123.85,114.3,238.15,15.7,1178.0,978.0,41596.0,49596.0,49255.0
2025-11-14,2025-11-18,2,Friday,09:30,12:00,25925.0,25900,25800,0.482,-0.181,0.147,0.552,13.14,117.1,136.75,253.85,88.8,152.5,241.3,12.55,941.0,741.0,31543.0,39543.0,39202.0
2025-11-14,2025-11-18,2,Friday,09:30,13:00,25925.0,25900,25800,0.482,-0.181,0.147,0.552,13.14,117.1,136.75,253.85,89.4,140.0,229.4,24.45,1834.0,1634.0,69521.0,77521.0,77181.0
2025-11-14,2025-11-18,2,Friday,09:30,15:25,25925.0,25900,25800,0.482,-0.181,0.147,0.552,13.14,117.1,136.75,253.85,123.0,86.05,209.05,44.8,3360.0,3160.0,134468.0,142468.0,142128.0
2025-11-14,2025-11-18,2,Friday,10:00,11:00,25887.0,25900,25800,0.336,-0.181,0.147,0.552,13.14,99.9,159.5,259.4,123.85,114.3,238.15,21.25,1594.0,1394.0,59309.0,67309.0,66968.0
2025-11-14,2025-11-18,2,Friday,10:00,12:00,25887.0,25900,25800,0.336,-0.181,0.147,0.552,13.14,99.9,159.5,259.4,88.8,152.5,241.3,18.1,1357.0,1157.0,49255.0,57255.0,56915.0
2025-11-14,2025-11-18,2,Friday,10:00,13:00,25887.0,25900,25800,0.336,-0.181,0.147,0.552,13.14,99.9,159.5,259.4,89.4,140.0,229.4,30.0,2250.0,2050.0,87234.0,95234.0,94894.0
2025-11-14,2025-11-18,2,Friday,10:00,15:25,25887.0,25900,25800,0.336,-0.181,0.147,0.552,13.14,99.9,159.5,259.4,123.0,86.05,209.05,50.35,3776.0,3576.0,152181.0,160181.0,159840.0
2025-11-14,2025-11-18,2,Friday,10:30,11:00,25857.9,25850,25800,0.224,-0.181,0.147,0.552,13.14,110.05,147.95,258.0,152.0,92.4,244.4,13.6,1020.0,820.0,34894.0,42894.0,42553.0
2025-11-14,2025-11-18,2,Friday,10:30,12:00,25857.9,25850,25800,0.224,-0.181,0.147,0.552,13.14,110.05,147.95,258.0,110.95,125.4,236.35,21.65,1624.0,1424.0,60585.0,68585.0,68245.0
2025-11-14,2025-11-18,2,Friday,10:30,13:00,25857.9,25850,25800,0.224,-0.181,0.147,0.552,13.14,110.05,147.95,258.0,112.7,113.5,226.2,31.8,2385.0,2185.0,92979.0,100979.0,100638.0
2025-11-14,2025-11-18,2,Friday,10:30,15:25,25857.9,25850,25800,0.224,-0.181,0.147,0.552,13.14,110.05,147.95,258.0,153.0,66.35,219.35,38.65,2899.0,2699.0,114840.0,122840.0,122500.0
2025-11-21,2025-11-25,2,Friday,09:30,11:00,26157.2,26150,26000,0.601,-0.378,0.194,0.455,11.33,119.6,108.75,228.35,89.7,129.2,218.9,9.45,709.0,509.0,21649.0,29649.0,29309.0
2025-11-21,2025-11-25,2,Friday,09:30,12:00,26157.2,26150,26000,0.601,-0.378,0.194,0.455,11.33,119.6,108.75,228.35,86.9,128.1,215.0,13.35,1001.0,801.0,34096.0,42096.0,41755.0
2025-11-21,2025-11-25,2,Friday,09:30,13:00,26157.2,26150,26000,0.601,-0.378,0.194,0.455,11.33,119.6,108.75,228.35,124.1,86.45,210.55,17.8,1335.0,1135.0,48298.0,56298.0,55957.0
2025-11-21,2025-11-25,2,Friday,09:30,15:25,26157.2,26150,26000,0.601,-0.378,0.194,0.455,11.33,119.6,108.75,228.35,69.0,144.75,213.75,14.6,1095.0,895.0,38085.0,46085.0,45745.0
2025-11-21,2025-11-25,2,Friday,10:00,11:00,26136.0,26150,26000,0.52,-0.378,0.194,0.455,11.33,104.45,118.05,222.5,89.7,129.2,218.9,3.6,270.0,70.0,2979.0,10979.0,10638.0
2025-11-21,2025-11-25,2,Friday,10:00,12:00,26136.0,26150,26000,0.52,-0.378,0.194,0.455,11.33,104.45,118.05,222.5,86.9,128.1,215.0,7.5,562.0,362.0,15426.0,23426.0,23085.0
2025-11-21,2025-11-25,2,Friday,10:00,13:00,26136.0,26150,26000,0.52,-0.378,0.194,0.455,11.33,104.45,118.05,222.5,124.1,86.45,210.55,11.95,896.0,696.0,29628.0,37628.0,37287.0
2025-11-21,2025-11-25,2,Friday,10:00,15:25,26136.0,26150,26000,0.52,-0.378,0.194,0.455,11.33,104.45,118.05,222.5,69.0,144.75,213.75,8.75,656.0,456.0,19415.0,27415.0,27074.0
2025-11-21,2025-11-25,2,Friday,10:30,11:00,26082.0,26100,26000,0.314,-0.378,0.194,0.455,11.33,104.85,121.3,226.15,114.9,104.0,218.9,7.25,544.0,344.0,14628.0,22628.0,22287.0
2025-11-21,2025-11-25,2,Friday,10:30,12:00,26082.0,26100,26000,0.314,-0.378,0.194,0.455,11.33,104.85,121.3,226.15,111.45,102.4,213.85,12.3,922.0,722.0,30745.0,38745.0,38404.0
2025-11-21,2025-11-25,2,Friday,10:30,13:00,26082.0,26100,26000,0.314,-0.378,0.194,0.455,11.33,104.85,121.3,226.15,154.95,67.25,222.2,3.95,296.0,96.0,4096.0,12096.0,11755.0
2025-11-21,2025-11-25,2,Friday,10:30,15:25,26082.0,26100,26000,0.314,-0.378,0.194,0.455,11.33,104.85,121.3,226.15,90.7,116.7,207.4,18.75,1406.0,1206.0,51330.0,59330.0,58989.0
2025-11-28,2025-12-02,2,Friday,09:30,11:00,26408.6,26400,26200,0.79,-0.198,0.308,0.428,10.56,41.2,188.4,229.6,45.1,162.85,207.95,21.65,1624.0,1424.0,60585.0,68585.0,68245.0
2025-11-28,2025-12-02,2,Friday,09:30,12:00,26408.6,26400,26200,0.79,-0.198,0.308,0.428,10.56,41.2,188.4,229.6,37.9,174.4,212.3,17.3,1298.0,1098.0,46702.0,54702.0,54362.0
2025-11-28,2025-12-02,2,Friday,09:30,13:00,26408.6,26400,26200,0.79,-0.198,0.308,0.428,10.56,41.2,188.4,229.6,31.5,182.95,214.45,15.15,1136.0,936.0,39840.0,47840.0,47500.0
2025-11-28,2025-12-02,2,Friday,09:30,15:25,26408.6,26400,26200,0.79,-0.198,0.308,0.428,10.56,41.2,188.4,229.6,27.5,182.45,209.95,19.65,1474.0,1274.0,54202.0,62202.0,61862.0
2025-11-28,2025-12-02,2,Friday,10:00,11:00,26435.6,26450,26200,0.891,-0.198,0.308,0.428,10.56,33.1,201.7,234.8,31.05,198.25,229.3,5.5,412.0,212.0,9043.0,17043.0,16702.0
2025-11-28,2025-12-02,2,Friday,10:00,12:00,26435.6,26450,26200,0.891,-0.198,0.308,0.428,10.56,33.1,201.7,234.8,25.8,211.55,237.35,-2.55,-191.0,-391.0,-16649.0,-8649.0,-8989.0
2025-11-28,2025-12-02,2,Friday,10:00,13:00,26435.6,26450,26200,0.891,-0.198,0.308,0.428,10.56,33.1,201.7,234.8,20.7,222.35,243.05,-8.25,-619.0,-819.0,-34840.0,-26840.0,-27181.0
2025-11-28,2025-12-02,2,Friday,10:00,15:25,26435.6,26450,26200,0.891,-0.198,0.308,0.428,10.56,33.1,201.7,234.8,18.4,223.1,241.5,-6.7,-503.0,-703.0,-29894.0,-21894.0,-22234.0
2025-11-28,2025-12-02,2,Friday,10:30,11:00,26424.0,26400,26200,0.848,-0.198,0.308,0.428,10.56,41.7,174.2,215.9,45.1,162.85,207.95,7.95,596.0,396.0,16862.0,24862.0,24521.0
2025-11-28,2025-12-02,2,Friday,10:30,12:00,26424.0,26400,26200,0.848,-0.198,0.308,0.428,10.56,41.7,174.2,215.9,37.9,174.4,212.3,3.6,270.0,70.0,2979.0,10979.0,10638.0
2025-11-28,2025-12-02,2,Friday,10:30,13:00,26424.0,26400,26200,0.848,-0.198,0.308,0.428,10.56,41.7,174.2,215.9,31.5,182.95,214.45,1.45,109.0,-91.0,-3883.0,4117.0,3777.0
2025-11-28,2025-12-02,2,Friday,10:30,15:25,26424.0,26400,26200,0.848,-0.198,0.308,0.428,10.56,41.7,174.2,215.9,27.5,182.45,209.95,5.95,446.0,246.0,10479.0,18479.0,18138.0
2025-12-05,2025-12-09,2,Friday,09:30,11:00,26168.2,26150,26000,0.643,-0.142,0.184,0.515,10.03,61.75,154.25,216.0,82.5,91.8,174.3,41.7,3127.0,2927.0,124574.0,132574.0,132234.0
2025-12-05,2025-12-09,2,Friday,09:30,12:00,26168.2,26150,26000,0.643,-0.142,0.184,0.515,10.03,61.75,154.25,216.0,90.7,81.95,172.65,43.35,3251.0,3051.0,129840.0,137840.0,137500.0
2025-12-05,2025-12-09,2,Friday,09:30,13:00,26168.2,26150,26000,0.643,-0.142,0.184,0.515,10.03,61.75,154.25,216.0,125.35,59.55,184.9,31.1,2333.0,2133.0,90745.0,98745.0,98404.0
2025-12-05,2025-12-09,2,Friday,09:30,15:25,26168.2,26150,26000,0.643,-0.142,0.184,0.515,10.03,61.75,154.25,216.0,110.0,53.25,163.25,52.75,3956.0,3756.0,159840.0,167840.0,167500.0
2025-12-05,2025-12-09,2,Friday,10:00,11:00,26157.7,26150,26000,0.603,-0.142,0.184,0.515,10.03,55.5,161.1,216.6,82.5,91.8,174.3,42.3,3172.0,2972.0,126489.0,134489.0,134149.0
2025-12-05,2025-12-09,2,Friday,10:00,12:00,26157.7,26150,26000,0.603,-0.142,0.184,0.515,10.03,55.5,161.1,216.6,90.7,81.95,172.65,43.95,3296.0,3096.0,131755.0,139755.0,139415.0
2025-12-05,2025-12-09,2,Friday,10:00,13:00,26157.7,26150,26000,0.603,-0.142,0.184,0.515,10.03,55.5,161.1,216.6,125.35,59.55,184.9,31.7,2378.0,2178.0,92660.0,100660.0,100319.0
2025-12-05,2025-12-09,2,Friday,10:00,15:25,26157.7,26150,26000,0.603,-0.142,0.184,0.515,10.03,55.5,161.1,216.6,110.0,53.25,163.25,53.35,4001.0,3801.0,161755.0,169755.0,169415.0
2025-12-05,2025-12-09,2,Friday,10:30,11:00,26184.1,26200,26000,0.703,-0.142,0.184,0.515,10.03,38.55,171.2,209.75,59.8,118.5,178.3,31.45,2359.0,2159.0,91862.0,99862.0,99521.0
2025-12-05,2025-12-09,2,Friday,10:30,12:00,26184.1,26200,26000,0.703,-0.142,0.184,0.515,10.03,38.55,171.2,209.75,65.9,107.45,173.35,36.4,2730.0,2530.0,107660.0,115660.0,115319.0
2025-12-05,2025-12-09,2,Friday,10:30,13:00,26184.1,26200,26000,0.703,-0.142,0.184,0.515,10.03,38.55,171.2,209.75,94.8,79.1,173.9,35.85,2689.0,2489.0,105904.0,113904.0,113564.0
2025-12-05,2025-12-09,2,Friday,10:30,15:25,26184.1,26200,26000,0.703,-0.142,0.184,0.515,10.03,38.55,171.2,209.75,80.4,73.5,153.9,55.85,4189.0,3989.0,169734.0,177734.0,177394.0
2025-12-12,2025-12-16,2,Friday,09:30,11:00,26133.9,26150,26000,0.512,0.331,0.119,0.416,11.12,51.2,150.95,202.15,29.4,207.95,237.35,-35.2,-2640.0,-2840.0,-120851.0,-112851.0,-113191.0
2025-12-12,2025-12-16,2,Friday,09:30,12:00,26133.9,26150,26000,0.512,0.331,0.119,0.416,11.12,51.2,150.95,202.15,44.05,146.75,190.8,11.35,851.0,651.0,27713.0,35713.0,35372.0
2025-12-12,2025-12-16,2,Friday,09:30,13:00,26133.9,26150,26000,0.512,0.331,0.119,0.416,11.12,51.2,150.95,202.15,38.45,148.95,187.4,14.75,1106.0,906.0,38564.0,46564.0,46223.0
2025-12-12,2025-12-16,2,Friday,09:30,15:25,26133.9,26150,26000,0.512,0.331,0.119,0.416,11.12,51.2,150.95,202.15,41.25,130.7,171.95,30.2,2265.0,2065.0,87872.0,95872.0,95532.0
2025-12-12,2025-12-16,2,Friday,10:00,11:00,26117.0,26100,26000,0.448,0.331,0.119,0.416,11.12,61.0,130.35,191.35,41.7,170.4,212.1,-20.75,-1556.0,-1756.0,-74734.0,-66734.0,-67074.0
2025-12-12,2025-12-16,2,Friday,10:00,12:00,26117.0,26100,26000,0.448,0.331,0.119,0.416,11.12,61.0,130.35,191.35,62.75,115.3,178.05,13.3,997.0,797.0,33936.0,41936.0,41596.0
2025-12-12,2025-12-16,2,Friday,10:00,13:00,26117.0,26100,26000,0.448,0.331,0.119,0.416,11.12,61.0,130.35,191.35,56.4,116.5,172.9,18.45,1384.0,1184.0,50372.0,58372.0,58032.0
2025-12-12,2025-12-16,2,Friday,10:00,15:25,26117.0,26100,26000,0.448,0.331,0.119,0.416,11.12,61.0,130.35,191.35,59.6,98.85,158.45,32.9,2468.0,2268.0,96489.0,104489.0,104149.0
2025-12-12,2025-12-16,2,Friday,10:30,11:00,26074.0,26050,26000,0.284,0.331,0.119,0.416,11.12,64.2,124.3,188.5,58.25,136.4,194.65,-6.15,-461.0,-661.0,-28138.0,-20138.0,-20479.0
2025-12-12,2025-12-16,2,Friday,10:30,12:00,26074.0,26050,26000,0.284,0.331,0.119,0.416,11.12,64.2,124.3,188.5,86.55,88.85,175.4,13.1,983.0,783.0,33298.0,41298.0,40957.0
2025-12-12,2025-12-16,2,Friday,10:30,13:00,26074.0,26050,26000,0.284,0.331,0.119,0.416,11.12,64.2,124.3,188.5,78.55,88.9,167.45,21.05,1579.0,1379.0,58670.0,66670.0,66330.0
2025-12-12,2025-12-16,2,Friday,10:30,15:25,26074.0,26050,26000,0.284,0.331,0.119,0.416,11.12,64.2,124.3,188.5,83.25,72.9,156.15,32.35,2426.0,2226.0,94734.0,102734.0,102394.0
2025-12-19,2025-12-23,2,Friday,09:30,11:00,26028.4,26050,25900,0.493,0.32,0.212,0.321,10.07,61.5,131.05,192.55,51.0,132.6,183.6,8.95,671.0,471.0,20053.0,28053.0,27713.0
2025-12-19,2025-12-23,2,Friday,09:30,12:00,26028.4,26050,25900,0.493,0.32,0.212,0.321,10.07,61.5,131.05,192.55,37.3,155.7,193.0,-0.45,-34.0,-234.0,-9947.0,-1947.0,-2287.0
2025-12-19,2025-12-23,2,Friday,09:30,13:00,26028.4,26050,25900,0.493,0.32,0.212,0.321,10.07,61.5,131.05,192.55,41.1,135.0,176.1,16.45,1234.0,1034.0,43989.0,51989.0,51649.0
2025-12-19,2025-12-23,2,Friday,09:30,15:25,26028.4,26050,25900,0.493,0.32,0.212,0.321,10.07,61.5,131.05,192.55,44.15,117.05,161.2,31.35,2351.0,2151.0,91543.0,99543.0,99202.0
2025-12-19,2025-12-23,2,Friday,10:00,11:00,26026.5,26050,25900,0.486,0.32,0.212,0.321,10.07,58.0,128.2,186.2,51.0,132.6,183.6,2.6,195.0,-5.0,-213.0,7787.0,7447.0
2025-12-19,2025-12-23,2,Friday,10:00,12:00,26026.5,26050,25900,0.486,0.32,0.212,0.321,10.07,58.0,128.2,186.2,37.3,155.7,193.0,-6.8,-510.0,-710.0,-30213.0,-22213.0,-22553.0
2025-12-19,2025-12-23,2,Friday,10:00,13:00,26026.5,26050,25900,0.486,0.32,0.212,0.321,10.07,58.0,128.2,186.2,41.1,135.0,176.1,10.1,757.0,557.0,23723.0,31723.0,31383.0
2025-12-19,2025-12-23,2,Friday,10:00,15:25,26026.5,26050,25900,0.486,0.32,0.212,0.321,10.07,58.0,128.2,186.2,44.15,117.05,161.2,25.0,1875.0,1675.0,71277.0,79277.0,78936.0
2025-12-19,2025-12-23,2,Friday,10:30,11:00,26020.0,26000,25900,0.461,0.32,0.212,0.321,10.07,74.1,103.65,177.75,72.0,102.95,174.95,2.8,210.0,10.0,426.0,8426.0,8085.0
2025-12-19,2025-12-23,2,Friday,10:30,12:00,26020.0,26000,25900,0.461,0.32,0.212,0.321,10.07,74.1,103.65,177.75,54.2,121.75,175.95,1.8,135.0,-65.0,-2766.0,5234.0,4894.0
2025-12-19,2025-12-23,2,Friday,10:30,13:00,26020.0,26000,25900,0.461,0.32,0.212,0.321,10.07,74.1,103.65,177.75,60.1,103.7,163.8,13.95,1046.0,846.0,36011.0,44011.0,43670.0
2025-12-19,2025-12-23,2,Friday,10:30,15:25,26020.0,26000,25900,0.461,0.32,0.212,0.321,10.07,74.1,103.65,177.75,64.9,87.35,152.25,25.5,1912.0,1712.0,72872.0,80872.0,80532.0
2025-12-26,2025-12-30,2,Friday,09:30,11:00,26132.8,26150,26200,0.257,-0.096,0.121,0.264,7.45,63.95,84.8,148.75,49.5,94.3,143.8,4.95,371.0,171.0,7287.0,15287.0,14947.0
2025-12-26,2025-12-30,2,Friday,09:30,12:00,26132.8,26150,26200,0.257,-0.096,0.121,0.264,7.45,63.95,84.8,148.75,39.0,106.45,145.45,3.3,248.0,48.0,2021.0,10021.0,9681.0
2025-12-26,2025-12-30,2,Friday,09:30,13:00,26132.8,26150,26200,0.257,-0.096,0.121,0.264,7.45,63.95,84.8,148.75,31.9,124.35,156.25,-7.5,-562.0,-762.0,-32447.0,-24447.0,-24787.0
2025-12-26,2025-12-30,2,Friday,09:30,15:25,26132.8,26150,26200,0.257,-0.096,0.121,0.264,7.45,63.95,84.8,148.75,32.95,122.0,154.95,-6.2,-465.0,-665.0,-28298.0,-20298.0,-20638.0
2025-12-26,2025-12-30,2,Friday,10:00,11:00,26095.4,26100,26200,0.401,-0.096,0.121,0.264,7.45,69.4,77.1,146.5,72.7,67.55,140.25,6.25,469.0,269.0,11436.0,19436.0,19096.0
2025-12-26,2025-12-30,2,Friday,10:00,12:00,26095.4,26100,26200,0.401,-0.096,0.121,0.264,7.45,69.4,77.1,146.5,58.9,76.2,135.1,11.4,855.0,655.0,27872.0,35872.0,35532.0
2025-12-26,2025-12-30,2,Friday,10:00,13:00,26095.4,26100,26200,0.401,-0.096,0.121,0.264,7.45,69.4,77.1,146.5,48.85,91.65,140.5,6.0,450.0,250.0,10638.0,18638.0,18298.0
2025-12-26,2025-12-30,2,Friday,10:00,15:25,26095.4,26100,26200,0.401,-0.096,0.121,0.264,7.45,69.4,77.1,146.5,48.85,88.05,136.9,9.6,720.0,520.0,22128.0,30128.0,29787.0
2025-12-26,2025-12-30,2,Friday,10:30,11:00,26104.6,26100,26200,0.365,-0.096,0.121,0.264,7.45,71.7,70.5,142.2,72.7,67.55,140.25,1.95,146.0,-54.0,-2287.0,5713.0,5372.0
2025-12-26,2025-12-30,2,Friday,10:30,12:00,26104.6,26100,26200,0.365,-0.096,0.121,0.264,7.45,71.7,70.5,142.2,58.9,76.2,135.1,7.1,532.0,332.0,14149.0,22149.0,21809.0
2025-12-26,2025-12-30,2,Friday,10:30,13:00,26104.6,26100,26200,0.365,-0.096,0.121,0.264,7.45,71.7,70.5,142.2,48.85,91.65,140.5,1.7,127.0,-73.0,-3085.0,4915.0,4574.0
2025-12-26,2025-12-30,2,Friday,10:30,15:25,26104.6,26100,26200,0.365,-0.096,0.121,0.264,7.45,71.7,70.5,142.2,48.85,88.05,136.9,5.3,397.0,197.0,8404.0,16404.0,16064.0
2026-01-02,2026-01-06,2,Friday,09:30,11:00,26348.0,26350,26200,0.562,0.057,0.336,0.392,9.13,22.75,148.85,171.6,43.15,109.55,152.7,18.9,1418.0,1218.0,51809.0,59809.0,59468.0
2026-01-02,2026-01-06,2,Friday,09:30,12:00,26348.0,26350,26200,0.562,0.057,0.336,0.392,9.13,22.75,148.85,171.6,48.35,96.6,144.95,26.65,1999.0,1799.0,76543.0,84543.0,84202.0
2026-01-02,2026-01-06,2,Friday,09:30,13:00,26348.0,26350,26200,0.562,0.057,0.336,0.392,9.13,22.75,148.85,171.6,50.45,92.25,142.7,28.9,2168.0,1968.0,83723.0,91723.0,91383.0
2026-01-02,2026-01-06,2,Friday,09:30,15:25,26348.0,26350,26200,0.562,0.057,0.336,0.392,9.13,22.75,148.85,171.6,57.2,77.8,135.0,36.6,2745.0,2545.0,108298.0,116298.0,115957.0
2026-01-02,2026-01-06,2,Friday,10:00,11:00,26395.7,26400,26200,0.741,0.057,0.336,0.392,9.13,27.7,150.75,178.45,27.55,144.0,171.55,6.9,517.0,317.0,13511.0,21511.0,21170.0
2026-01-02,2026-01-06,2,Friday,10:00,12:00,26395.7,26400,26200,0.741,0.057,0.336,0.392,9.13,27.7,150.75,178.45,31.0,129.7,160.7,17.75,1331.0,1131.0,48138.0,56138.0,55798.0
2026-01-02,2026-01-06,2,Friday,10:00,13:00,26395.7,26400,26200,0.741,0.057,0.336,0.392,9.13,27.7,150.75,178.45,32.45,124.2,156.65,21.8,1635.0,1435.0,61064.0,69064.0,68723.0
2026-01-02,2026-01-06,2,Friday,10:00,15:25,26395.7,26400,26200,0.741,0.057,0.336,0.392,9.13,27.7,150.75,178.45,37.0,107.55,144.55,33.9,2542.0,2342.0,99681.0,107681.0,107340.0
2026-01-02,2026-01-06,2,Friday,10:30,11:00,26395.6,26400,26200,0.741,0.057,0.336,0.392,9.13,25.35,152.75,178.1,27.55,144.0,171.55,6.55,491.0,291.0,12394.0,20394.0,20053.0
2026-01-02,2026-01-06,2,Friday,10:30,12:00,26395.6,26400,26200,0.741,0.057,0.336,0.392,9.13,25.35,152.75,178.1,31.0,129.7,160.7,17.4,1305.0,1105.0,47021.0,55021.0,54681.0
2026-01-02,2026-01-06,2,Friday,10:30,13:00,26395.6,26400,26200,0.741,0.057,0.336,0.392,9.13,25.35,152.75,178.1,32.45,124.2,156.65,21.45,1609.0,1409.0,59947.0,67947.0,67606.0
2026-01-02,2026-01-06,2,Friday,10:30,15:25,26395.6,26400,26200,0.741,0.057,0.336,0.392,9.13,25.35,152.75,178.1,37.0,107.55,144.55,33.55,2516.0,2316.0,98564.0,106564.0,106223.0
2026-01-09,2026-01-13,2,Friday,09:30,11:00,25978.9,26000,26000,0.081,0.004,0.124,0.366,9.01,51.15,145.95,197.1,36.8,176.6,213.4,-16.3,-1222.0,-1422.0,-60532.0,-52532.0,-52872.0
2026-01-09,2026-01-13,2,Friday,09:30,12:00,25978.9,26000,26000,0.081,0.004,0.124,0.366,9.01,51.15,145.95,197.1,22.25,239.3,261.55,-64.45,-4834.0,-5034.0,-214202.0,-206202.0,-206543.0
2026-01-09,2026-01-13,2,Friday,09:30,13:00,25978.9,26000,26000,0.081,0.004,0.124,0.366,9.01,51.15,145.95,197.1,16.35,294.0,310.35,-113.25,-8494.0,-8694.0,-369947.0,-361947.0,-362287.0
2026-01-09,2026-01-13,2,Friday,09:30,15:25,25978.9,26000,26000,0.081,0.004,0.124,0.366,9.01,51.15,145.95,197.1,22.9,300.25,323.15,-126.05,-9454.0,-9654.0,-410798.0,-402798.0,-403138.0
2026-01-09,2026-01-13,2,Friday,10:00,11:00,26008.1,26000,26000,0.031,0.004,0.124,0.366,9.01,59.95,130.75,190.7,36.8,176.6,213.4,-22.7,-1702.0,-1902.0,-80957.0,-72957.0,-73298.0
2026-01-09,2026-01-13,2,Friday,10:00,12:00,26008.1,26000,26000,0.031,0.004,0.124,0.366,9.01,59.95,130.75,190.7,22.25,239.3,261.55,-70.85,-5314.0,-5514.0,-234628.0,-226628.0,-226968.0
2026-01-09,2026-01-13,2,Friday,10:00,13:00,26008.1,26000,26000,0.031,0.004,0.124,0.366,9.01,59.95,130.75,190.7,16.35,294.0,310.35,-119.65,-8974.0,-9174.0,-390372.0,-382372.0,-382713.0
2026-01-09,2026-01-13,2,Friday,10:00,15:25,26008.1,26000,26000,0.031,0.004,0.124,0.366,9.01,59.95,130.75,190.7,22.9,300.25,323.15,-132.45,-9934.0,-10134.0,-431223.0,-423223.0,-423564.0
2026-01-09,2026-01-13,2,Friday,10:30,11:00,25990.0,26000,26000,0.038,0.004,0.124,0.366,9.01,53.95,135.85,189.8,36.8,176.6,213.4,-23.6,-1770.0,-1970.0,-83830.0,-75830.0,-76170.0
2026-01-09,2026-01-13,2,Friday,10:30,12:00,25990.0,26000,26000,0.038,0.004,0.124,0.366,9.01,53.95,135.85,189.8,22.25,239.3,261.55,-71.75,-5381.0,-5581.0,-237500.0,-229500.0,-229840.0
2026-01-09,2026-01-13,2,Friday,10:30,13:00,25990.0,26000,26000,0.038,0.004,0.124,0.366,9.01,53.95,135.85,189.8,16.35,294.0,310.35,-120.55,-9041.0,-9241.0,-393245.0,-385245.0,-385585.0
2026-01-09,2026-01-13,2,Friday,10:30,15:25,25990.0,26000,26000,0.038,0.004,0.124,0.366,9.01,53.95,135.85,189.8,22.9,300.25,323.15,-133.35,-10001.0,-10201.0,-434096.0,-426096.0,-426436.0
2026-01-16,2026-01-20,2,Friday,09:30,11:00,25782.0,25800,25700,0.318,0.218,0.613,0.779,9.16,82.0,142.5,224.5,146.8,78.25,225.05,-0.55,-41.0,-241.0,-10266.0,-2266.0,-2606.0
2026-01-16,2026-01-20,2,Friday,09:30,12:00,25782.0,25800,25700,0.318,0.218,0.613,0.779,9.16,82.0,142.5,224.5,108.9,101.4,210.3,14.2,1065.0,865.0,36809.0,44809.0,44468.0
2026-01-16,2026-01-20,2,Friday,09:30,13:00,25782.0,25800,25700,0.318,0.218,0.613,0.779,9.16,82.0,142.5,224.5,91.2,117.7,208.9,15.6,1170.0,970.0,41277.0,49277.0,48936.0
2026-01-16,2026-01-20,2,Friday,09:30,15:25,25782.0,25800,25700,0.318,0.218,0.613,0.779,9.16,82.0,142.5,224.5,70.7,144.2,214.9,9.6,720.0,520.0,22128.0,30128.0,29787.0
2026-01-16,2026-01-20,2,Friday,10:00,11:00,25812.7,25800,25700,0.437,0.218,0.613,0.779,9.16,91.95,118.05,210.0,146.8,78.25,225.05,-15.05,-1129.0,-1329.0,-56543.0,-48543.0,-48883.0
2026-01-16,2026-01-20,2,Friday,10:00,12:00,25812.7,25800,25700,0.437,0.218,0.613,0.779,9.16,91.95,118.05,210.0,108.9,101.4,210.3,-0.3,-23.0,-223.0,-9468.0,-1468.0,-1809.0
2026-01-16,2026-01-20,2,Friday,10:00,13:00,25812.7,25800,25700,0.437,0.218,0.613,0.779,9.16,91.95,118.05,210.0,91.2,117.7,208.9,1.1,82.0,-118.0,-5000.0,3000.0,2660.0
2026-01-16,2026-01-20,2,Friday,10:00,15:25,25812.7,25800,25700,0.437,0.218,0.613,0.779,9.16,91.95,118.05,210.0,70.7,144.2,214.9,-4.9,-367.0,-567.0,-24149.0,-16149.0,-16489.0
2026-01-16,2026-01-20,2,Friday,10:30,11:00,25941.6,25950,25700,0.931,0.218,0.613,0.779,9.16,87.0,137.1,224.1,69.6,151.95,221.55,2.55,191.0,-9.0,-372.0,7628.0,7287.0
2026-01-16,2026-01-20,2,Friday,10:30,12:00,25941.6,25950,25700,0.931,0.218,0.613,0.779,9.16,87.0,137.1,224.1,48.1,191.55,239.65,-15.55,-1166.0,-1366.0,-58138.0,-50138.0,-50479.0
2026-01-16,2026-01-20,2,Friday,10:30,13:00,25941.6,25950,25700,0.931,0.218,0.613,0.779,9.16,87.0,137.1,224.1,39.1,216.05,255.15,-31.05,-2329.0,-2529.0,-107606.0,-99606.0,-99947.0
2026-01-16,2026-01-20,2,Friday,10:30,15:25,25941.6,25950,25700,0.931,0.218,0.613,0.779,9.16,87.0,137.1,224.1,29.15,252.85,282.0,-57.9,-4342.0,-4542.0,-193298.0,-185298.0,-185638.0
2026-01-23,2026-01-27,2,Friday,09:30,11:00,25348.8,25350,25300,0.193,0.019,0.236,0.44,10.11,118.9,116.8,235.7,85.8,127.0,212.8,22.9,1717.0,1517.0,64574.0,72574.0,72234.0
2026-01-23,2026-01-27,2,Friday,09:30,12:00,25348.8,25350,25300,0.193,0.019,0.236,0.44,10.11,118.9,116.8,235.7,59.25,173.0,232.25,3.45,259.0,59.0,2500.0,10500.0,10160.0
2026-01-23,2026-01-27,2,Friday,09:30,13:00,25348.8,25350,25300,0.193,0.019,0.236,0.44,10.11,118.9,116.8,235.7,53.4,162.65,216.05,19.65,1474.0,1274.0,54202.0,62202.0,61862.0
2026-01-23,2026-01-27,2,Friday,09:30,15:25,25348.8,25350,25300,0.193,0.019,0.236,0.44,10.11,118.9,116.8,235.7,29.3,291.25,320.55,-84.85,-6364.0,-6564.0,-279309.0,-271309.0,-271649.0
2026-01-23,2026-01-27,2,Friday,10:00,11:00,25323.8,25300,25300,0.094,0.019,0.236,0.44,10.11,126.95,103.0,229.95,111.3,102.2,213.5,16.45,1234.0,1034.0,43989.0,51989.0,51649.0
2026-01-23,2026-01-27,2,Friday,10:00,12:00,25323.8,25300,25300,0.094,0.019,0.236,0.44,10.11,126.95,103.0,229.95,78.1,142.2,220.3,9.65,724.0,524.0,22287.0,30287.0,29947.0
2026-01-23,2026-01-27,2,Friday,10:00,13:00,25323.8,25300,25300,0.094,0.019,0.236,0.44,10.11,126.95,103.0,229.95,71.5,131.5,203.0,26.95,2021.0,1821.0,77500.0,85500.0,85160.0
2026-01-23,2026-01-27,2,Friday,10:00,15:25,25323.8,25300,25300,0.094,0.019,0.236,0.44,10.11,126.95,103.0,229.95,37.3,249.5,286.8,-56.85,-4264.0,-4464.0,-189947.0,-181947.0,-182287.0
2026-01-23,2026-01-27,2,Friday,10:30,11:00,25329.0,25350,25300,0.114,0.019,0.236,0.44,10.11,101.1,117.4,218.5,85.8,127.0,212.8,5.7,427.0,227.0,9681.0,17681.0,17340.0
2026-01-23,2026-01-27,2,Friday,10:30,12:00,25329.0,25350,25300,0.114,0.019,0.236,0.44,10.11,101.1,117.4,218.5,59.25,173.0,232.25,-13.75,-1031.0,-1231.0,-52394.0,-44394.0,-44734.0
2026-01-23,2026-01-27,2,Friday,10:30,13:00,25329.0,25350,25300,0.114,0.019,0.236,0.44,10.11,101.1,117.4,218.5,53.4,162.65,216.05,2.45,184.0,-16.0,-691.0,7309.0,6968.0
2026-01-23,2026-01-27,2,Friday,10:30,15:25,25329.0,25350,25300,0.114,0.019,0.236,0.44,10.11,101.1,117.4,218.5,29.3,291.25,320.55,-102.05,-7654.0,-7854.0,-334202.0,-326202.0,-326543.0
2026-01-30,2026-02-03,2,Friday,09:30,11:00,25330.4,25350,25300,0.12,-0.495,0.144,0.405,10.85,152.0,255.55,407.55,179.5,213.2,392.7,14.85,1114.0,914.0,38883.0,46883.0,46543.0
2026-01-30,2026-02-03,2,Friday,09:30,12:00,25330.4,25350,25300,0.12,-0.495,0.144,0.405,10.85,152.0,255.55,407.55,163.7,245.6,409.3,-1.75,-131.0,-331.0,-14096.0,-6096.0,-6436.0
2026-01-30,2026-02-03,2,Friday,09:30,13:00,25330.4,25350,25300,0.12,-0.495,0.144,0.405,10.85,152.0,255.55,407.55,181.0,219.75,400.75,6.8,510.0,310.0,13191.0,21191.0,20851.0
2026-01-30,2026-02-03,2,Friday,09:30,15:25,25330.4,25350,25300,0.12,-0.495,0.144,0.405,10.85,152.0,255.55,407.55,189.15,198.25,387.4,20.15,1511.0,1311.0,55798.0,63798.0,63457.0
2026-01-30,2026-02-03,2,Friday,10:00,11:00,25387.7,25400,25300,0.345,-0.495,0.144,0.405,10.85,152.95,251.8,404.75,157.0,240.05,397.05,7.7,577.0,377.0,16064.0,24064.0,23723.0
2026-01-30,2026-02-03,2,Friday,10:00,12:00,25387.7,25400,25300,0.345,-0.495,0.144,0.405,10.85,152.95,251.8,404.75,143.9,275.0,418.9,-14.15,-1061.0,-1261.0,-53670.0,-45670.0,-46011.0
2026-01-30,2026-02-03,2,Friday,10:00,13:00,25387.7,25400,25300,0.345,-0.495,0.144,0.405,10.85,152.95,251.8,404.75,158.1,246.9,405.0,-0.25,-19.0,-219.0,-9309.0,-1309.0,-1649.0
2026-01-30,2026-02-03,2,Friday,10:00,15:25,25387.7,25400,25300,0.345,-0.495,0.144,0.405,10.85,152.95,251.8,404.75,165.15,224.0,389.15,15.6,1170.0,970.0,41277.0,49277.0,48936.0
2026-01-30,2026-02-03,2,Friday,10:30,11:00,25375.0,25400,25300,0.296,-0.495,0.144,0.405,10.85,148.7,260.9,409.6,157.0,240.05,397.05,12.55,941.0,741.0,31543.0,39543.0,39202.0
2026-01-30,2026-02-03,2,Friday,10:30,12:00,25375.0,25400,25300,0.296,-0.495,0.144,0.405,10.85,148.7,260.9,409.6,143.9,275.0,418.9,-9.3,-698.0,-898.0,-38191.0,-30191.0,-30532.0
2026-01-30,2026-02-03,2,Friday,10:30,13:00,25375.0,25400,25300,0.296,-0.495,0.144,0.405,10.85,148.7,260.9,409.6,158.1,246.9,405.0,4.6,345.0,145.0,6170.0,14170.0,13830.0
2026-01-30,2026-02-03,2,Friday,10:30,15:25,25375.0,25400,25300,0.296,-0.495,0.144,0.405,10.85,148.7,260.9,409.6,165.15,224.0,389.15,20.45,1534.0,1334.0,56755.0,64755.0,64415.0
2026-02-06,2026-02-10,2,Friday,09:30,11:00,25653.0,25650,25600,0.207,-0.299,0.222,0.456,15.11,89.15,154.7,243.85,62.65,184.65,247.3,-3.45,-259.0,-459.0,-19521.0,-11521.0,-11862.0
2026-02-06,2026-02-10,2,Friday,09:30,12:00,25653.0,25650,25600,0.207,-0.299,0.222,0.456,15.11,89.15,154.7,243.85,106.65,117.15,223.8,20.05,1504.0,1304.0,55479.0,63479.0,63138.0
2026-02-06,2026-02-10,2,Friday,09:30,13:00,25653.0,25650,25600,0.207,-0.299,0.222,0.456,15.11,89.15,154.7,243.85,69.35,154.05,223.4,20.45,1534.0,1334.0,56755.0,64755.0,64415.0
2026-02-06,2026-02-10,2,Friday,09:30,15:25,25653.0,25650,25600,0.207,-0.299,0.222,0.456,15.11,89.15,154.7,243.85,116.15,91.75,207.9,35.95,2696.0,2496.0,106223.0,114223.0,113883.0
2026-02-06,2026-02-10,2,Friday,10:00,11:00,25631.2,25650,25600,0.122,-0.299,0.222,0.456,15.11,80.65,164.0,244.65,62.65,184.65,247.3,-2.65,-199.0,-399.0,-16968.0,-8968.0,-9309.0
2026-02-06,2026-02-10,2,Friday,10:00,12:00,25631.2,25650,25600,0.122,-0.299,0.222,0.456,15.11,80.65,164.0,244.65,106.65,117.15,223.8,20.85,1564.0,1364.0,58032.0,66032.0,65691.0
2026-02-06,2026-02-10,2,Friday,10:00,13:00,25631.2,25650,25600,0.122,-0.299,0.222,0.456,15.11,80.65,164.0,244.65,69.35,154.05,223.4,21.25,1594.0,1394.0,59309.0,67309.0,66968.0
2026-02-06,2026-02-10,2,Friday,10:00,15:25,25631.2,25650,25600,0.122,-0.299,0.222,0.456,15.11,80.65,164.0,244.65,116.15,91.75,207.9,36.75,2756.0,2556.0,108777.0,116777.0,116436.0
2026-02-06,2026-02-10,2,Friday,10:30,11:00,25582.0,25600,25600,0.07,-0.299,0.222,0.456,15.11,77.55,159.4,236.95,80.05,152.1,232.15,4.8,360.0,160.0,6809.0,14809.0,14468.0
2026-02-06,2026-02-10,2,Friday,10:30,12:00,25582.0,25600,25600,0.07,-0.299,0.222,0.456,15.11,77.55,159.4,236.95,133.5,93.85,227.35,9.6,720.0,520.0,22128.0,30128.0,29787.0
2026-02-06,2026-02-10,2,Friday,10:30,13:00,25582.0,25600,25600,0.07,-0.299,0.222,0.456,15.11,77.55,159.4,236.95,88.65,123.75,212.4,24.55,1841.0,1641.0,69840.0,77840.0,77500.0
2026-02-06,2026-02-10,2,Friday,10:30,15:25,25582.0,25600,25600,0.07,-0.299,0.222,0.456,15.11,77.55,159.4,236.95,145.6,71.65,217.25,19.7,1477.0,1277.0,54362.0,62362.0,62021.0
2026-02-13,2026-02-17,2,Friday,09:30,11:00,25630.0,25650,26000,1.444,-0.48,0.432,0.557,14.61,79.95,134.2,214.15,69.75,137.85,207.6,6.55,491.0,291.0,12394.0,20394.0,20053.0
2026-02-13,2026-02-17,2,Friday,09:30,12:00,25630.0,25650,26000,1.444,-0.48,0.432,0.557,14.61,79.95,134.2,214.15,67.15,139.35,206.5,7.65,574.0,374.0,15904.0,23904.0,23564.0
2026-02-13,2026-02-17,2,Friday,09:30,13:00,25630.0,25650,26000,1.444,-0.48,0.432,0.557,14.61,79.95,134.2,214.15,64.0,142.5,206.5,7.65,574.0,374.0,15904.0,23904.0,23564.0
2026-02-13,2026-02-17,2,Friday,09:30,15:25,25630.0,25650,26000,1.444,-0.48,0.432,0.557,14.61,79.95,134.2,214.15,55.2,211.7,266.9,-52.75,-3956.0,-4156.0,-176862.0,-168862.0,-169202.0
2026-02-13,2026-02-17,2,Friday,10:00,11:00,25609.9,25600,26000,1.523,-0.48,0.432,0.557,14.61,93.9,118.7,212.6,91.85,109.7,201.55,11.05,829.0,629.0,26755.0,34755.0,34415.0
2026-02-13,2026-02-17,2,Friday,10:00,12:00,25609.9,25600,26000,1.523,-0.48,0.432,0.557,14.61,93.9,118.7,212.6,88.3,110.3,198.6,14.0,1050.0,850.0,36170.0,44170.0,43830.0
2026-02-13,2026-02-17,2,Friday,10:00,13:00,25609.9,25600,26000,1.523,-0.48,0.432,0.557,14.61,93.9,118.7,212.6,84.7,113.0,197.7,14.9,1118.0,918.0,39043.0,47043.0,46702.0
2026-02-13,2026-02-17,2,Friday,10:00,15:25,25609.9,25600,26000,1.523,-0.48,0.432,0.557,14.61,93.9,118.7,212.6,69.3,176.5,245.8,-33.2,-2490.0,-2690.0,-114468.0,-106468.0,-106809.0
2026-02-13,2026-02-17,2,Friday,10:30,11:00,25615.0,25600,26000,1.503,-0.48,0.432,0.557,14.61,95.5,115.35,210.85,91.85,109.7,201.55,9.3,697.0,497.0,21170.0,29170.0,28830.0
2026-02-13,2026-02-17,2,Friday,10:30,12:00,25615.0,25600,26000,1.503,-0.48,0.432,0.557,14.61,95.5,115.35,210.85,88.3,110.3,198.6,12.25,919.0,719.0,30585.0,38585.0,38245.0
2026-02-13,2026-02-17,2,Friday,10:30,13:00,25615.0,25600,26000,1.503,-0.48,0.432,0.557,14.61,95.5,115.35,210.85,84.7,113.0,197.7,13.15,986.0,786.0,33457.0,41457.0,41117.0
2026-02-13,2026-02-17,2,Friday,10:30,15:25,25615.0,25600,26000,1.503,-0.48,0.432,0.557,14.61,95.5,115.35,210.85,69.3,176.5,245.8,-34.95,-2621.0,-2821.0,-120053.0,-112053.0,-112394.0
2026-02-20,2026-02-24,2,Friday,09:30,11:00,25440.0,25450,25500,0.236,0.02,0.583,0.766,16.08,123.6,133.9,257.5,230.8,79.2,310.0,-52.5,-3938.0,-4138.0,-176064.0,-168064.0,-168404.0
2026-02-20,2026-02-24,2,Friday,09:30,12:00,25440.0,25450,25500,0.236,0.02,0.583,0.766,16.08,123.6,133.9,257.5,241.2,72.95,314.15,-56.65,-4249.0,-4449.0,-189309.0,-181309.0,-181649.0
2026-02-20,2026-02-24,2,Friday,09:30,13:00,25440.0,25450,25500,0.236,0.02,0.583,0.766,16.08,123.6,133.9,257.5,235.7,72.7,308.4,-50.9,-3817.0,-4017.0,-170957.0,-162957.0,-163298.0
2026-02-20,2026-02-24,2,Friday,09:30,15:25,25440.0,25450,25500,0.236,0.02,0.583,0.766,16.08,123.6,133.9,257.5,209.4,73.05,282.45,-24.95,-1871.0,-2071.0,-88138.0,-80138.0,-80479.0
2026-02-20,2026-02-24,2,Friday,10:00,11:00,25527.6,25550,25500,0.108,0.02,0.583,0.766,16.08,119.4,141.7,261.1,164.5,112.95,277.45,-16.35,-1226.0,-1426.0,-60691.0,-52691.0,-53032.0
2026-02-20,2026-02-24,2,Friday,10:00,12:00,25527.6,25550,25500,0.108,0.02,0.583,0.766,16.08,119.4,141.7,261.1,172.05,103.25,275.3,-14.2,-1065.0,-1265.0,-53830.0,-45830.0,-46170.0
2026-02-20,2026-02-24,2,Friday,10:00,13:00,25527.6,25550,25500,0.108,0.02,0.583,0.766,16.08,119.4,141.7,261.1,167.0,103.95,270.95,-9.85,-739.0,-939.0,-39947.0,-31947.0,-32287.0
2026-02-20,2026-02-24,2,Friday,10:00,15:25,25527.6,25550,25500,0.108,0.02,0.583,0.766,16.08,119.4,141.7,261.1,142.0,106.95,248.95,12.15,911.0,711.0,30266.0,38266.0,37926.0
2026-02-20,2026-02-24,2,Friday,10:30,11:00,25585.1,25600,25500,0.333,0.02,0.583,0.766,16.08,126.55,142.2,268.75,136.2,134.45,270.65,-1.9,-142.0,-342.0,-14574.0,-6574.0,-6915.0
2026-02-20,2026-02-24,2,Friday,10:30,12:00,25585.1,25600,25500,0.333,0.02,0.583,0.766,16.08,126.55,142.2,268.75,142.25,123.1,265.35,3.4,255.0,55.0,2340.0,10340.0,10000.0
2026-02-20,2026-02-24,2,Friday,10:30,13:00,25585.1,25600,25500,0.333,0.02,0.583,0.766,16.08,126.55,142.2,268.75,137.9,123.5,261.4,7.35,551.0,351.0,14947.0,22947.0,22606.0
2026-02-20,2026-02-24,2,Friday,10:30,15:25,25585.1,25600,25500,0.333,0.02,0.583,0.766,16.08,126.55,142.2,268.75,115.0,125.8,240.8,27.95,2096.0,1896.0,80691.0,88691.0,88351.0
2026-02-26,2026-03-02,2,Thursday,09:30,11:00,25659.6,25650,25500,0.622,0.215,0.006,0.347,15.68,80.6,194.1,274.7,70.7,197.45,268.15,6.55,491.0,291.0,12394.0,20394.0,20053.0
2026-02-26,2026-03-02,2,Thursday,09:30,12:00,25659.6,25650,25500,0.622,0.215,0.006,0.347,15.68,80.6,194.1,274.7,58.1,235.0,293.1,-18.4,-1380.0,-1580.0,-67234.0,-59234.0,-59574.0
2026-02-26,2026-03-02,2,Thursday,09:30,13:00,25659.6,25650,25500,0.622,0.215,0.006,0.347,15.68,80.6,194.1,274.7,49.9,259.55,309.45,-34.75,-2606.0,-2806.0,-119415.0,-111415.0,-111755.0
2026-02-26,2026-03-02,2,Thursday,09:30,15:25,25659.6,25650,25500,0.622,0.215,0.006,0.347,15.68,80.6,194.1,274.7,62.8,197.3,260.1,14.6,1095.0,895.0,38085.0,46085.0,45745.0
2026-02-26,2026-03-02,2,Thursday,10:00,11:00,25665.6,25650,25500,0.645,0.215,0.006,0.347,15.68,78.4,188.05,266.45,70.7,197.45,268.15,-1.7,-127.0,-327.0,-13936.0,-5936.0,-6277.0
2026-02-26,2026-03-02,2,Thursday,10:00,12:00,25665.6,25650,25500,0.645,0.215,0.006,0.347,15.68,78.4,188.05,266.45,58.1,235.0,293.1,-26.65,-1999.0,-2199.0,-93564.0,-85564.0,-85904.0
2026-02-26,2026-03-02,2,Thursday,10:00,13:00,25665.6,25650,25500,0.645,0.215,0.006,0.347,15.68,78.4,188.05,266.45,49.9,259.55,309.45,-43.0,-3225.0,-3425.0,-145745.0,-137745.0,-138085.0
2026-02-26,2026-03-02,2,Thursday,10:00,15:25,25665.6,25650,25500,0.645,0.215,0.006,0.347,15.68,78.4,188.05,266.45,62.8,197.3,260.1,6.35,476.0,276.0,11755.0,19755.0,19415.0
2026-02-26,2026-03-02,2,Thursday,10:30,11:00,25675.0,25700,25500,0.682,0.215,0.006,0.347,15.68,61.05,214.75,275.8,55.1,232.15,287.25,-11.45,-859.0,-1059.0,-45053.0,-37053.0,-37394.0
2026-02-26,2026-03-02,2,Thursday,10:30,12:00,25675.0,25700,25500,0.682,0.215,0.006,0.347,15.68,61.05,214.75,275.8,45.2,273.9,319.1,-43.3,-3247.0,-3447.0,-146702.0,-138702.0,-139043.0
2026-02-26,2026-03-02,2,Thursday,10:30,13:00,25675.0,25700,25500,0.682,0.215,0.006,0.347,15.68,61.05,214.75,275.8,39.2,297.0,336.2,-60.4,-4530.0,-4730.0,-201277.0,-193277.0,-193617.0
2026-02-26,2026-03-02,2,Thursday,10:30,15:25,25675.0,25700,25500,0.682,0.215,0.006,0.347,15.68,61.05,214.75,275.8,48.65,233.0,281.65,-5.85,-439.0,-639.0,-27181.0,-19181.0,-19521.0
2026-03-06,2026-03-10,2,Friday,09:30,11:00,24744.9,24750,24600,0.586,-0.572,0.221,0.424,14.72,164.05,262.1,426.15,139.95,289.1,429.05,-2.9,-217.0,-417.0,-17766.0,-9766.0,-10106.0
2026-03-06,2026-03-10,2,Friday,09:30,12:00,24744.9,24750,24600,0.586,-0.572,0.221,0.424,14.72,164.05,262.1,426.15,143.95,266.15,410.1,16.05,1204.0,1004.0,42713.0,50713.0,50372.0
2026-03-06,2026-03-10,2,Friday,09:30,13:00,24744.9,24750,24600,0.586,-0.572,0.221,0.424,14.72,164.05,262.1,426.15,138.75,277.05,415.8,10.35,776.0,576.0,24521.0,32521.0,32181.0
2026-03-06,2026-03-10,2,Friday,09:30,15:25,24744.9,24750,24600,0.586,-0.572,0.221,0.424,14.72,164.05,262.1,426.15,98.45,388.55,487.0,-60.85,-4564.0,-4764.0,-202713.0,-194713.0,-195053.0
2026-03-06,2026-03-10,2,Friday,10:00,11:00,24723.2,24700,24600,0.498,-0.572,0.221,0.424,14.72,180.15,245.65,425.8,162.15,261.9,424.05,1.75,131.0,-69.0,-2926.0,5074.0,4734.0
2026-03-06,2026-03-10,2,Friday,10:00,12:00,24723.2,24700,24600,0.498,-0.572,0.221,0.424,14.72,180.15,245.65,425.8,167.55,238.8,406.35,19.45,1459.0,1259.0,53564.0,61564.0,61223.0
2026-03-06,2026-03-10,2,Friday,10:00,13:00,24723.2,24700,24600,0.498,-0.572,0.221,0.424,14.72,180.15,245.65,425.8,161.6,249.5,411.1,14.7,1102.0,902.0,38404.0,46404.0,46064.0
2026-03-06,2026-03-10,2,Friday,10:00,15:25,24723.2,24700,24600,0.498,-0.572,0.221,0.424,14.72,180.15,245.65,425.8,115.0,356.0,471.0,-45.2,-3390.0,-3590.0,-152766.0,-144766.0,-145106.0
2026-03-06,2026-03-10,2,Friday,10:30,11:00,24728.0,24750,24600,0.518,-0.572,0.221,0.424,14.72,154.45,265.6,420.05,139.95,289.1,429.05,-9.0,-675.0,-875.0,-37234.0,-29234.0,-29574.0
2026-03-06,2026-03-10,2,Friday,10:30,12:00,24728.0,24750,24600,0.518,-0.572,0.221,0.424,14.72,154.45,265.6,420.05,143.95,266.15,410.1,9.95,746.0,546.0,23245.0,31245.0,30904.0
2026-03-06,2026-03-10,2,Friday,10:30,13:00,24728.0,24750,24600,0.518,-0.572,0.221,0.424,14.72,154.45,265.6,420.05,138.75,277.05,415.8,4.25,319.0,119.0,5053.0,13053.0,12713.0
2026-03-06,2026-03-10,2,Friday,10:30,15:25,24728.0,24750,24600,0.518,-0.572,0.221,0.424,14.72,154.45,265.6,420.05,98.45,388.55,487.0,-66.95,-5021.0,-5221.0,-222181.0,-214181.0,-214521.0
2026-03-13,2026-03-17,2,Friday,09:30,11:00,23552.9,23550,23500,0.225,-0.923,0.255,0.761,17.91,197.65,260.4,458.05,162.55,320.05,482.6,-24.55,-1841.0,-2041.0,-86862.0,-78862.0,-79202.0
2026-03-13,2026-03-17,2,Friday,09:30,12:00,23552.9,23550,23500,0.225,-0.923,0.255,0.761,17.91,197.65,260.4,458.05,151.9,329.55,481.45,-23.4,-1755.0,-1955.0,-83191.0,-75191.0,-75532.0
2026-03-13,2026-03-17,2,Friday,09:30,13:00,23552.9,23550,23500,0.225,-0.923,0.255,0.761,17.91,197.65,260.4,458.05,118.95,427.55,546.5,-88.45,-6634.0,-6834.0,-290798.0,-282798.0,-283138.0
2026-03-13,2026-03-17,2,Friday,09:30,15:25,23552.9,23550,23500,0.225,-0.923,0.255,0.761,17.91,197.65,260.4,458.05,95.15,486.6,581.75,-123.7,-9278.0,-9478.0,-403298.0,-395298.0,-395638.0
2026-03-13,2026-03-17,2,Friday,10:00,11:00,23417.0,23400,23500,0.354,-0.923,0.255,0.761,17.91,221.3,263.9,485.2,233.25,241.0,474.25,10.95,821.0,621.0,26436.0,34436.0,34096.0
2026-03-13,2026-03-17,2,Friday,10:00,12:00,23417.0,23400,23500,0.354,-0.923,0.255,0.761,17.91,221.3,263.9,485.2,220.8,248.4,469.2,16.0,1200.0,1000.0,42553.0,50553.0,50213.0
2026-03-13,2026-03-17,2,Friday,10:00,13:00,23417.0,23400,23500,0.354,-0.923,0.255,0.761,17.91,221.3,263.9,485.2,174.65,334.0,508.65,-23.45,-1759.0,-1959.0,-83351.0,-75351.0,-75691.0
2026-03-13,2026-03-17,2,Friday,10:00,15:25,23417.0,23400,23500,0.354,-0.923,0.255,0.761,17.91,221.3,263.9,485.2,140.85,381.65,522.5,-37.3,-2798.0,-2998.0,-127553.0,-119553.0,-119894.0
2026-03-13,2026-03-17,2,Friday,10:30,11:00,23437.0,23450,23500,0.269,-0.923,0.255,0.761,17.91,200.15,282.9,483.05,207.7,265.8,473.5,9.55,716.0,516.0,21968.0,29968.0,29628.0
2026-03-13,2026-03-17,2,Friday,10:30,12:00,23437.0,23450,23500,0.269,-0.923,0.255,0.761,17.91,200.15,282.9,483.05,195.9,273.5,469.4,13.65,1024.0,824.0,35053.0,43053.0,42713.0
2026-03-13,2026-03-17,2,Friday,10:30,13:00,23437.0,23450,23500,0.269,-0.923,0.255,0.761,17.91,200.15,282.9,483.05,154.3,363.7,518.0,-34.95,-2621.0,-2821.0,-120053.0,-112053.0,-112394.0
2026-03-13,2026-03-17,2,Friday,10:30,15:25,23437.0,23450,23500,0.269,-0.923,0.255,0.761,17.91,200.15,282.9,483.05,124.05,414.7,538.75,-55.7,-4178.0,-4378.0,-186277.0,-178277.0,-178617.0
2026-03-20,2026-03-24,2,Friday,09:30,11:00,23307.7,23300,23000,1.32,0.235,0.449,0.733,22.09,230.7,245.8,476.5,240.9,236.15,477.05,-0.55,-41.0,-241.0,-10266.0,-2266.0,-2606.0
2026-03-20,2026-03-24,2,Friday,09:30,12:00,23307.7,23300,23000,1.32,0.235,0.449,0.733,22.09,230.7,245.8,476.5,211.9,259.7,471.6,4.9,367.0,167.0,7128.0,15128.0,14787.0
2026-03-20,2026-03-24,2,Friday,09:30,13:00,23307.7,23300,23000,1.32,0.235,0.449,0.733,22.09,230.7,245.8,476.5,201.15,279.0,480.15,-3.65,-274.0,-474.0,-20160.0,-12160.0,-12500.0
2026-03-20,2026-03-24,2,Friday,09:30,15:25,23307.7,23300,23000,1.32,0.235,0.449,0.733,22.09,230.7,245.8,476.5,158.2,326.95,485.15,-8.65,-649.0,-849.0,-36117.0,-28117.0,-28457.0
2026-03-20,2026-03-24,2,Friday,10:00,11:00,23274.0,23250,23000,1.177,0.235,0.449,0.733,22.09,249.3,247.75,497.05,269.5,214.75,484.25,12.8,960.0,760.0,32340.0,40340.0,40000.0
2026-03-20,2026-03-24,2,Friday,10:00,12:00,23274.0,23250,23000,1.177,0.235,0.449,0.733,22.09,249.3,247.75,497.05,237.85,235.85,473.7,23.35,1751.0,1551.0,66011.0,74011.0,73670.0
2026-03-20,2026-03-24,2,Friday,10:00,13:00,23274.0,23250,23000,1.177,0.235,0.449,0.733,22.09,249.3,247.75,497.05,226.45,254.85,481.3,15.75,1181.0,981.0,41755.0,49755.0,49415.0
2026-03-20,2026-03-24,2,Friday,10:00,15:25,23274.0,23250,23000,1.177,0.235,0.449,0.733,22.09,249.3,247.75,497.05,179.0,297.6,476.6,20.45,1534.0,1334.0,56755.0,64755.0,64415.0
2026-03-20,2026-03-24,2,Friday,10:30,11:00,23290.0,23300,23000,1.245,0.235,0.449,0.733,22.09,225.4,261.0,486.4,240.9,236.15,477.05,9.35,701.0,501.0,21330.0,29330.0,28989.0
2026-03-20,2026-03-24,2,Friday,10:30,12:00,23290.0,23300,23000,1.245,0.235,0.449,0.733,22.09,225.4,261.0,486.4,211.9,259.7,471.6,14.8,1110.0,910.0,38723.0,46723.0,46383.0
2026-03-20,2026-03-24,2,Friday,10:30,13:00,23290.0,23300,23000,1.245,0.235,0.449,0.733,22.09,225.4,261.0,486.4,201.15,279.0,480.15,6.25,469.0,269.0,11436.0,19436.0,19096.0
2026-03-20,2026-03-24,2,Friday,10:30,15:25,23290.0,23300,23000,1.245,0.235,0.449,0.733,22.09,225.4,261.0,486.4,158.2,326.95,485.15,1.25,94.0,-106.0,-4521.0,3479.0,3138.0
2026-04-09,2026-04-13,2,Thursday,09:30,11:00,24000.1,24000,24000,0.0,-0.528,0.261,0.833,32.52,179.8,224.0,403.8,133.05,289.45,422.5,-18.7,-1402.0,-1602.0,-68191.0,-60191.0,-60532.0
2026-04-09,2026-04-13,2,Thursday,09:30,12:00,24000.1,24000,24000,0.0,-0.528,0.261,0.833,32.52,179.8,224.0,403.8,151.75,245.95,397.7,6.1,458.0,258.0,10957.0,18957.0,18617.0
2026-04-09,2026-04-13,2,Thursday,09:30,13:00,24000.1,24000,24000,0.0,-0.528,0.261,0.833,32.52,179.8,224.0,403.8,125.8,283.9,409.7,-5.9,-442.0,-642.0,-27340.0,-19340.0,-19681.0
2026-04-09,2026-04-13,2,Thursday,09:30,15:25,24000.1,24000,24000,0.0,-0.528,0.261,0.833,32.52,179.8,224.0,403.8,110.3,296.2,406.5,-2.7,-202.0,-402.0,-17128.0,-9128.0,-9468.0
2026-04-09,2026-04-13,2,Thursday,10:00,11:00,23845.0,23850,24000,0.65,-0.528,0.261,0.833,32.52,188.4,243.95,432.35,200.6,208.6,409.2,23.15,1736.0,1536.0,65372.0,73372.0,73032.0
2026-04-09,2026-04-13,2,Thursday,10:00,12:00,23845.0,23850,24000,0.65,-0.528,0.261,0.833,32.52,188.4,243.95,432.35,228.25,172.0,400.25,32.1,2408.0,2208.0,93936.0,101936.0,101596.0
2026-04-09,2026-04-13,2,Thursday,10:00,13:00,23845.0,23850,24000,0.65,-0.528,0.261,0.833,32.52,188.4,243.95,432.35,193.65,202.3,395.95,36.4,2730.0,2530.0,107660.0,115660.0,115319.0
2026-04-09,2026-04-13,2,Thursday,10:00,15:25,23845.0,23850,24000,0.65,-0.528,0.261,0.833,32.52,188.4,243.95,432.35,174.85,211.35,386.2,46.15,3461.0,3261.0,138777.0,146777.0,146436.0
2026-04-09,2026-04-13,2,Thursday,10:30,11:00,23923.1,23900,24000,0.321,-0.528,0.261,0.833,32.52,191.7,221.8,413.5,175.6,234.05,409.65,3.85,289.0,89.0,3777.0,11777.0,11436.0
2026-04-09,2026-04-13,2,Thursday,10:30,12:00,23923.1,23900,24000,0.321,-0.528,0.261,0.833,32.52,191.7,221.8,413.5,199.8,194.95,394.75,18.75,1406.0,1206.0,51330.0,59330.0,58989.0
2026-04-09,2026-04-13,2,Thursday,10:30,13:00,23923.1,23900,24000,0.321,-0.528,0.261,0.833,32.52,191.7,221.8,413.5,168.7,226.8,395.5,18.0,1350.0,1150.0,48936.0,56936.0,56596.0
2026-04-09,2026-04-13,2,Thursday,10:30,15:25,23923.1,23900,24000,0.321,-0.528,0.261,0.833,32.52,191.7,221.8,413.5,151.45,237.7,389.15,24.35,1826.0,1626.0,69202.0,77202.0,76862.0
2026-04-17,2026-04-21,2,Friday,09:30,11:00,24207.0,24200,24200,0.029,-0.059,0.479,0.89,32.67,176.7,175.55,352.25,199.95,145.05,345.0,7.25,544.0,344.0,14628.0,22628.0,22287.0
2026-04-17,2026-04-21,2,Friday,09:30,12:00,24207.0,24200,24200,0.029,-0.059,0.479,0.89,32.67,176.7,175.55,352.25,212.1,129.75,341.85,10.4,780.0,580.0,24681.0,32681.0,32340.0
2026-04-17,2026-04-21,2,Friday,09:30,13:00,24207.0,24200,24200,0.029,-0.059,0.479,0.89,32.67,176.7,175.55,352.25,201.6,133.3,334.9,17.35,1301.0,1101.0,46862.0,54862.0,54521.0
2026-04-17,2026-04-21,2,Friday,09:30,15:25,24207.0,24200,24200,0.029,-0.059,0.479,0.89,32.67,176.7,175.55,352.25,255.0,96.45,351.45,0.8,60.0,-140.0,-5957.0,2043.0,1702.0
2026-04-17,2026-04-21,2,Friday,10:00,11:00,24234.9,24250,24200,0.144,-0.059,0.479,0.89,32.67,159.3,184.5,343.8,171.3,166.85,338.15,5.65,424.0,224.0,9521.0,17521.0,17181.0
2026-04-17,2026-04-21,2,Friday,10:00,12:00,24234.9,24250,24200,0.144,-0.059,0.479,0.89,32.67,159.3,184.5,343.8,182.2,149.95,332.15,11.65,874.0,674.0,28670.0,36670.0,36330.0
2026-04-17,2026-04-21,2,Friday,10:00,13:00,24234.9,24250,24200,0.144,-0.059,0.479,0.89,32.67,159.3,184.5,343.8,172.95,154.9,327.85,15.95,1196.0,996.0,42394.0,50394.0,50053.0
2026-04-17,2026-04-21,2,Friday,10:00,15:25,24234.9,24250,24200,0.144,-0.059,0.479,0.89,32.67,159.3,184.5,343.8,221.2,113.0,334.2,9.6,720.0,520.0,22128.0,30128.0,29787.0
2026-04-17,2026-04-21,2,Friday,10:30,11:00,24287.8,24300,24200,0.361,-0.059,0.479,0.89,32.67,162.55,178.1,340.65,145.3,191.8,337.1,3.55,266.0,66.0,2819.0,10819.0,10479.0
2026-04-17,2026-04-21,2,Friday,10:30,12:00,24287.8,24300,24200,0.361,-0.059,0.479,0.89,32.67,162.55,178.1,340.65,155.2,172.75,327.95,12.7,952.0,752.0,32021.0,40021.0,39681.0
2026-04-17,2026-04-21,2,Friday,10:30,13:00,24287.8,24300,24200,0.361,-0.059,0.479,0.89,32.67,162.55,178.1,340.65,146.4,178.25,324.65,16.0,1200.0,1000.0,42553.0,50553.0,50213.0
2026-04-17,2026-04-21,2,Friday,10:30,15:25,24287.8,24300,24200,0.361,-0.059,0.479,0.89,32.67,162.55,178.1,340.65,189.2,131.55,320.75,19.9,1492.0,1292.0,55000.0,63000.0,62660.0
2025-04-21,2025-04-24,3,Monday,09:30,11:00,23914.5,23900,23500,1.733,0.113,0.73,0.818,,175.0,165.2,340.2,278.55,66.9,345.45,-5.25,-394.0,-594.0,-25266.0,-17266.0,-17606.0
2025-04-21,2025-04-24,3,Monday,09:30,12:00,23914.5,23900,23500,1.733,0.113,0.73,0.818,,175.0,165.2,340.2,290.0,58.45,348.45,-8.25,-619.0,-819.0,-34840.0,-26840.0,-27181.0
2025-04-21,2025-04-24,3,Monday,09:30,13:00,23914.5,23900,23500,1.733,0.113,0.73,0.818,,175.0,165.2,340.2,329.75,43.75,373.5,-33.3,-2498.0,-2698.0,-114787.0,-106787.0,-107128.0
2025-04-21,2025-04-24,3,Monday,09:30,15:25,23914.5,23900,23500,1.733,0.113,0.73,0.818,,175.0,165.2,340.2,284.3,46.5,330.8,9.4,705.0,505.0,21489.0,29489.0,29149.0
2025-04-21,2025-04-24,3,Monday,10:00,11:00,24020.0,24000,23500,2.165,0.113,0.73,0.818,,167.35,146.35,313.7,207.75,95.95,303.7,10.0,750.0,550.0,23404.0,31404.0,31064.0
2025-04-21,2025-04-24,3,Monday,10:00,12:00,24020.0,24000,23500,2.165,0.113,0.73,0.818,,167.35,146.35,313.7,215.2,84.25,299.45,14.25,1069.0,869.0,36968.0,44968.0,44628.0
2025-04-21,2025-04-24,3,Monday,10:00,13:00,24020.0,24000,23500,2.165,0.113,0.73,0.818,,167.35,146.35,313.7,248.5,62.8,311.3,2.4,180.0,-20.0,-851.0,7149.0,6809.0
2025-04-21,2025-04-24,3,Monday,10:00,15:25,24020.0,24000,23500,2.165,0.113,0.73,0.818,,167.35,146.35,313.7,207.0,68.45,275.45,38.25,2869.0,2669.0,113564.0,121564.0,121223.0
2025-04-21,2025-04-24,3,Monday,10:30,11:00,24041.4,24050,23500,2.252,0.113,0.73,0.818,,149.2,155.05,304.25,176.55,114.7,291.25,13.0,975.0,775.0,32979.0,40979.0,40638.0
2025-04-21,2025-04-24,3,Monday,10:30,12:00,24041.4,24050,23500,2.252,0.113,0.73,0.818,,149.2,155.05,304.25,182.85,101.4,284.25,20.0,1500.0,1300.0,55319.0,63319.0,62979.0
2025-04-21,2025-04-24,3,Monday,10:30,13:00,24041.4,24050,23500,2.252,0.113,0.73,0.818,,149.2,155.05,304.25,212.15,75.95,288.1,16.15,1211.0,1011.0,43032.0,51032.0,50691.0
2025-04-21,2025-04-24,3,Monday,10:30,15:25,24041.4,24050,23500,2.252,0.113,0.73,0.818,,149.2,155.05,304.25,173.45,83.9,257.35,46.9,3517.0,3317.0,141170.0,149170.0,148830.0
2025-04-25,2025-04-30,3,Friday,09:30,11:00,24432.3,24450,24300,0.541,0.891,1.669,1.858,,118.95,240.9,359.85,41.55,521.9,563.45,-203.6,-15270.0,-15470.0,-658298.0,-650298.0,-650638.0
2025-04-25,2025-04-30,3,Friday,09:30,12:00,24432.3,24450,24300,0.541,0.891,1.669,1.858,,118.95,240.9,359.85,31.05,593.55,624.6,-264.75,-19856.0,-20056.0,-853457.0,-845457.0,-845798.0
2025-04-25,2025-04-30,3,Friday,09:30,13:00,24432.3,24450,24300,0.541,0.891,1.669,1.858,,118.95,240.9,359.85,45.85,459.7,505.55,-145.7,-10928.0,-11128.0,-473511.0,-465511.0,-465851.0
2025-04-25,2025-04-30,3,Friday,09:30,15:25,24432.3,24450,24300,0.541,0.891,1.669,1.858,,118.95,240.9,359.85,36.7,470.55,507.25,-147.4,-11055.0,-11255.0,-478936.0,-470936.0,-471277.0
2025-04-25,2025-04-30,3,Friday,10:00,11:00,24156.4,24150,24300,0.594,0.891,1.669,1.858,,152.95,246.65,399.6,108.75,290.4,399.15,0.45,34.0,-166.0,-7074.0,926.0,585.0
2025-04-25,2025-04-30,3,Friday,10:00,12:00,24156.4,24150,24300,0.594,0.891,1.669,1.858,,152.95,246.65,399.6,81.0,342.15,423.15,-23.55,-1766.0,-1966.0,-83670.0,-75670.0,-76011.0
2025-04-25,2025-04-30,3,Friday,10:00,13:00,24156.4,24150,24300,0.594,0.891,1.669,1.858,,152.95,246.65,399.6,125.0,240.1,365.1,34.5,2588.0,2388.0,101596.0,109596.0,109255.0
2025-04-25,2025-04-30,3,Friday,10:00,15:25,24156.4,24150,24300,0.594,0.891,1.669,1.858,,152.95,246.65,399.6,108.9,244.2,353.1,46.5,3488.0,3288.0,139894.0,147894.0,147553.0
2025-04-25,2025-04-30,3,Friday,10:30,11:00,24055.4,24050,24300,1.017,0.891,1.669,1.858,,149.25,249.05,398.3,148.5,230.75,379.25,19.05,1429.0,1229.0,52287.0,60287.0,59947.0
2025-04-25,2025-04-30,3,Friday,10:30,12:00,24055.4,24050,24300,1.017,0.891,1.669,1.858,,149.25,249.05,398.3,112.1,273.0,385.1,13.2,990.0,790.0,33617.0,41617.0,41277.0
2025-04-25,2025-04-30,3,Friday,10:30,13:00,24055.4,24050,24300,1.017,0.891,1.669,1.858,,149.25,249.05,398.3,171.4,185.7,357.1,41.2,3090.0,2890.0,122979.0,130979.0,130638.0
2025-04-25,2025-04-30,3,Friday,10:30,15:25,24055.4,24050,24300,1.017,0.891,1.669,1.858,,149.25,249.05,398.3,153.05,188.4,341.45,56.85,4264.0,4064.0,172926.0,180926.0,180585.0
2025-05-05,2025-05-08,3,Monday,09:30,11:00,24522.7,24500,24400,0.5,0.353,0.384,0.551,14.89,110.85,169.65,280.5,115.65,124.5,240.15,40.35,3026.0,2826.0,120266.0,128266.0,127926.0
2025-05-05,2025-05-08,3,Monday,09:30,12:00,24522.7,24500,24400,0.5,0.353,0.384,0.551,14.89,110.85,169.65,280.5,86.0,133.8,219.8,60.7,4552.0,4352.0,185213.0,193213.0,192872.0
2025-05-05,2025-05-08,3,Monday,09:30,13:00,24522.7,24500,24400,0.5,0.353,0.384,0.551,14.89,110.85,169.65,280.5,86.5,125.15,211.65,68.85,5164.0,4964.0,211223.0,219223.0,218883.0
2025-05-05,2025-05-08,3,Monday,09:30,15:25,24522.7,24500,24400,0.5,0.353,0.384,0.551,14.89,110.85,169.65,280.5,85.55,115.15,200.7,79.8,5985.0,5785.0,246170.0,254170.0,253830.0
2025-05-05,2025-05-08,3,Monday,10:00,11:00,24590.3,24600,24400,0.774,0.353,0.384,0.551,14.89,87.55,174.65,262.2,70.55,179.0,249.55,12.65,949.0,749.0,31862.0,39862.0,39521.0
2025-05-05,2025-05-08,3,Monday,10:00,12:00,24590.3,24600,24400,0.774,0.353,0.384,0.551,14.89,87.55,174.65,262.2,48.65,196.5,245.15,17.05,1279.0,1079.0,45904.0,53904.0,53564.0
2025-05-05,2025-05-08,3,Monday,10:00,13:00,24590.3,24600,24400,0.774,0.353,0.384,0.551,14.89,87.55,174.65,262.2,48.45,188.5,236.95,25.25,1894.0,1694.0,72074.0,80074.0,79734.0
2025-05-05,2025-05-08,3,Monday,10:00,15:25,24590.3,24600,24400,0.774,0.353,0.384,0.551,14.89,87.55,174.65,262.2,47.0,176.2,223.2,39.0,2925.0,2725.0,115957.0,123957.0,123617.0
2025-05-05,2025-05-08,3,Monday,10:30,11:00,24584.0,24600,24400,0.748,0.353,0.384,0.551,14.89,76.35,174.6,250.95,70.55,179.0,249.55,1.4,105.0,-95.0,-4043.0,3957.0,3617.0
2025-05-05,2025-05-08,3,Monday,10:30,12:00,24584.0,24600,24400,0.748,0.353,0.384,0.551,14.89,76.35,174.6,250.95,48.65,196.5,245.15,5.8,435.0,235.0,10000.0,18000.0,17660.0
2025-05-05,2025-05-08,3,Monday,10:30,13:00,24584.0,24600,24400,0.748,0.353,0.384,0.551,14.89,76.35,174.6,250.95,48.45,188.5,236.95,14.0,1050.0,850.0,36170.0,44170.0,43830.0
2025-05-05,2025-05-08,3,Monday,10:30,15:25,24584.0,24600,24400,0.748,0.353,0.384,0.551,14.89,76.35,174.6,250.95,47.0,176.2,223.2,27.75,2081.0,1881.0,80053.0,88053.0,87713.0
2025-05-12,2025-05-15,3,Monday,09:30,11:00,24660.0,24650,24000,2.676,1.594,1.289,1.716,13.84,108.8,180.0,288.8,193.75,156.35,350.1,-61.3,-4598.0,-4798.0,-204149.0,-196149.0,-196489.0
2025-05-12,2025-05-15,3,Monday,09:30,12:00,24660.0,24650,24000,2.676,1.594,1.289,1.716,13.84,108.8,180.0,288.8,224.25,152.5,376.75,-87.95,-6596.0,-6796.0,-289202.0,-281202.0,-281543.0
2025-05-12,2025-05-15,3,Monday,09:30,13:00,24660.0,24650,24000,2.676,1.594,1.289,1.716,13.84,108.8,180.0,288.8,296.6,132.8,429.4,-140.6,-10545.0,-10745.0,-457234.0,-449234.0,-449574.0
2025-05-12,2025-05-15,3,Monday,09:30,15:25,24660.0,24650,24000,2.676,1.594,1.289,1.716,13.84,108.8,180.0,288.8,411.55,98.5,510.05,-221.25,-16594.0,-16794.0,-714628.0,-706628.0,-706968.0
2025-05-12,2025-05-15,3,Monday,10:00,11:00,24805.1,24800,24000,3.246,1.594,1.289,1.716,13.84,131.5,209.9,341.4,120.3,232.5,352.8,-11.4,-855.0,-1055.0,-44894.0,-36894.0,-37234.0
2025-05-12,2025-05-15,3,Monday,10:00,12:00,24805.1,24800,24000,3.246,1.594,1.289,1.716,13.84,131.5,209.9,341.4,144.25,222.0,366.25,-24.85,-1864.0,-2064.0,-87819.0,-79819.0,-80160.0
2025-05-12,2025-05-15,3,Monday,10:00,13:00,24805.1,24800,24000,3.246,1.594,1.289,1.716,13.84,131.5,209.9,341.4,204.55,189.3,393.85,-52.45,-3934.0,-4134.0,-175904.0,-167904.0,-168245.0
2025-05-12,2025-05-15,3,Monday,10:00,15:25,24805.1,24800,24000,3.246,1.594,1.289,1.716,13.84,131.5,209.9,341.4,302.0,137.2,439.2,-97.8,-7335.0,-7535.0,-320638.0,-312638.0,-312979.0
2025-05-12,2025-05-15,3,Monday,10:30,11:00,24800.0,24800,24000,3.226,1.594,1.289,1.716,13.84,130.45,216.2,346.65,120.3,232.5,352.8,-6.15,-461.0,-661.0,-28138.0,-20138.0,-20479.0
2025-05-12,2025-05-15,3,Monday,10:30,12:00,24800.0,24800,24000,3.226,1.594,1.289,1.716,13.84,130.45,216.2,346.65,144.25,222.0,366.25,-19.6,-1470.0,-1670.0,-71064.0,-63064.0,-63404.0
2025-05-12,2025-05-15,3,Monday,10:30,13:00,24800.0,24800,24000,3.226,1.594,1.289,1.716,13.84,130.45,216.2,346.65,204.55,189.3,393.85,-47.2,-3540.0,-3740.0,-159149.0,-151149.0,-151489.0
2025-05-12,2025-05-15,3,Monday,10:30,15:25,24800.0,24800,24000,3.226,1.594,1.289,1.716,13.84,130.45,216.2,346.65,302.0,137.2,439.2,-92.55,-6941.0,-7141.0,-303883.0,-295883.0,-296223.0
2025-05-19,2025-05-22,3,Monday,09:30,11:00,25080.0,25100,25000,0.319,-0.533,0.099,0.398,19.98,139.0,207.0,346.0,139.95,195.65,335.6,10.4,780.0,580.0,24681.0,32681.0,32340.0
2025-05-19,2025-05-22,3,Monday,09:30,12:00,25080.0,25100,25000,0.319,-0.533,0.099,0.398,19.98,139.0,207.0,346.0,120.8,213.4,334.2,11.8,885.0,685.0,29149.0,37149.0,36809.0
2025-05-19,2025-05-22,3,Monday,09:30,13:00,25080.0,25100,25000,0.319,-0.533,0.099,0.398,19.98,139.0,207.0,346.0,120.5,200.6,321.1,24.9,1867.0,1667.0,70957.0,78957.0,78617.0
2025-05-19,2025-05-22,3,Monday,09:30,15:25,25080.0,25100,25000,0.319,-0.533,0.099,0.398,19.98,139.0,207.0,346.0,88.55,255.3,343.85,2.15,161.0,-39.0,-1649.0,6351.0,6011.0
2025-05-19,2025-05-22,3,Monday,10:00,11:00,25046.0,25050,25000,0.184,-0.533,0.099,0.398,19.98,138.05,192.1,330.15,163.1,168.35,331.45,-1.3,-98.0,-298.0,-12660.0,-4660.0,-5000.0
2025-05-19,2025-05-22,3,Monday,10:00,12:00,25046.0,25050,25000,0.184,-0.533,0.099,0.398,19.98,138.05,192.1,330.15,142.15,184.2,326.35,3.8,285.0,85.0,3617.0,11617.0,11277.0
2025-05-19,2025-05-22,3,Monday,10:00,13:00,25046.0,25050,25000,0.184,-0.533,0.099,0.398,19.98,138.05,192.1,330.15,142.55,171.75,314.3,15.85,1189.0,989.0,42074.0,50074.0,49734.0
2025-05-19,2025-05-22,3,Monday,10:00,15:25,25046.0,25050,25000,0.184,-0.533,0.099,0.398,19.98,138.05,192.1,330.15,105.9,222.1,328.0,2.15,161.0,-39.0,-1649.0,6351.0,6011.0
2025-05-19,2025-05-22,3,Monday,10:30,11:00,25078.0,25100,25000,0.311,-0.533,0.099,0.398,19.98,132.5,202.0,334.5,139.95,195.65,335.6,-1.1,-83.0,-283.0,-12021.0,-4021.0,-4362.0
2025-05-19,2025-05-22,3,Monday,10:30,12:00,25078.0,25100,25000,0.311,-0.533,0.099,0.398,19.98,132.5,202.0,334.5,120.8,213.4,334.2,0.3,23.0,-177.0,-7553.0,447.0,106.0
2025-05-19,2025-05-22,3,Monday,10:30,13:00,25078.0,25100,25000,0.311,-0.533,0.099,0.398,19.98,132.5,202.0,334.5,120.5,200.6,321.1,13.4,1005.0,805.0,34255.0,42255.0,41915.0
2025-05-19,2025-05-22,3,Monday,10:30,15:25,25078.0,25100,25000,0.311,-0.533,0.099,0.398,19.98,132.5,202.0,334.5,88.55,255.3,343.85,-9.35,-701.0,-901.0,-38351.0,-30351.0,-30691.0
2025-05-26,2025-05-29,3,Monday,09:30,11:00,25086.5,25100,25000,0.345,0.241,0.22,0.756,19.27,197.9,207.35,405.25,170.7,252.5,423.2,-17.95,-1346.0,-1546.0,-65798.0,-57798.0,-58138.0
2025-05-26,2025-05-29,3,Monday,09:30,12:00,25086.5,25100,25000,0.345,0.241,0.22,0.756,19.27,197.9,207.35,405.25,182.1,243.3,425.4,-20.15,-1511.0,-1711.0,-72819.0,-64819.0,-65160.0
2025-05-26,2025-05-29,3,Monday,09:30,13:00,25086.5,25100,25000,0.345,0.241,0.22,0.756,19.27,197.9,207.35,405.25,165.5,269.3,434.8,-29.55,-2216.0,-2416.0,-102819.0,-94819.0,-95160.0
2025-05-26,2025-05-29,3,Monday,09:30,15:25,25086.5,25100,25000,0.345,0.241,0.22,0.756,19.27,197.9,207.35,405.25,171.65,234.7,406.35,-1.1,-83.0,-283.0,-12021.0,-4021.0,-4362.0
2025-05-26,2025-05-29,3,Monday,10:00,11:00,25099.5,25100,25000,0.396,0.241,0.22,0.756,19.27,200.55,201.0,401.55,170.7,252.5,423.2,-21.65,-1624.0,-1824.0,-77606.0,-69606.0,-69947.0
2025-05-26,2025-05-29,3,Monday,10:00,12:00,25099.5,25100,25000,0.396,0.241,0.22,0.756,19.27,200.55,201.0,401.55,182.1,243.3,425.4,-23.85,-1789.0,-1989.0,-84628.0,-76628.0,-76968.0
2025-05-26,2025-05-29,3,Monday,10:00,13:00,25099.5,25100,25000,0.396,0.241,0.22,0.756,19.27,200.55,201.0,401.55,165.5,269.3,434.8,-33.25,-2494.0,-2694.0,-114628.0,-106628.0,-106968.0
2025-05-26,2025-05-29,3,Monday,10:00,15:25,25099.5,25100,25000,0.396,0.241,0.22,0.756,19.27,200.55,201.0,401.55,171.65,234.7,406.35,-4.8,-360.0,-560.0,-23830.0,-15830.0,-16170.0
2025-05-26,2025-05-29,3,Monday,10:30,11:00,24983.1,25000,25000,0.068,0.241,0.22,0.756,19.27,207.5,223.5,431.0,221.0,202.75,423.75,7.25,544.0,344.0,14628.0,22628.0,22287.0
2025-05-26,2025-05-29,3,Monday,10:30,12:00,24983.1,25000,25000,0.068,0.241,0.22,0.756,19.27,207.5,223.5,431.0,234.8,194.8,429.6,1.4,105.0,-95.0,-4043.0,3957.0,3617.0
2025-05-26,2025-05-29,3,Monday,10:30,13:00,24983.1,25000,25000,0.068,0.241,0.22,0.756,19.27,207.5,223.5,431.0,213.55,218.05,431.6,-0.6,-45.0,-245.0,-10426.0,-2426.0,-2766.0
2025-05-26,2025-05-29,3,Monday,10:30,15:25,24983.1,25000,25000,0.068,0.241,0.22,0.756,19.27,207.5,223.5,431.0,223.35,186.75,410.1,20.9,1567.0,1367.0,58191.0,66191.0,65851.0
2025-06-02,2025-06-05,3,Monday,09:30,11:00,24657.9,24650,24800,0.576,-0.213,0.419,0.806,19.39,155.35,247.75,403.1,206.95,224.75,431.7,-28.6,-2145.0,-2345.0,-99787.0,-91787.0,-92128.0
2025-06-02,2025-06-05,3,Monday,09:30,12:00,24657.9,24650,24800,0.576,-0.213,0.419,0.806,19.39,155.35,247.75,403.1,230.6,208.25,438.85,-35.75,-2681.0,-2881.0,-122606.0,-114606.0,-114947.0
2025-06-02,2025-06-05,3,Monday,09:30,13:00,24657.9,24650,24800,0.576,-0.213,0.419,0.806,19.39,155.35,247.75,403.1,249.9,198.8,448.7,-45.6,-3420.0,-3620.0,-154043.0,-146043.0,-146383.0
2025-06-02,2025-06-05,3,Monday,09:30,15:25,24657.9,24650,24800,0.576,-0.213,0.419,0.806,19.39,155.35,247.75,403.1,247.3,187.3,434.6,-31.5,-2362.0,-2562.0,-109043.0,-101043.0,-101383.0
2025-06-02,2025-06-05,3,Monday,10:00,11:00,24700.0,24700,24800,0.405,-0.213,0.419,0.806,19.39,147.7,238.5,386.2,183.55,251.95,435.5,-49.3,-3698.0,-3898.0,-165851.0,-157851.0,-158191.0
2025-06-02,2025-06-05,3,Monday,10:00,12:00,24700.0,24700,24800,0.405,-0.213,0.419,0.806,19.39,147.7,238.5,386.2,206.05,233.55,439.6,-53.4,-4005.0,-4205.0,-178936.0,-170936.0,-171277.0
2025-06-02,2025-06-05,3,Monday,10:00,13:00,24700.0,24700,24800,0.405,-0.213,0.419,0.806,19.39,147.7,238.5,386.2,224.75,222.2,446.95,-60.75,-4556.0,-4756.0,-202394.0,-194394.0,-194734.0
2025-06-02,2025-06-05,3,Monday,10:00,15:25,24700.0,24700,24800,0.405,-0.213,0.419,0.806,19.39,147.7,238.5,386.2,220.6,211.4,432.0,-45.8,-3435.0,-3635.0,-154681.0,-146681.0,-147021.0
2025-06-02,2025-06-05,3,Monday,10:30,11:00,24705.0,24700,24800,0.385,-0.213,0.419,0.806,19.39,165.7,252.45,418.15,183.55,251.95,435.5,-17.35,-1301.0,-1501.0,-63883.0,-55883.0,-56223.0
2025-06-02,2025-06-05,3,Monday,10:30,12:00,24705.0,24700,24800,0.385,-0.213,0.419,0.806,19.39,165.7,252.45,418.15,206.05,233.55,439.6,-21.45,-1609.0,-1809.0,-76968.0,-68968.0,-69309.0
2025-06-02,2025-06-05,3,Monday,10:30,13:00,24705.0,24700,24800,0.385,-0.213,0.419,0.806,19.39,165.7,252.45,418.15,224.75,222.2,446.95,-28.8,-2160.0,-2360.0,-100426.0,-92426.0,-92766.0
2025-06-02,2025-06-05,3,Monday,10:30,15:25,24705.0,24700,24800,0.385,-0.213,0.419,0.806,19.39,165.7,252.45,418.15,220.6,211.4,432.0,-13.85,-1039.0,-1239.0,-52713.0,-44713.0,-45053.0
2025-06-09,2025-06-12,3,Monday,09:30,11:00,25151.1,25150,25000,0.601,-0.058,0.034,0.344,13.27,127.05,193.85,320.9,132.8,157.15,289.95,30.95,2321.0,2121.0,90266.0,98266.0,97926.0
2025-06-09,2025-06-12,3,Monday,09:30,12:00,25151.1,25150,25000,0.601,-0.058,0.034,0.344,13.27,127.05,193.85,320.9,117.9,165.1,283.0,37.9,2842.0,2642.0,112447.0,120447.0,120106.0
2025-06-09,2025-06-12,3,Monday,09:30,13:00,25151.1,25150,25000,0.601,-0.058,0.034,0.344,13.27,127.05,193.85,320.9,117.8,160.25,278.05,42.85,3214.0,3014.0,128245.0,136245.0,135904.0
2025-06-09,2025-06-12,3,Monday,09:30,15:25,25151.1,25150,25000,0.601,-0.058,0.034,0.344,13.27,127.05,193.85,320.9,114.8,153.6,268.4,52.5,3938.0,3738.0,159043.0,167043.0,166702.0
2025-06-09,2025-06-12,3,Monday,10:00,11:00,25165.0,25150,25000,0.656,-0.058,0.034,0.344,13.27,127.85,184.35,312.2,132.8,157.15,289.95,22.25,1669.0,1469.0,62500.0,70500.0,70160.0
2025-06-09,2025-06-12,3,Monday,10:00,12:00,25165.0,25150,25000,0.656,-0.058,0.034,0.344,13.27,127.85,184.35,312.2,117.9,165.1,283.0,29.2,2190.0,1990.0,84681.0,92681.0,92340.0
2025-06-09,2025-06-12,3,Monday,10:00,13:00,25165.0,25150,25000,0.656,-0.058,0.034,0.344,13.27,127.85,184.35,312.2,117.8,160.25,278.05,34.15,2561.0,2361.0,100479.0,108479.0,108138.0
2025-06-09,2025-06-12,3,Monday,10:00,15:25,25165.0,25150,25000,0.656,-0.058,0.034,0.344,13.27,127.85,184.35,312.2,114.8,153.6,268.4,43.8,3285.0,3085.0,131277.0,139277.0,138936.0
2025-06-09,2025-06-12,3,Monday,10:30,11:00,25198.0,25200,25000,0.786,-0.058,0.034,0.344,13.27,116.65,188.95,305.6,110.2,184.45,294.65,10.95,821.0,621.0,26436.0,34436.0,34096.0
2025-06-09,2025-06-12,3,Monday,10:30,12:00,25198.0,25200,25000,0.786,-0.058,0.034,0.344,13.27,116.65,188.95,305.6,96.7,194.05,290.75,14.85,1114.0,914.0,38883.0,46883.0,46543.0
2025-06-09,2025-06-12,3,Monday,10:30,13:00,25198.0,25200,25000,0.786,-0.058,0.034,0.344,13.27,116.65,188.95,305.6,96.4,188.6,285.0,20.6,1545.0,1345.0,57234.0,65234.0,64894.0
2025-06-09,2025-06-12,3,Monday,10:30,15:25,25198.0,25200,25000,0.786,-0.058,0.034,0.344,13.27,116.65,188.95,305.6,93.2,182.0,275.2,30.4,2280.0,2080.0,88511.0,96511.0,96170.0
2025-06-16,2025-06-19,3,Monday,09:30,11:00,24822.0,24800,24800,0.089,0.078,0.512,0.614,11.07,135.4,151.65,287.05,205.9,107.75,313.65,-26.6,-1995.0,-2195.0,-93404.0,-85404.0,-85745.0
2025-06-16,2025-06-19,3,Monday,09:30,12:00,24822.0,24800,24800,0.089,0.078,0.512,0.614,11.07,135.4,151.65,287.05,210.25,100.2,310.45,-23.4,-1755.0,-1955.0,-83191.0,-75191.0,-75532.0
2025-06-16,2025-06-19,3,Monday,09:30,13:00,24822.0,24800,24800,0.089,0.078,0.512,0.614,11.07,135.4,151.65,287.05,225.5,88.8,314.3,-27.25,-2044.0,-2244.0,-95479.0,-87479.0,-87819.0
2025-06-16,2025-06-19,3,Monday,09:30,15:25,24822.0,24800,24800,0.089,0.078,0.512,0.614,11.07,135.4,151.65,287.05,235.75,84.15,319.9,-32.85,-2464.0,-2664.0,-113351.0,-105351.0,-105691.0
2025-06-16,2025-06-19,3,Monday,10:00,11:00,24785.0,24800,24800,0.061,0.078,0.512,0.614,11.07,114.5,164.95,279.45,205.9,107.75,313.65,-34.2,-2565.0,-2765.0,-117660.0,-109660.0,-110000.0
2025-06-16,2025-06-19,3,Monday,10:00,12:00,24785.0,24800,24800,0.061,0.078,0.512,0.614,11.07,114.5,164.95,279.45,210.25,100.2,310.45,-31.0,-2325.0,-2525.0,-107447.0,-99447.0,-99787.0
2025-06-16,2025-06-19,3,Monday,10:00,13:00,24785.0,24800,24800,0.061,0.078,0.512,0.614,11.07,114.5,164.95,279.45,225.5,88.8,314.3,-34.85,-2614.0,-2814.0,-119734.0,-111734.0,-112074.0
2025-06-16,2025-06-19,3,Monday,10:00,15:25,24785.0,24800,24800,0.061,0.078,0.512,0.614,11.07,114.5,164.95,279.45,235.75,84.15,319.9,-40.45,-3034.0,-3234.0,-137606.0,-129606.0,-129947.0
2025-06-16,2025-06-19,3,Monday,10:30,11:00,24896.5,24900,24800,0.388,0.078,0.512,0.614,11.07,119.85,163.05,282.9,146.5,147.55,294.05,-11.15,-836.0,-1036.0,-44096.0,-36096.0,-36436.0
2025-06-16,2025-06-19,3,Monday,10:30,12:00,24896.5,24900,24800,0.388,0.078,0.512,0.614,11.07,119.85,163.05,282.9,149.25,138.65,287.9,-5.0,-375.0,-575.0,-24468.0,-16468.0,-16809.0
2025-06-16,2025-06-19,3,Monday,10:30,13:00,24896.5,24900,24800,0.388,0.078,0.512,0.614,11.07,119.85,163.05,282.9,160.8,123.85,284.65,-1.75,-131.0,-331.0,-14096.0,-6096.0,-6436.0
2025-06-16,2025-06-19,3,Monday,10:30,15:25,24896.5,24900,24800,0.388,0.078,0.512,0.614,11.07,119.85,163.05,282.9,167.3,115.5,282.8,0.1,7.0,-193.0,-8191.0,-191.0,-532.0
2025-06-23,2025-06-26,3,Monday,09:30,11:00,24914.6,24900,25000,0.343,-0.484,0.337,0.786,11.39,149.7,139.05,288.75,155.1,133.95,289.05,-0.3,-22.0,-222.0,-9468.0,-1468.0,-1809.0
2025-06-23,2025-06-26,3,Monday,09:30,12:00,24914.6,24900,25000,0.343,-0.484,0.337,0.786,11.39,149.7,139.05,288.75,160.35,125.0,285.35,3.4,255.0,55.0,2340.0,10340.0,10000.0
2025-06-23,2025-06-26,3,Monday,09:30,13:00,24914.6,24900,25000,0.343,-0.484,0.337,0.786,11.39,149.7,139.05,288.75,168.85,117.8,286.65,2.1,158.0,-42.0,-1809.0,6191.0,5851.0
2025-06-23,2025-06-26,3,Monday,09:30,15:25,24914.6,24900,25000,0.343,-0.484,0.337,0.786,11.39,149.7,139.05,288.75,183.05,100.4,283.45,5.3,397.0,197.0,8404.0,16404.0,16064.0
2025-06-23,2025-06-26,3,Monday,10:00,11:00,24855.1,24850,25000,0.583,-0.484,0.337,0.786,11.39,149.55,145.3,294.85,185.0,113.7,298.7,-3.85,-289.0,-489.0,-20798.0,-12798.0,-13138.0
2025-06-23,2025-06-26,3,Monday,10:00,12:00,24855.1,24850,25000,0.583,-0.484,0.337,0.786,11.39,149.55,145.3,294.85,191.3,106.05,297.35,-2.5,-188.0,-388.0,-16489.0,-8489.0,-8830.0
2025-06-23,2025-06-26,3,Monday,10:00,13:00,24855.1,24850,25000,0.583,-0.484,0.337,0.786,11.39,149.55,145.3,294.85,201.0,99.85,300.85,-6.0,-450.0,-650.0,-27660.0,-19660.0,-20000.0
2025-06-23,2025-06-26,3,Monday,10:00,15:25,24855.1,24850,25000,0.583,-0.484,0.337,0.786,11.39,149.55,145.3,294.85,218.1,84.95,303.05,-8.2,-615.0,-815.0,-34681.0,-26681.0,-27021.0
2025-06-23,2025-06-26,3,Monday,10:30,11:00,24894.1,24900,25000,0.425,-0.484,0.337,0.786,11.39,141.75,146.6,288.35,155.1,133.95,289.05,-0.7,-52.0,-252.0,-10745.0,-2745.0,-3085.0
2025-06-23,2025-06-26,3,Monday,10:30,12:00,24894.1,24900,25000,0.425,-0.484,0.337,0.786,11.39,141.75,146.6,288.35,160.35,125.0,285.35,3.0,225.0,25.0,1064.0,9064.0,8723.0
2025-06-23,2025-06-26,3,Monday,10:30,13:00,24894.1,24900,25000,0.425,-0.484,0.337,0.786,11.39,141.75,146.6,288.35,168.85,117.8,286.65,1.7,128.0,-72.0,-3085.0,4915.0,4574.0
2025-06-23,2025-06-26,3,Monday,10:30,15:25,24894.1,24900,25000,0.425,-0.484,0.337,0.786,11.39,141.75,146.6,288.35,183.05,100.4,283.45,4.9,367.0,167.0,7128.0,15128.0,14787.0
2025-06-30,2025-07-03,3,Monday,09:30,11:00,25727.0,25750,25600,0.494,0.031,0.284,0.432,11.55,81.25,202.45,283.7,65.0,220.0,285.0,-1.3,-98.0,-298.0,-12660.0,-4660.0,-5000.0
2025-06-30,2025-07-03,3,Monday,09:30,12:00,25727.0,25750,25600,0.494,0.031,0.284,0.432,11.55,81.25,202.45,283.7,62.7,225.25,287.95,-4.25,-319.0,-519.0,-22074.0,-14074.0,-14415.0
2025-06-30,2025-07-03,3,Monday,09:30,13:00,25727.0,25750,25600,0.494,0.031,0.284,0.432,11.55,81.25,202.45,283.7,48.35,261.75,310.1,-26.4,-1980.0,-2180.0,-92766.0,-84766.0,-85106.0
2025-06-30,2025-07-03,3,Monday,09:30,15:25,25727.0,25750,25600,0.494,0.031,0.284,0.432,11.55,81.25,202.45,283.7,49.4,263.75,313.15,-29.45,-2209.0,-2409.0,-102500.0,-94500.0,-94840.0
2025-06-30,2025-07-03,3,Monday,10:00,11:00,25694.4,25700,25600,0.367,0.031,0.284,0.432,11.55,89.5,188.15,277.65,83.2,188.0,271.2,6.45,484.0,284.0,12074.0,20074.0,19734.0
2025-06-30,2025-07-03,3,Monday,10:00,12:00,25694.4,25700,25600,0.367,0.031,0.284,0.432,11.55,89.5,188.15,277.65,80.3,192.2,272.5,5.15,386.0,186.0,7926.0,15926.0,15585.0
2025-06-30,2025-07-03,3,Monday,10:00,13:00,25694.4,25700,25600,0.367,0.031,0.284,0.432,11.55,89.5,188.15,277.65,62.3,225.75,288.05,-10.4,-780.0,-980.0,-41702.0,-33702.0,-34043.0
2025-06-30,2025-07-03,3,Monday,10:00,15:25,25694.4,25700,25600,0.367,0.031,0.284,0.432,11.55,89.5,188.15,277.65,62.45,226.55,289.0,-11.35,-851.0,-1051.0,-44734.0,-36734.0,-37074.0
2025-06-30,2025-07-03,3,Monday,10:30,11:00,25692.0,25700,25600,0.358,0.031,0.284,0.432,11.55,85.95,191.6,277.55,83.2,188.0,271.2,6.35,476.0,276.0,11755.0,19755.0,19415.0
2025-06-30,2025-07-03,3,Monday,10:30,12:00,25692.0,25700,25600,0.358,0.031,0.284,0.432,11.55,85.95,191.6,277.55,80.3,192.2,272.5,5.05,379.0,179.0,7606.0,15606.0,15266.0
2025-06-30,2025-07-03,3,Monday,10:30,13:00,25692.0,25700,25600,0.358,0.031,0.284,0.432,11.55,85.95,191.6,277.55,62.3,225.75,288.05,-10.5,-788.0,-988.0,-42021.0,-34021.0,-34362.0
2025-06-30,2025-07-03,3,Monday,10:30,15:25,25692.0,25700,25600,0.358,0.031,0.284,0.432,11.55,85.95,191.6,277.55,62.45,226.55,289.0,-11.45,-859.0,-1059.0,-45053.0,-37053.0,-37394.0
2025-07-07,2025-07-10,3,Monday,09:30,11:00,25522.1,25500,25500,0.087,-0.09,0.031,0.388,12.46,96.7,145.25,241.95,114.1,129.2,243.3,-1.35,-101.0,-301.0,-12819.0,-4819.0,-5160.0
2025-07-07,2025-07-10,3,Monday,09:30,12:00,25522.1,25500,25500,0.087,-0.09,0.031,0.388,12.46,96.7,145.25,241.95,97.0,141.25,238.25,3.7,277.0,77.0,3298.0,11298.0,10957.0
2025-07-07,2025-07-10,3,Monday,09:30,13:00,25522.1,25500,25500,0.087,-0.09,0.031,0.388,12.46,96.7,145.25,241.95,87.8,148.65,236.45,5.5,412.0,212.0,9043.0,17043.0,16702.0
2025-07-07,2025-07-10,3,Monday,09:30,15:25,25522.1,25500,25500,0.087,-0.09,0.031,0.388,12.46,96.7,145.25,241.95,100.5,132.85,233.35,8.6,645.0,445.0,18936.0,26936.0,26596.0
2025-07-07,2025-07-10,3,Monday,10:00,11:00,25553.1,25550,25500,0.208,-0.09,0.031,0.388,12.46,88.35,159.3,247.65,91.65,156.5,248.15,-0.5,-38.0,-238.0,-10106.0,-2106.0,-2447.0
2025-07-07,2025-07-10,3,Monday,10:00,12:00,25553.1,25550,25500,0.208,-0.09,0.031,0.388,12.46,88.35,159.3,247.65,77.1,171.75,248.85,-1.2,-90.0,-290.0,-12340.0,-4340.0,-4681.0
2025-07-07,2025-07-10,3,Monday,10:00,13:00,25553.1,25550,25500,0.208,-0.09,0.031,0.388,12.46,88.35,159.3,247.65,68.95,179.75,248.7,-1.05,-79.0,-279.0,-11862.0,-3862.0,-4202.0
2025-07-07,2025-07-10,3,Monday,10:00,15:25,25553.1,25550,25500,0.208,-0.09,0.031,0.388,12.46,88.35,159.3,247.65,79.55,161.5,241.05,6.6,495.0,295.0,12553.0,20553.0,20213.0
2025-07-07,2025-07-10,3,Monday,10:30,11:00,25524.1,25500,25500,0.094,-0.09,0.031,0.388,12.46,95.6,145.7,241.3,114.1,129.2,243.3,-2.0,-150.0,-350.0,-14894.0,-6894.0,-7234.0
2025-07-07,2025-07-10,3,Monday,10:30,12:00,25524.1,25500,25500,0.094,-0.09,0.031,0.388,12.46,95.6,145.7,241.3,97.0,141.25,238.25,3.05,229.0,29.0,1223.0,9223.0,8883.0
2025-07-07,2025-07-10,3,Monday,10:30,13:00,25524.1,25500,25500,0.094,-0.09,0.031,0.388,12.46,95.6,145.7,241.3,87.8,148.65,236.45,4.85,364.0,164.0,6968.0,14968.0,14628.0
2025-07-07,2025-07-10,3,Monday,10:30,15:25,25524.1,25500,25500,0.094,-0.09,0.031,0.388,12.46,95.6,145.7,241.3,100.5,132.85,233.35,7.95,596.0,396.0,16862.0,24862.0,24521.0
2025-07-14,2025-07-17,3,Monday,09:30,11:00,25128.0,25150,25500,1.48,-0.297,0.241,0.534,11.05,84.7,148.25,232.95,86.35,137.3,223.65,9.3,697.0,497.0,21170.0,29170.0,28830.0
2025-07-14,2025-07-17,3,Monday,09:30,12:00,25128.0,25150,25500,1.48,-0.297,0.241,0.534,11.05,84.7,148.25,232.95,70.35,161.0,231.35,1.6,120.0,-80.0,-3404.0,4596.0,4255.0
2025-07-14,2025-07-17,3,Monday,09:30,13:00,25128.0,25150,25500,1.48,-0.297,0.241,0.534,11.05,84.7,148.25,232.95,69.95,157.5,227.45,5.5,412.0,212.0,9043.0,17043.0,16702.0
2025-07-14,2025-07-17,3,Monday,09:30,15:25,25128.0,25150,25500,1.48,-0.297,0.241,0.534,11.05,84.7,148.25,232.95,92.0,114.05,206.05,26.9,2017.0,1817.0,77340.0,85340.0,85000.0
2025-07-14,2025-07-17,3,Monday,10:00,11:00,25192.0,25200,25500,1.223,-0.297,0.241,0.534,11.05,89.6,139.35,228.95,67.6,168.4,236.0,-7.05,-529.0,-729.0,-31011.0,-23011.0,-23351.0
2025-07-14,2025-07-17,3,Monday,10:00,12:00,25192.0,25200,25500,1.223,-0.297,0.241,0.534,11.05,89.6,139.35,228.95,55.25,195.0,250.25,-21.3,-1598.0,-1798.0,-76489.0,-68489.0,-68830.0
2025-07-14,2025-07-17,3,Monday,10:00,13:00,25192.0,25200,25500,1.223,-0.297,0.241,0.534,11.05,89.6,139.35,228.95,54.45,192.45,246.9,-17.95,-1346.0,-1546.0,-65798.0,-57798.0,-58138.0
2025-07-14,2025-07-17,3,Monday,10:00,15:25,25192.0,25200,25500,1.223,-0.297,0.241,0.534,11.05,89.6,139.35,228.95,71.05,144.0,215.05,13.9,1042.0,842.0,35851.0,43851.0,43511.0
2025-07-14,2025-07-17,3,Monday,10:30,11:00,25169.6,25150,25500,1.313,-0.297,0.241,0.534,11.05,99.3,126.1,225.4,86.35,137.3,223.65,1.75,131.0,-69.0,-2926.0,5074.0,4734.0
2025-07-14,2025-07-17,3,Monday,10:30,12:00,25169.6,25150,25500,1.313,-0.297,0.241,0.534,11.05,99.3,126.1,225.4,70.35,161.0,231.35,-5.95,-446.0,-646.0,-27500.0,-19500.0,-19840.0
2025-07-14,2025-07-17,3,Monday,10:30,13:00,25169.6,25150,25500,1.313,-0.297,0.241,0.534,11.05,99.3,126.1,225.4,69.95,157.5,227.45,-2.05,-154.0,-354.0,-15053.0,-7053.0,-7394.0
2025-07-14,2025-07-17,3,Monday,10:30,15:25,25169.6,25150,25500,1.313,-0.297,0.241,0.534,11.05,99.3,126.1,225.4,92.0,114.05,206.05,19.35,1451.0,1251.0,53245.0,61245.0,60904.0
2025-07-21,2025-07-24,3,Monday,09:30,11:00,24949.8,24950,25000,0.201,-0.23,0.521,0.807,10.39,96.9,119.65,216.55,192.1,55.4,247.5,-30.95,-2321.0,-2521.0,-107287.0,-99287.0,-99628.0
2025-07-21,2025-07-24,3,Monday,09:30,12:00,24949.8,24950,25000,0.201,-0.23,0.521,0.807,10.39,96.9,119.65,216.55,177.4,54.8,232.2,-15.65,-1174.0,-1374.0,-58457.0,-50457.0,-50798.0
2025-07-21,2025-07-24,3,Monday,09:30,13:00,24949.8,24950,25000,0.201,-0.23,0.521,0.807,10.39,96.9,119.65,216.55,169.65,53.0,222.65,-6.1,-457.0,-657.0,-27979.0,-19979.0,-20319.0
2025-07-21,2025-07-24,3,Monday,09:30,15:25,24949.8,24950,25000,0.201,-0.23,0.521,0.807,10.39,96.9,119.65,216.55,199.65,37.15,236.8,-20.25,-1519.0,-1719.0,-73138.0,-65138.0,-65479.0
2025-07-21,2025-07-24,3,Monday,10:00,11:00,25085.0,25100,25000,0.339,-0.23,0.521,0.807,10.39,91.4,128.15,219.55,101.45,113.95,215.4,4.15,311.0,111.0,4734.0,12734.0,12394.0
2025-07-21,2025-07-24,3,Monday,10:00,12:00,25085.0,25100,25000,0.339,-0.23,0.521,0.807,10.39,91.4,128.15,219.55,88.95,116.65,205.6,13.95,1046.0,846.0,36011.0,44011.0,43670.0
2025-07-21,2025-07-24,3,Monday,10:00,13:00,25085.0,25100,25000,0.339,-0.23,0.521,0.807,10.39,91.4,128.15,219.55,82.85,115.85,198.7,20.85,1564.0,1364.0,58032.0,66032.0,65691.0
2025-07-21,2025-07-24,3,Monday,10:00,15:25,25085.0,25100,25000,0.339,-0.23,0.521,0.807,10.39,91.4,128.15,219.55,98.15,84.1,182.25,37.3,2798.0,2598.0,110532.0,118532.0,118191.0
2025-07-21,2025-07-24,3,Monday,10:30,11:00,25103.0,25100,25000,0.41,-0.23,0.521,0.807,10.39,100.4,117.05,217.45,101.45,113.95,215.4,2.05,154.0,-46.0,-1968.0,6032.0,5691.0
2025-07-21,2025-07-24,3,Monday,10:30,12:00,25103.0,25100,25000,0.41,-0.23,0.521,0.807,10.39,100.4,117.05,217.45,88.95,116.65,205.6,11.85,889.0,689.0,29309.0,37309.0,36968.0
2025-07-21,2025-07-24,3,Monday,10:30,13:00,25103.0,25100,25000,0.41,-0.23,0.521,0.807,10.39,100.4,117.05,217.45,82.85,115.85,198.7,18.75,1406.0,1206.0,51330.0,59330.0,58989.0
2025-07-21,2025-07-24,3,Monday,10:30,15:25,25103.0,25100,25000,0.41,-0.23,0.521,0.807,10.39,100.4,117.05,217.45,98.15,84.1,182.25,35.2,2640.0,2440.0,103830.0,111830.0,111489.0
2025-07-28,2025-07-31,3,Monday,09:30,11:00,24825.6,24850,25000,0.703,-0.557,0.467,0.701,9.17,101.55,123.75,225.3,112.75,110.65,223.4,1.9,143.0,-57.0,-2447.0,5553.0,5213.0
2025-07-28,2025-07-31,3,Monday,09:30,12:00,24825.6,24850,25000,0.703,-0.557,0.467,0.701,9.17,101.55,123.75,225.3,108.3,110.35,218.65,6.65,499.0,299.0,12713.0,20713.0,20372.0
2025-07-28,2025-07-31,3,Monday,09:30,13:00,24825.6,24850,25000,0.703,-0.557,0.467,0.701,9.17,101.55,123.75,225.3,69.6,165.35,234.95,-9.65,-724.0,-924.0,-39309.0,-31309.0,-31649.0
2025-07-28,2025-07-31,3,Monday,09:30,15:25,24825.6,24850,25000,0.703,-0.557,0.467,0.701,9.17,101.55,123.75,225.3,55.25,196.15,251.4,-26.1,-1957.0,-2157.0,-91809.0,-83809.0,-84149.0
2025-07-28,2025-07-31,3,Monday,10:00,11:00,24838.0,24850,25000,0.652,-0.557,0.467,0.701,9.17,105.3,122.9,228.2,112.75,110.65,223.4,4.8,360.0,160.0,6809.0,14809.0,14468.0
2025-07-28,2025-07-31,3,Monday,10:00,12:00,24838.0,24850,25000,0.652,-0.557,0.467,0.701,9.17,105.3,122.9,228.2,108.3,110.35,218.65,9.55,716.0,516.0,21968.0,29968.0,29628.0
2025-07-28,2025-07-31,3,Monday,10:00,13:00,24838.0,24850,25000,0.652,-0.557,0.467,0.701,9.17,105.3,122.9,228.2,69.6,165.35,234.95,-6.75,-506.0,-706.0,-30053.0,-22053.0,-22394.0
2025-07-28,2025-07-31,3,Monday,10:00,15:25,24838.0,24850,25000,0.652,-0.557,0.467,0.701,9.17,105.3,122.9,228.2,55.25,196.15,251.4,-23.2,-1740.0,-1940.0,-82553.0,-74553.0,-74894.0
2025-07-28,2025-07-31,3,Monday,10:30,11:00,24925.0,24900,25000,0.301,-0.557,0.467,0.701,9.17,127.25,101.2,228.45,90.45,138.05,228.5,-0.05,-4.0,-204.0,-8670.0,-670.0,-1011.0
2025-07-28,2025-07-31,3,Monday,10:30,12:00,24925.0,24900,25000,0.301,-0.557,0.467,0.701,9.17,127.25,101.2,228.45,86.0,138.55,224.55,3.9,292.0,92.0,3936.0,11936.0,11596.0
2025-07-28,2025-07-31,3,Monday,10:30,13:00,24925.0,24900,25000,0.301,-0.557,0.467,0.701,9.17,127.25,101.2,228.45,55.1,199.65,254.75,-26.3,-1973.0,-2173.0,-92447.0,-84447.0,-84787.0
2025-07-28,2025-07-31,3,Monday,10:30,15:25,24925.0,24900,25000,0.301,-0.557,0.467,0.701,9.17,127.25,101.2,228.45,44.0,234.15,278.15,-49.7,-3727.0,-3927.0,-167128.0,-159128.0,-159468.0
2025-08-04,2025-08-07,3,Monday,09:30,11:00,24744.0,24750,24700,0.178,0.049,0.254,0.467,7.93,102.3,170.45,272.75,85.3,197.15,282.45,-9.7,-727.0,-927.0,-39468.0,-31468.0,-31809.0
2025-08-04,2025-08-07,3,Monday,09:30,12:00,24744.0,24750,24700,0.178,0.049,0.254,0.467,7.93,102.3,170.45,272.75,100.9,159.35,260.25,12.5,938.0,738.0,31383.0,39383.0,39043.0
2025-08-04,2025-08-07,3,Monday,09:30,13:00,24744.0,24750,24700,0.178,0.049,0.254,0.467,7.93,102.3,170.45,272.75,106.55,146.5,253.05,19.7,1477.0,1277.0,54362.0,62362.0,62021.0
2025-08-04,2025-08-07,3,Monday,09:30,15:25,24744.0,24750,24700,0.178,0.049,0.254,0.467,7.93,102.3,170.45,272.75,109.95,122.2,232.15,40.6,3045.0,2845.0,121064.0,129064.0,128723.0
2025-08-04,2025-08-07,3,Monday,10:00,11:00,24683.5,24700,24700,0.067,0.049,0.254,0.467,7.93,104.3,181.0,285.3,105.2,167.5,272.7,12.6,945.0,745.0,31702.0,39702.0,39362.0
2025-08-04,2025-08-07,3,Monday,10:00,12:00,24683.5,24700,24700,0.067,0.049,0.254,0.467,7.93,104.3,181.0,285.3,124.45,132.45,256.9,28.4,2130.0,1930.0,82128.0,90128.0,89787.0
2025-08-04,2025-08-07,3,Monday,10:00,13:00,24683.5,24700,24700,0.067,0.049,0.254,0.467,7.93,104.3,181.0,285.3,130.7,121.3,252.0,33.3,2498.0,2298.0,97766.0,105766.0,105426.0
2025-08-04,2025-08-07,3,Monday,10:00,15:25,24683.5,24700,24700,0.067,0.049,0.254,0.467,7.93,104.3,181.0,285.3,136.85,99.1,235.95,49.35,3701.0,3501.0,148989.0,156989.0,156649.0
2025-08-04,2025-08-07,3,Monday,10:30,11:00,24706.6,24700,24700,0.027,0.049,0.254,0.467,7.93,107.4,166.75,274.15,105.2,167.5,272.7,1.45,109.0,-91.0,-3883.0,4117.0,3777.0
2025-08-04,2025-08-07,3,Monday,10:30,12:00,24706.6,24700,24700,0.027,0.049,0.254,0.467,7.93,107.4,166.75,274.15,124.45,132.45,256.9,17.25,1294.0,1094.0,46543.0,54543.0,54202.0
2025-08-04,2025-08-07,3,Monday,10:30,13:00,24706.6,24700,24700,0.027,0.049,0.254,0.467,7.93,107.4,166.75,274.15,130.7,121.3,252.0,22.15,1661.0,1461.0,62181.0,70181.0,69840.0
2025-08-04,2025-08-07,3,Monday,10:30,15:25,24706.6,24700,24700,0.027,0.049,0.254,0.467,7.93,107.4,166.75,274.15,136.85,99.1,235.95,38.2,2865.0,2665.0,113404.0,121404.0,121064.0
2025-08-11,2025-08-14,3,Monday,09:30,11:00,24456.0,24450,24500,0.18,0.102,0.262,0.458,9.22,106.9,143.1,250.0,132.75,103.3,236.05,13.95,1046.0,846.0,36011.0,44011.0,43670.0
2025-08-11,2025-08-14,3,Monday,09:30,12:00,24456.0,24450,24500,0.18,0.102,0.262,0.458,9.22,106.9,143.1,250.0,117.15,112.05,229.2,20.8,1560.0,1360.0,57872.0,65872.0,65532.0
2025-08-11,2025-08-14,3,Monday,09:30,13:00,24456.0,24450,24500,0.18,0.102,0.262,0.458,9.22,106.9,143.1,250.0,142.65,86.65,229.3,20.7,1552.0,1352.0,57553.0,65553.0,65213.0
2025-08-11,2025-08-14,3,Monday,09:30,15:25,24456.0,24450,24500,0.18,0.102,0.262,0.458,9.22,106.9,143.1,250.0,180.15,56.0,236.15,13.85,1039.0,839.0,35691.0,43691.0,43351.0
2025-08-11,2025-08-14,3,Monday,10:00,11:00,24485.0,24500,24500,0.061,0.102,0.262,0.458,9.22,95.6,154.25,249.85,107.0,127.5,234.5,15.35,1151.0,951.0,40479.0,48479.0,48138.0
2025-08-11,2025-08-14,3,Monday,10:00,12:00,24485.0,24500,24500,0.061,0.102,0.262,0.458,9.22,95.6,154.25,249.85,93.45,138.25,231.7,18.15,1361.0,1161.0,49415.0,57415.0,57074.0
2025-08-11,2025-08-14,3,Monday,10:00,13:00,24485.0,24500,24500,0.061,0.102,0.262,0.458,9.22,95.6,154.25,249.85,114.5,108.35,222.85,27.0,2025.0,1825.0,77660.0,85660.0,85319.0
2025-08-11,2025-08-14,3,Monday,10:00,15:25,24485.0,24500,24500,0.061,0.102,0.262,0.458,9.22,95.6,154.25,249.85,145.4,71.7,217.1,32.75,2456.0,2256.0,96011.0,104011.0,103670.0
2025-08-11,2025-08-14,3,Monday,10:30,11:00,24514.0,24500,24500,0.057,0.102,0.262,0.458,9.22,102.85,134.8,237.65,107.0,127.5,234.5,3.15,236.0,36.0,1543.0,9543.0,9202.0
2025-08-11,2025-08-14,3,Monday,10:30,12:00,24514.0,24500,24500,0.057,0.102,0.262,0.458,9.22,102.85,134.8,237.65,93.45,138.25,231.7,5.95,446.0,246.0,10479.0,18479.0,18138.0
2025-08-11,2025-08-14,3,Monday,10:30,13:00,24514.0,24500,24500,0.057,0.102,0.262,0.458,9.22,102.85,134.8,237.65,114.5,108.35,222.85,14.8,1110.0,910.0,38723.0,46723.0,46383.0
2025-08-11,2025-08-14,3,Monday,10:30,15:25,24514.0,24500,24500,0.057,0.102,0.262,0.458,9.22,102.85,134.8,237.65,145.4,71.7,217.1,20.55,1541.0,1341.0,57074.0,65074.0,64734.0
2025-08-18,2025-08-21,3,Monday,09:30,11:00,25037.0,25050,25000,0.148,0.954,0.509,0.693,9.87,110.55,151.65,262.2,98.55,151.55,250.1,12.1,907.0,707.0,30106.0,38106.0,37766.0
2025-08-18,2025-08-21,3,Monday,09:30,12:00,25037.0,25050,25000,0.148,0.954,0.509,0.693,9.87,110.55,151.65,262.2,77.8,170.25,248.05,14.15,1061.0,861.0,36649.0,44649.0,44309.0
2025-08-18,2025-08-21,3,Monday,09:30,13:00,25037.0,25050,25000,0.148,0.954,0.509,0.693,9.87,110.55,151.65,262.2,74.55,168.75,243.3,18.9,1417.0,1217.0,51809.0,59809.0,59468.0
2025-08-18,2025-08-21,3,Monday,09:30,15:25,25037.0,25050,25000,0.148,0.954,0.509,0.693,9.87,110.55,151.65,262.2,62.2,170.3,232.5,29.7,2227.0,2027.0,86277.0,94277.0,93936.0
2025-08-18,2025-08-21,3,Monday,10:00,11:00,25064.9,25050,25000,0.259,0.954,0.509,0.693,9.87,126.0,141.1,267.1,98.55,151.55,250.1,17.0,1275.0,1075.0,45745.0,53745.0,53404.0
2025-08-18,2025-08-21,3,Monday,10:00,12:00,25064.9,25050,25000,0.259,0.954,0.509,0.693,9.87,126.0,141.1,267.1,77.8,170.25,248.05,19.05,1429.0,1229.0,52287.0,60287.0,59947.0
2025-08-18,2025-08-21,3,Monday,10:00,13:00,25064.9,25050,25000,0.259,0.954,0.509,0.693,9.87,126.0,141.1,267.1,74.55,168.75,243.3,23.8,1785.0,1585.0,67447.0,75447.0,75106.0
2025-08-18,2025-08-21,3,Monday,10:00,15:25,25064.9,25050,25000,0.259,0.954,0.509,0.693,9.87,126.0,141.1,267.1,62.2,170.3,232.5,34.6,2595.0,2395.0,101915.0,109915.0,109574.0
2025-08-18,2025-08-21,3,Monday,10:30,11:00,25040.0,25050,25000,0.16,0.954,0.509,0.693,9.87,110.35,146.0,256.35,98.55,151.55,250.1,6.25,469.0,269.0,11436.0,19436.0,19096.0
2025-08-18,2025-08-21,3,Monday,10:30,12:00,25040.0,25050,25000,0.16,0.954,0.509,0.693,9.87,110.35,146.0,256.35,77.8,170.25,248.05,8.3,623.0,423.0,17979.0,25979.0,25638.0
2025-08-18,2025-08-21,3,Monday,10:30,13:00,25040.0,25050,25000,0.16,0.954,0.509,0.693,9.87,110.35,146.0,256.35,74.55,168.75,243.3,13.05,979.0,779.0,33138.0,41138.0,40798.0
2025-08-18,2025-08-21,3,Monday,10:30,15:25,25040.0,25050,25000,0.16,0.954,0.509,0.693,9.87,110.35,146.0,256.35,62.2,170.3,232.5,23.85,1789.0,1589.0,67606.0,75606.0,75266.0
2025-08-25,2025-08-28,3,Monday,09:30,11:00,24966.1,24950,25000,0.136,-0.347,0.092,0.314,10.1,99.65,84.6,184.25,94.6,77.5,172.1,12.15,911.0,711.0,30266.0,38266.0,37926.0
2025-08-25,2025-08-28,3,Monday,09:30,12:00,24966.1,24950,25000,0.136,-0.347,0.092,0.314,10.1,99.65,84.6,184.25,108.1,64.65,172.75,11.5,862.0,662.0,28191.0,36191.0,35851.0
2025-08-25,2025-08-28,3,Monday,09:30,13:00,24966.1,24950,25000,0.136,-0.347,0.092,0.314,10.1,99.65,84.6,184.25,119.35,52.6,171.95,12.3,923.0,723.0,30745.0,38745.0,38404.0
2025-08-25,2025-08-28,3,Monday,09:30,15:25,24966.1,24950,25000,0.136,-0.347,0.092,0.314,10.1,99.65,84.6,184.25,104.5,56.3,160.8,23.45,1759.0,1559.0,66330.0,74330.0,73989.0
2025-08-25,2025-08-28,3,Monday,10:00,11:00,24942.9,24950,25000,0.229,-0.347,0.092,0.314,10.1,90.2,95.55,185.75,94.6,77.5,172.1,13.65,1024.0,824.0,35053.0,43053.0,42713.0
2025-08-25,2025-08-28,3,Monday,10:00,12:00,24942.9,24950,25000,0.229,-0.347,0.092,0.314,10.1,90.2,95.55,185.75,108.1,64.65,172.75,13.0,975.0,775.0,32979.0,40979.0,40638.0
2025-08-25,2025-08-28,3,Monday,10:00,13:00,24942.9,24950,25000,0.229,-0.347,0.092,0.314,10.1,90.2,95.55,185.75,119.35,52.6,171.95,13.8,1035.0,835.0,35532.0,43532.0,43191.0
2025-08-25,2025-08-28,3,Monday,10:00,15:25,24942.9,24950,25000,0.229,-0.347,0.092,0.314,10.1,90.2,95.55,185.75,104.5,56.3,160.8,24.95,1871.0,1671.0,71117.0,79117.0,78777.0
2025-08-25,2025-08-28,3,Monday,10:30,11:00,24933.0,24950,25000,0.269,-0.347,0.092,0.314,10.1,82.7,96.8,179.5,94.6,77.5,172.1,7.4,555.0,355.0,15106.0,23106.0,22766.0
2025-08-25,2025-08-28,3,Monday,10:30,12:00,24933.0,24950,25000,0.269,-0.347,0.092,0.314,10.1,82.7,96.8,179.5,108.1,64.65,172.75,6.75,506.0,306.0,13032.0,21032.0,20691.0
2025-08-25,2025-08-28,3,Monday,10:30,13:00,24933.0,24950,25000,0.269,-0.347,0.092,0.314,10.1,82.7,96.8,179.5,119.35,52.6,171.95,7.55,566.0,366.0,15585.0,23585.0,23245.0
2025-08-25,2025-08-28,3,Monday,10:30,15:25,24933.0,24950,25000,0.269,-0.347,0.092,0.314,10.1,82.7,96.8,179.5,104.5,56.3,160.8,18.7,1402.0,1202.0,51170.0,59170.0,58830.0
2025-09-04,2025-09-09,3,Thursday,09:30,11:00,25009.9,25000,25000,0.04,0.428,0.062,0.491,10.22,71.0,142.0,213.0,49.85,190.0,239.85,-26.85,-2014.0,-2214.0,-94202.0,-86202.0,-86543.0
2025-09-04,2025-09-09,3,Thursday,09:30,12:00,25009.9,25000,25000,0.04,0.428,0.062,0.491,10.22,71.0,142.0,213.0,47.4,202.0,249.4,-36.4,-2730.0,-2930.0,-124681.0,-116681.0,-117021.0
2025-09-04,2025-09-09,3,Thursday,09:30,13:00,25009.9,25000,25000,0.04,0.428,0.062,0.491,10.22,71.0,142.0,213.0,48.35,185.7,234.05,-21.05,-1579.0,-1779.0,-75691.0,-67691.0,-68032.0
2025-09-04,2025-09-09,3,Thursday,09:30,15:25,25009.9,25000,25000,0.04,0.428,0.062,0.491,10.22,71.0,142.0,213.0,27.0,252.95,279.95,-66.95,-5021.0,-5221.0,-222181.0,-214181.0,-214521.0
2025-09-04,2025-09-09,3,Thursday,10:00,11:00,25009.1,25000,25000,0.036,0.428,0.062,0.491,10.22,71.2,134.4,205.6,49.85,190.0,239.85,-34.25,-2569.0,-2769.0,-117819.0,-109819.0,-110160.0
2025-09-04,2025-09-09,3,Thursday,10:00,12:00,25009.1,25000,25000,0.036,0.428,0.062,0.491,10.22,71.2,134.4,205.6,47.4,202.0,249.4,-43.8,-3285.0,-3485.0,-148298.0,-140298.0,-140638.0
2025-09-04,2025-09-09,3,Thursday,10:00,13:00,25009.1,25000,25000,0.036,0.428,0.062,0.491,10.22,71.2,134.4,205.6,48.35,185.7,234.05,-28.45,-2134.0,-2334.0,-99309.0,-91309.0,-91649.0
2025-09-04,2025-09-09,3,Thursday,10:00,15:25,25009.1,25000,25000,0.036,0.428,0.062,0.491,10.22,71.2,134.4,205.6,27.0,252.95,279.95,-74.35,-5576.0,-5776.0,-245798.0,-237798.0,-238138.0
2025-09-04,2025-09-09,3,Thursday,10:30,11:00,24946.5,24950,25000,0.214,0.428,0.062,0.491,10.22,68.9,147.05,215.95,66.15,156.0,222.15,-6.2,-465.0,-665.0,-28298.0,-20298.0,-20638.0
2025-09-04,2025-09-09,3,Thursday,10:30,12:00,24946.5,24950,25000,0.214,0.428,0.062,0.491,10.22,68.9,147.05,215.95,62.8,166.7,229.5,-13.55,-1016.0,-1216.0,-51755.0,-43755.0,-44096.0
2025-09-04,2025-09-09,3,Thursday,10:30,13:00,24946.5,24950,25000,0.214,0.428,0.062,0.491,10.22,68.9,147.05,215.95,64.3,151.4,215.7,0.25,19.0,-181.0,-7713.0,287.0,-53.0
2025-09-04,2025-09-09,3,Thursday,10:30,15:25,24946.5,24950,25000,0.214,0.428,0.062,0.491,10.22,68.9,147.05,215.95,36.4,211.7,248.1,-32.15,-2411.0,-2611.0,-111117.0,-103117.0,-103457.0
2025-09-11,2025-09-16,3,Thursday,09:30,11:00,25079.9,25100,25000,0.319,-0.12,0.108,0.222,8.64,65.95,143.55,209.5,60.55,141.9,202.45,7.05,529.0,329.0,13989.0,21989.0,21649.0
2025-09-11,2025-09-16,3,Thursday,09:30,12:00,25079.9,25100,25000,0.319,-0.12,0.108,0.222,8.64,65.95,143.55,209.5,57.3,141.95,199.25,10.25,769.0,569.0,24202.0,32202.0,31862.0
2025-09-11,2025-09-16,3,Thursday,09:30,13:00,25079.9,25100,25000,0.319,-0.12,0.108,0.222,8.64,65.95,143.55,209.5,68.8,124.2,193.0,16.5,1238.0,1038.0,44149.0,52149.0,51809.0
2025-09-11,2025-09-16,3,Thursday,09:30,15:25,25079.9,25100,25000,0.319,-0.12,0.108,0.222,8.64,65.95,143.55,209.5,67.7,117.35,185.05,24.45,1834.0,1634.0,69521.0,77521.0,77181.0
2025-09-11,2025-09-16,3,Thursday,10:00,11:00,25082.0,25100,25000,0.327,-0.12,0.108,0.222,8.64,65.0,140.75,205.75,60.55,141.9,202.45,3.3,248.0,48.0,2021.0,10021.0,9681.0
2025-09-11,2025-09-16,3,Thursday,10:00,12:00,25082.0,25100,25000,0.327,-0.12,0.108,0.222,8.64,65.0,140.75,205.75,57.3,141.95,199.25,6.5,488.0,288.0,12234.0,20234.0,19894.0
2025-09-11,2025-09-16,3,Thursday,10:00,13:00,25082.0,25100,25000,0.327,-0.12,0.108,0.222,8.64,65.0,140.75,205.75,68.8,124.2,193.0,12.75,956.0,756.0,32181.0,40181.0,39840.0
2025-09-11,2025-09-16,3,Thursday,10:00,15:25,25082.0,25100,25000,0.327,-0.12,0.108,0.222,8.64,65.0,140.75,205.75,67.7,117.35,185.05,20.7,1552.0,1352.0,57553.0,65553.0,65213.0
2025-09-11,2025-09-16,3,Thursday,10:30,11:00,25074.7,25050,25000,0.298,-0.12,0.108,0.222,8.64,83.95,113.55,197.5,81.4,113.2,194.6,2.9,217.0,17.0,745.0,8745.0,8404.0
2025-09-11,2025-09-16,3,Thursday,10:30,12:00,25074.7,25050,25000,0.298,-0.12,0.108,0.222,8.64,83.95,113.55,197.5,78.05,112.6,190.65,6.85,514.0,314.0,13351.0,21351.0,21011.0
2025-09-11,2025-09-16,3,Thursday,10:30,13:00,25074.7,25050,25000,0.298,-0.12,0.108,0.222,8.64,83.95,113.55,197.5,92.15,97.4,189.55,7.95,596.0,396.0,16862.0,24862.0,24521.0
2025-09-11,2025-09-16,3,Thursday,10:30,15:25,25074.7,25050,25000,0.298,-0.12,0.108,0.222,8.64,83.95,113.55,197.5,91.55,91.5,183.05,14.45,1084.0,884.0,37606.0,45606.0,45266.0
2025-09-18,2025-09-23,3,Thursday,09:30,11:00,25510.0,25500,25400,0.431,0.229,0.088,0.137,7.67,71.55,102.7,174.25,73.35,96.25,169.6,4.65,349.0,149.0,6330.0,14330.0,13989.0
2025-09-18,2025-09-23,3,Thursday,09:30,12:00,25510.0,25500,25400,0.431,0.229,0.088,0.137,7.67,71.55,102.7,174.25,64.5,105.0,169.5,4.75,356.0,156.0,6649.0,14649.0,14309.0
2025-09-18,2025-09-23,3,Thursday,09:30,13:00,25510.0,25500,25400,0.431,0.229,0.088,0.137,7.67,71.55,102.7,174.25,55.15,126.9,182.05,-7.8,-585.0,-785.0,-33404.0,-25404.0,-25745.0
2025-09-18,2025-09-23,3,Thursday,09:30,15:25,25510.0,25500,25400,0.431,0.229,0.088,0.137,7.67,71.55,102.7,174.25,66.05,92.7,158.75,15.5,1162.0,962.0,40957.0,48957.0,48617.0
2025-09-18,2025-09-23,3,Thursday,10:00,11:00,25499.9,25500,25400,0.392,0.229,0.088,0.137,7.67,66.7,108.15,174.85,73.35,96.25,169.6,5.25,394.0,194.0,8245.0,16245.0,15904.0
2025-09-18,2025-09-23,3,Thursday,10:00,12:00,25499.9,25500,25400,0.392,0.229,0.088,0.137,7.67,66.7,108.15,174.85,64.5,105.0,169.5,5.35,401.0,201.0,8564.0,16564.0,16223.0
2025-09-18,2025-09-23,3,Thursday,10:00,13:00,25499.9,25500,25400,0.392,0.229,0.088,0.137,7.67,66.7,108.15,174.85,55.15,126.9,182.05,-7.2,-540.0,-740.0,-31489.0,-23489.0,-23830.0
2025-09-18,2025-09-23,3,Thursday,10:00,15:25,25499.9,25500,25400,0.392,0.229,0.088,0.137,7.67,66.7,108.15,174.85,66.05,92.7,158.75,16.1,1208.0,1008.0,42872.0,50872.0,50532.0
2025-09-18,2025-09-23,3,Thursday,10:30,11:00,25503.0,25500,25400,0.404,0.229,0.088,0.137,7.67,66.5,106.25,172.75,73.35,96.25,169.6,3.15,236.0,36.0,1543.0,9543.0,9202.0
2025-09-18,2025-09-23,3,Thursday,10:30,12:00,25503.0,25500,25400,0.404,0.229,0.088,0.137,7.67,66.5,106.25,172.75,64.5,105.0,169.5,3.25,244.0,44.0,1862.0,9862.0,9521.0
2025-09-18,2025-09-23,3,Thursday,10:30,13:00,25503.0,25500,25400,0.404,0.229,0.088,0.137,7.67,66.5,106.25,172.75,55.15,126.9,182.05,-9.3,-698.0,-898.0,-38191.0,-30191.0,-30532.0
2025-09-18,2025-09-23,3,Thursday,10:30,15:25,25503.0,25500,25400,0.404,0.229,0.088,0.137,7.67,66.5,106.25,172.75,66.05,92.7,158.75,14.0,1050.0,850.0,36170.0,44170.0,43830.0
2025-10-09,2025-10-14,3,Thursday,09:30,11:00,25205.7,25200,25100,0.419,0.149,0.127,0.342,9.39,70.9,131.5,202.4,67.3,124.85,192.15,10.25,769.0,569.0,24202.0,32202.0,31862.0
2025-10-09,2025-10-14,3,Thursday,09:30,12:00,25205.7,25200,25100,0.419,0.149,0.127,0.342,9.39,70.9,131.5,202.4,87.75,99.05,186.8,15.6,1170.0,970.0,41277.0,49277.0,48936.0
2025-10-09,2025-10-14,3,Thursday,09:30,13:00,25205.7,25200,25100,0.419,0.149,0.127,0.342,9.39,70.9,131.5,202.4,78.45,104.9,183.35,19.05,1429.0,1229.0,52287.0,60287.0,59947.0
2025-10-09,2025-10-14,3,Thursday,09:30,15:25,25205.7,25200,25100,0.419,0.149,0.127,0.342,9.39,70.9,131.5,202.4,91.35,77.0,168.35,34.05,2554.0,2354.0,100160.0,108160.0,107819.0
2025-10-09,2025-10-14,3,Thursday,10:00,11:00,25132.0,25150,25100,0.127,0.149,0.127,0.342,9.39,63.4,145.4,208.8,90.1,97.15,187.25,21.55,1616.0,1416.0,60266.0,68266.0,67926.0
2025-10-09,2025-10-14,3,Thursday,10:00,12:00,25132.0,25150,25100,0.127,0.149,0.127,0.342,9.39,63.4,145.4,208.8,115.2,76.8,192.0,16.8,1260.0,1060.0,45106.0,53106.0,52766.0
2025-10-09,2025-10-14,3,Thursday,10:00,13:00,25132.0,25150,25100,0.127,0.149,0.127,0.342,9.39,63.4,145.4,208.8,104.1,81.1,185.2,23.6,1770.0,1570.0,66809.0,74809.0,74468.0
2025-10-09,2025-10-14,3,Thursday,10:00,15:25,25132.0,25150,25100,0.127,0.149,0.127,0.342,9.39,63.4,145.4,208.8,120.85,57.0,177.85,30.95,2321.0,2121.0,90266.0,98266.0,97926.0
2025-10-09,2025-10-14,3,Thursday,10:30,11:00,25185.0,25200,25100,0.338,0.149,0.127,0.342,9.39,59.5,145.65,205.15,67.3,124.85,192.15,13.0,975.0,775.0,32979.0,40979.0,40638.0
2025-10-09,2025-10-14,3,Thursday,10:30,12:00,25185.0,25200,25100,0.338,0.149,0.127,0.342,9.39,59.5,145.65,205.15,87.75,99.05,186.8,18.35,1376.0,1176.0,50053.0,58053.0,57713.0
2025-10-09,2025-10-14,3,Thursday,10:30,13:00,25185.0,25200,25100,0.338,0.149,0.127,0.342,9.39,59.5,145.65,205.15,78.45,104.9,183.35,21.8,1635.0,1435.0,61064.0,69064.0,68723.0
2025-10-09,2025-10-14,3,Thursday,10:30,15:25,25185.0,25200,25100,0.338,0.149,0.127,0.342,9.39,59.5,145.65,205.15,91.35,77.0,168.35,36.8,2760.0,2560.0,108936.0,116936.0,116596.0
2025-10-15,2025-10-20,3,Wednesday,09:30,11:00,25363.7,25350,25200,0.645,0.3,0.469,0.534,9.69,103.1,123.55,226.65,126.9,94.0,220.9,5.75,431.0,231.0,9840.0,17840.0,17500.0
2025-10-15,2025-10-20,3,Wednesday,09:30,12:00,25363.7,25350,25200,0.645,0.3,0.469,0.534,9.69,103.1,123.55,226.65,126.55,94.55,221.1,5.55,416.0,216.0,9202.0,17202.0,16862.0
2025-10-15,2025-10-20,3,Wednesday,09:30,13:00,25363.7,25350,25200,0.645,0.3,0.469,0.534,9.69,103.1,123.55,226.65,134.3,84.3,218.6,8.05,604.0,404.0,17181.0,25181.0,24840.0
2025-10-15,2025-10-20,3,Wednesday,09:30,15:25,25363.7,25350,25200,0.645,0.3,0.469,0.534,9.69,103.1,123.55,226.65,127.1,84.8,211.9,14.75,1106.0,906.0,38564.0,46564.0,46223.0
2025-10-15,2025-10-20,3,Wednesday,10:00,11:00,25318.9,25300,25200,0.47,0.3,0.469,0.534,9.69,102.65,122.65,225.3,158.15,75.55,233.7,-8.4,-630.0,-830.0,-35319.0,-27319.0,-27660.0
2025-10-15,2025-10-20,3,Wednesday,10:00,12:00,25318.9,25300,25200,0.47,0.3,0.469,0.534,9.69,102.65,122.65,225.3,158.4,76.0,234.4,-9.1,-682.0,-882.0,-37553.0,-29553.0,-29894.0
2025-10-15,2025-10-20,3,Wednesday,10:00,13:00,25318.9,25300,25200,0.47,0.3,0.469,0.534,9.69,102.65,122.65,225.3,167.45,67.25,234.7,-9.4,-705.0,-905.0,-38511.0,-30511.0,-30851.0
2025-10-15,2025-10-20,3,Wednesday,10:00,15:25,25318.9,25300,25200,0.47,0.3,0.469,0.534,9.69,102.65,122.65,225.3,160.0,67.95,227.95,-2.65,-199.0,-399.0,-16968.0,-8968.0,-9309.0
2025-10-15,2025-10-20,3,Wednesday,10:30,11:00,25386.0,25400,25200,0.733,0.3,0.469,0.534,9.69,84.25,135.7,219.95,99.2,116.55,215.75,4.2,315.0,115.0,4894.0,12894.0,12553.0
2025-10-15,2025-10-20,3,Wednesday,10:30,12:00,25386.0,25400,25200,0.733,0.3,0.469,0.534,9.69,84.25,135.7,219.95,99.15,116.95,216.1,3.85,289.0,89.0,3777.0,11777.0,11436.0
2025-10-15,2025-10-20,3,Wednesday,10:30,13:00,25386.0,25400,25200,0.733,0.3,0.469,0.534,9.69,84.25,135.7,219.95,104.85,104.8,209.65,10.3,773.0,573.0,24362.0,32362.0,32021.0
2025-10-15,2025-10-20,3,Wednesday,10:30,15:25,25386.0,25400,25200,0.733,0.3,0.469,0.534,9.69,84.25,135.7,219.95,97.6,105.15,202.75,17.2,1290.0,1090.0,46383.0,54383.0,54043.0
2025-10-23,2025-10-28,3,Thursday,09:30,11:00,26146.0,26150,26000,0.558,1.144,0.079,0.665,12.89,124.2,126.7,250.9,113.7,126.6,240.3,10.6,795.0,595.0,25319.0,33319.0,32979.0
2025-10-23,2025-10-28,3,Thursday,09:30,12:00,26146.0,26150,26000,0.558,1.144,0.079,0.665,12.89,124.2,126.7,250.9,124.4,109.35,233.75,17.15,1286.0,1086.0,46223.0,54223.0,53883.0
2025-10-23,2025-10-28,3,Thursday,09:30,13:00,26146.0,26150,26000,0.558,1.144,0.079,0.665,12.89,124.2,126.7,250.9,103.6,119.8,223.4,27.5,2063.0,1863.0,79255.0,87255.0,86915.0
2025-10-23,2025-10-28,3,Thursday,09:30,15:25,26146.0,26150,26000,0.558,1.144,0.079,0.665,12.89,124.2,126.7,250.9,43.3,230.05,273.35,-22.45,-1684.0,-1884.0,-80160.0,-72160.0,-72500.0
2025-10-23,2025-10-28,3,Thursday,10:00,11:00,26138.0,26150,26000,0.528,1.144,0.079,0.665,12.89,121.7,127.8,249.5,113.7,126.6,240.3,9.2,690.0,490.0,20851.0,28851.0,28511.0
2025-10-23,2025-10-28,3,Thursday,10:00,12:00,26138.0,26150,26000,0.528,1.144,0.079,0.665,12.89,121.7,127.8,249.5,124.4,109.35,233.75,15.75,1181.0,981.0,41755.0,49755.0,49415.0
2025-10-23,2025-10-28,3,Thursday,10:00,13:00,26138.0,26150,26000,0.528,1.144,0.079,0.665,12.89,121.7,127.8,249.5,103.6,119.8,223.4,26.1,1958.0,1758.0,74787.0,82787.0,82447.0
2025-10-23,2025-10-28,3,Thursday,10:00,15:25,26138.0,26150,26000,0.528,1.144,0.079,0.665,12.89,121.7,127.8,249.5,43.3,230.05,273.35,-23.85,-1789.0,-1989.0,-84628.0,-76628.0,-76968.0
2025-10-23,2025-10-28,3,Thursday,10:30,11:00,26136.0,26150,26000,0.52,1.144,0.079,0.665,12.89,114.7,128.0,242.7,113.7,126.6,240.3,2.4,180.0,-20.0,-851.0,7149.0,6809.0
2025-10-23,2025-10-28,3,Thursday,10:30,12:00,26136.0,26150,26000,0.52,1.144,0.079,0.665,12.89,114.7,128.0,242.7,124.4,109.35,233.75,8.95,671.0,471.0,20053.0,28053.0,27713.0
2025-10-23,2025-10-28,3,Thursday,10:30,13:00,26136.0,26150,26000,0.52,1.144,0.079,0.665,12.89,114.7,128.0,242.7,103.6,119.8,223.4,19.3,1448.0,1248.0,53085.0,61085.0,60745.0
2025-10-23,2025-10-28,3,Thursday,10:30,15:25,26136.0,26150,26000,0.52,1.144,0.079,0.665,12.89,114.7,128.0,242.7,43.3,230.05,273.35,-30.65,-2299.0,-2499.0,-106330.0,-98330.0,-98670.0
2025-10-30,2025-11-04,3,Thursday,09:30,11:00,26120.3,26100,26000,0.461,-0.234,0.456,0.68,13.5,89.6,180.3,269.9,69.5,222.25,291.75,-21.85,-1639.0,-1839.0,-78245.0,-70245.0,-70585.0
2025-10-30,2025-11-04,3,Thursday,09:30,12:00,26120.3,26100,26000,0.461,-0.234,0.456,0.68,13.5,89.6,180.3,269.9,67.2,221.05,288.25,-18.35,-1376.0,-1576.0,-67074.0,-59074.0,-59415.0
2025-10-30,2025-11-04,3,Thursday,09:30,13:00,26120.3,26100,26000,0.461,-0.234,0.456,0.68,13.5,89.6,180.3,269.9,64.55,223.5,288.05,-18.15,-1361.0,-1561.0,-66436.0,-58436.0,-58777.0
2025-10-30,2025-11-04,3,Thursday,09:30,15:25,26120.3,26100,26000,0.461,-0.234,0.456,0.68,13.5,89.6,180.3,269.9,59.6,216.35,275.95,-6.05,-454.0,-654.0,-27819.0,-19819.0,-20160.0
2025-10-30,2025-11-04,3,Thursday,10:00,11:00,26036.9,26050,26000,0.142,-0.234,0.456,0.68,13.5,88.0,208.2,296.2,86.6,189.05,275.65,20.55,1541.0,1341.0,57074.0,65074.0,64734.0
2025-10-30,2025-11-04,3,Thursday,10:00,12:00,26036.9,26050,26000,0.142,-0.234,0.456,0.68,13.5,88.0,208.2,296.2,83.9,187.4,271.3,24.9,1867.0,1667.0,70957.0,78957.0,78617.0
2025-10-30,2025-11-04,3,Thursday,10:00,13:00,26036.9,26050,26000,0.142,-0.234,0.456,0.68,13.5,88.0,208.2,296.2,80.6,189.9,270.5,25.7,1927.0,1727.0,73511.0,81511.0,81170.0
2025-10-30,2025-11-04,3,Thursday,10:00,15:25,26036.9,26050,26000,0.142,-0.234,0.456,0.68,13.5,88.0,208.2,296.2,75.5,182.6,258.1,38.1,2857.0,2657.0,113085.0,121085.0,120745.0
2025-10-30,2025-11-04,3,Thursday,10:30,11:00,26072.7,26050,26000,0.279,-0.234,0.456,0.68,13.5,95.5,179.65,275.15,86.6,189.05,275.65,-0.5,-38.0,-238.0,-10106.0,-2106.0,-2447.0
2025-10-30,2025-11-04,3,Thursday,10:30,12:00,26072.7,26050,26000,0.279,-0.234,0.456,0.68,13.5,95.5,179.65,275.15,83.9,187.4,271.3,3.85,289.0,89.0,3777.0,11777.0,11436.0
2025-10-30,2025-11-04,3,Thursday,10:30,13:00,26072.7,26050,26000,0.279,-0.234,0.456,0.68,13.5,95.5,179.65,275.15,80.6,189.9,270.5,4.65,349.0,149.0,6330.0,14330.0,13989.0
2025-10-30,2025-11-04,3,Thursday,10:30,15:25,26072.7,26050,26000,0.279,-0.234,0.456,0.68,13.5,95.5,179.65,275.15,75.5,182.6,258.1,17.05,1279.0,1079.0,45904.0,53904.0,53564.0
2025-11-06,2025-11-11,3,Thursday,09:30,11:00,25749.4,25750,25700,0.192,0.16,0.368,0.641,13.94,86.85,169.95,256.8,56.6,209.5,266.1,-9.3,-698.0,-898.0,-38191.0,-30191.0,-30532.0
2025-11-06,2025-11-11,3,Thursday,09:30,12:00,25749.4,25750,25700,0.192,0.16,0.368,0.641,13.94,86.85,169.95,256.8,52.9,210.65,263.55,-6.75,-506.0,-706.0,-30053.0,-22053.0,-22394.0
2025-11-06,2025-11-11,3,Thursday,09:30,13:00,25749.4,25750,25700,0.192,0.16,0.368,0.641,13.94,86.85,169.95,256.8,64.05,182.55,246.6,10.2,765.0,565.0,24043.0,32043.0,31702.0
2025-11-06,2025-11-11,3,Thursday,09:30,15:25,25749.4,25750,25700,0.192,0.16,0.368,0.641,13.94,86.85,169.95,256.8,35.6,229.15,264.75,-7.95,-596.0,-796.0,-33883.0,-25883.0,-26223.0
2025-11-06,2025-11-11,3,Thursday,10:00,11:00,25760.0,25750,25700,0.233,0.16,0.368,0.641,13.94,85.2,157.1,242.3,56.6,209.5,266.1,-23.8,-1785.0,-1985.0,-84468.0,-76468.0,-76809.0
2025-11-06,2025-11-11,3,Thursday,10:00,12:00,25760.0,25750,25700,0.233,0.16,0.368,0.641,13.94,85.2,157.1,242.3,52.9,210.65,263.55,-21.25,-1594.0,-1794.0,-76330.0,-68330.0,-68670.0
2025-11-06,2025-11-11,3,Thursday,10:00,13:00,25760.0,25750,25700,0.233,0.16,0.368,0.641,13.94,85.2,157.1,242.3,64.05,182.55,246.6,-4.3,-323.0,-523.0,-22234.0,-14234.0,-14574.0
2025-11-06,2025-11-11,3,Thursday,10:00,15:25,25760.0,25750,25700,0.233,0.16,0.368,0.641,13.94,85.2,157.1,242.3,35.6,229.15,264.75,-22.45,-1684.0,-1884.0,-80160.0,-72160.0,-72500.0
2025-11-06,2025-11-11,3,Thursday,10:30,11:00,25650.7,25650,25700,0.192,0.16,0.368,0.641,13.94,86.45,166.05,252.5,93.4,146.15,239.55,12.95,971.0,771.0,32819.0,40819.0,40479.0
2025-11-06,2025-11-11,3,Thursday,10:30,12:00,25650.7,25650,25700,0.192,0.16,0.368,0.641,13.94,86.45,166.05,252.5,88.5,145.75,234.25,18.25,1369.0,1169.0,49734.0,57734.0,57394.0
2025-11-06,2025-11-11,3,Thursday,10:30,13:00,25650.7,25650,25700,0.192,0.16,0.368,0.641,13.94,86.45,166.05,252.5,105.1,124.2,229.3,23.2,1740.0,1540.0,65532.0,73532.0,73191.0
2025-11-06,2025-11-11,3,Thursday,10:30,15:25,25650.7,25650,25700,0.192,0.16,0.368,0.641,13.94,86.45,166.05,252.5,64.6,158.15,222.75,29.75,2231.0,2031.0,86436.0,94436.0,94096.0
2025-11-13,2025-11-18,3,Thursday,09:30,11:00,25962.0,25950,25800,0.624,-0.104,0.177,0.4,13.49,111.6,143.9,255.5,146.7,102.85,249.55,5.95,446.0,246.0,10479.0,18479.0,18138.0
2025-11-13,2025-11-18,3,Thursday,09:30,12:00,25962.0,25950,25800,0.624,-0.104,0.177,0.4,13.49,111.6,143.9,255.5,166.75,96.05,262.8,-7.3,-548.0,-748.0,-31809.0,-23809.0,-24149.0
2025-11-13,2025-11-18,3,Thursday,09:30,13:00,25962.0,25950,25800,0.624,-0.104,0.177,0.4,13.49,111.6,143.9,255.5,154.35,101.45,255.8,-0.3,-23.0,-223.0,-9468.0,-1468.0,-1809.0
2025-11-13,2025-11-18,3,Thursday,09:30,15:25,25962.0,25950,25800,0.624,-0.104,0.177,0.4,13.49,111.6,143.9,255.5,118.85,156.0,274.85,-19.35,-1451.0,-1651.0,-70266.0,-62266.0,-62606.0
2025-11-13,2025-11-18,3,Thursday,10:00,11:00,25961.0,25950,25800,0.62,-0.104,0.177,0.4,13.49,106.7,143.15,249.85,146.7,102.85,249.55,0.3,23.0,-177.0,-7553.0,447.0,106.0
2025-11-13,2025-11-18,3,Thursday,10:00,12:00,25961.0,25950,25800,0.62,-0.104,0.177,0.4,13.49,106.7,143.15,249.85,166.75,96.05,262.8,-12.95,-971.0,-1171.0,-49840.0,-41840.0,-42181.0
2025-11-13,2025-11-18,3,Thursday,10:00,13:00,25961.0,25950,25800,0.62,-0.104,0.177,0.4,13.49,106.7,143.15,249.85,154.35,101.45,255.8,-5.95,-446.0,-646.0,-27500.0,-19500.0,-19840.0
2025-11-13,2025-11-18,3,Thursday,10:00,15:25,25961.0,25950,25800,0.62,-0.104,0.177,0.4,13.49,106.7,143.15,249.85,118.85,156.0,274.85,-25.0,-1875.0,-2075.0,-88298.0,-80298.0,-80638.0
2025-11-13,2025-11-18,3,Thursday,10:30,11:00,26001.5,26000,25800,0.775,-0.104,0.177,0.4,13.49,99.75,149.0,248.75,119.1,125.35,244.45,4.3,323.0,123.0,5213.0,13213.0,12872.0
2025-11-13,2025-11-18,3,Thursday,10:30,12:00,26001.5,26000,25800,0.775,-0.104,0.177,0.4,13.49,99.75,149.0,248.75,137.0,116.55,253.55,-4.8,-360.0,-560.0,-23830.0,-15830.0,-16170.0
2025-11-13,2025-11-18,3,Thursday,10:30,13:00,26001.5,26000,25800,0.775,-0.104,0.177,0.4,13.49,99.75,149.0,248.75,125.8,122.7,248.5,0.25,19.0,-181.0,-7713.0,287.0,-53.0
2025-11-13,2025-11-18,3,Thursday,10:30,15:25,26001.5,26000,25800,0.775,-0.104,0.177,0.4,13.49,99.75,149.0,248.75,96.8,183.3,280.1,-31.35,-2351.0,-2551.0,-108564.0,-100564.0,-100904.0
2025-11-20,2025-11-25,3,Thursday,09:30,11:00,26123.5,26100,26000,0.473,-0.472,0.011,0.287,11.36,144.6,116.45,261.05,151.7,102.75,254.45,6.6,495.0,295.0,12553.0,20553.0,20213.0
2025-11-20,2025-11-25,3,Thursday,09:30,12:00,26123.5,26100,26000,0.473,-0.472,0.011,0.287,11.36,144.6,116.45,261.05,158.45,93.75,252.2,8.85,664.0,464.0,19734.0,27734.0,27394.0
2025-11-20,2025-11-25,3,Thursday,09:30,13:00,26123.5,26100,26000,0.473,-0.472,0.011,0.287,11.36,144.6,116.45,261.05,169.3,84.25,253.55,7.5,562.0,362.0,15426.0,23426.0,23085.0
2025-11-20,2025-11-25,3,Thursday,09:30,15:25,26123.5,26100,26000,0.473,-0.472,0.011,0.287,11.36,144.6,116.45,261.05,199.85,66.55,266.4,-5.35,-401.0,-601.0,-25585.0,-17585.0,-17926.0
2025-11-20,2025-11-25,3,Thursday,10:00,11:00,26099.0,26100,26000,0.379,-0.472,0.011,0.287,11.36,133.2,131.6,264.8,151.7,102.75,254.45,10.35,776.0,576.0,24521.0,32521.0,32181.0
2025-11-20,2025-11-25,3,Thursday,10:00,12:00,26099.0,26100,26000,0.379,-0.472,0.011,0.287,11.36,133.2,131.6,264.8,158.45,93.75,252.2,12.6,945.0,745.0,31702.0,39702.0,39362.0
2025-11-20,2025-11-25,3,Thursday,10:00,13:00,26099.0,26100,26000,0.379,-0.472,0.011,0.287,11.36,133.2,131.6,264.8,169.3,84.25,253.55,11.25,844.0,644.0,27394.0,35394.0,35053.0
2025-11-20,2025-11-25,3,Thursday,10:00,15:25,26099.0,26100,26000,0.379,-0.472,0.011,0.287,11.36,133.2,131.6,264.8,199.85,66.55,266.4,-1.6,-120.0,-320.0,-13617.0,-5617.0,-5957.0
2025-11-20,2025-11-25,3,Thursday,10:30,11:00,26140.1,26150,26000,0.536,-0.472,0.011,0.287,11.36,122.2,133.15,255.35,123.75,124.9,248.65,6.7,503.0,303.0,12872.0,20872.0,20532.0
2025-11-20,2025-11-25,3,Thursday,10:30,12:00,26140.1,26150,26000,0.536,-0.472,0.011,0.287,11.36,122.2,133.15,255.35,129.45,114.5,243.95,11.4,855.0,655.0,27872.0,35872.0,35532.0
2025-11-20,2025-11-25,3,Thursday,10:30,13:00,26140.1,26150,26000,0.536,-0.472,0.011,0.287,11.36,122.2,133.15,255.35,139.05,103.6,242.65,12.7,953.0,753.0,32021.0,40021.0,39681.0
2025-11-20,2025-11-25,3,Thursday,10:30,15:25,26140.1,26150,26000,0.536,-0.472,0.011,0.287,11.36,122.2,133.15,255.35,166.05,83.15,249.2,6.15,461.0,261.0,11117.0,19117.0,18777.0
2025-11-27,2025-12-02,3,Thursday,09:30,11:00,26447.6,26450,26000,1.692,0.042,0.242,0.301,11.09,59.15,203.55,262.7,56.35,191.9,248.25,14.45,1084.0,884.0,37606.0,45606.0,45266.0
2025-11-27,2025-12-02,3,Thursday,09:30,12:00,26447.6,26450,26000,1.692,0.042,0.242,0.301,11.09,59.15,203.55,262.7,41.9,226.75,268.65,-5.95,-446.0,-646.0,-27500.0,-19500.0,-19840.0
2025-11-27,2025-12-02,3,Thursday,09:30,13:00,26447.6,26450,26000,1.692,0.042,0.242,0.301,11.09,59.15,203.55,262.7,40.05,228.1,268.15,-5.45,-409.0,-609.0,-25904.0,-17904.0,-18245.0
2025-11-27,2025-12-02,3,Thursday,09:30,15:25,26447.6,26450,26000,1.692,0.042,0.242,0.301,11.09,59.15,203.55,262.7,31.3,231.5,262.8,-0.1,-8.0,-208.0,-8830.0,-830.0,-1170.0
2025-11-27,2025-12-02,3,Thursday,10:00,11:00,26465.7,26450,26000,1.76,0.042,0.242,0.301,11.09,63.15,189.25,252.4,56.35,191.9,248.25,4.15,311.0,111.0,4734.0,12734.0,12394.0
2025-11-27,2025-12-02,3,Thursday,10:00,12:00,26465.7,26450,26000,1.76,0.042,0.242,0.301,11.09,63.15,189.25,252.4,41.9,226.75,268.65,-16.25,-1219.0,-1419.0,-60372.0,-52372.0,-52713.0
2025-11-27,2025-12-02,3,Thursday,10:00,13:00,26465.7,26450,26000,1.76,0.042,0.242,0.301,11.09,63.15,189.25,252.4,40.05,228.1,268.15,-15.75,-1181.0,-1381.0,-58777.0,-50777.0,-51117.0
2025-11-27,2025-12-02,3,Thursday,10:00,15:25,26465.7,26450,26000,1.76,0.042,0.242,0.301,11.09,63.15,189.25,252.4,31.3,231.5,262.8,-10.4,-780.0,-980.0,-41702.0,-33702.0,-34043.0
2025-11-27,2025-12-02,3,Thursday,10:30,11:00,26455.0,26450,26000,1.72,0.042,0.242,0.301,11.09,55.65,198.5,254.15,56.35,191.9,248.25,5.9,443.0,243.0,10319.0,18319.0,17979.0
2025-11-27,2025-12-02,3,Thursday,10:30,12:00,26455.0,26450,26000,1.72,0.042,0.242,0.301,11.09,55.65,198.5,254.15,41.9,226.75,268.65,-14.5,-1087.0,-1287.0,-54787.0,-46787.0,-47128.0
2025-11-27,2025-12-02,3,Thursday,10:30,13:00,26455.0,26450,26000,1.72,0.042,0.242,0.301,11.09,55.65,198.5,254.15,40.05,228.1,268.15,-14.0,-1050.0,-1250.0,-53191.0,-45191.0,-45532.0
2025-11-27,2025-12-02,3,Thursday,10:30,15:25,26455.0,26450,26000,1.72,0.042,0.242,0.301,11.09,55.65,198.5,254.15,31.3,231.5,262.8,-8.65,-649.0,-849.0,-36117.0,-28117.0,-28457.0
2025-12-04,2025-12-09,3,Thursday,09:30,11:00,26136.0,26150,26000,0.52,-0.144,0.441,0.589,10.06,65.5,188.7,254.2,92.05,131.05,223.1,31.1,2332.0,2132.0,90745.0,98745.0,98404.0
2025-12-04,2025-12-09,3,Thursday,09:30,12:00,26136.0,26150,26000,0.52,-0.144,0.441,0.589,10.06,65.5,188.7,254.2,66.25,166.7,232.95,21.25,1594.0,1394.0,59309.0,67309.0,66968.0
2025-12-04,2025-12-09,3,Thursday,09:30,13:00,26136.0,26150,26000,0.52,-0.144,0.441,0.589,10.06,65.5,188.7,254.2,57.0,181.0,238.0,16.2,1215.0,1015.0,43191.0,51191.0,50851.0
2025-12-04,2025-12-09,3,Thursday,09:30,15:25,26136.0,26150,26000,0.52,-0.144,0.441,0.589,10.06,65.5,188.7,254.2,67.95,144.85,212.8,41.4,3105.0,2905.0,123617.0,131617.0,131277.0
2025-12-04,2025-12-09,3,Thursday,10:00,11:00,26166.0,26150,26000,0.634,-0.144,0.441,0.589,10.06,73.6,166.4,240.0,92.05,131.05,223.1,16.9,1267.0,1067.0,45426.0,53426.0,53085.0
2025-12-04,2025-12-09,3,Thursday,10:00,12:00,26166.0,26150,26000,0.634,-0.144,0.441,0.589,10.06,73.6,166.4,240.0,66.25,166.7,232.95,7.05,529.0,329.0,13989.0,21989.0,21649.0
2025-12-04,2025-12-09,3,Thursday,10:00,13:00,26166.0,26150,26000,0.634,-0.144,0.441,0.589,10.06,73.6,166.4,240.0,57.0,181.0,238.0,2.0,150.0,-50.0,-2128.0,5872.0,5532.0
2025-12-04,2025-12-09,3,Thursday,10:00,15:25,26166.0,26150,26000,0.634,-0.144,0.441,0.589,10.06,73.6,166.4,240.0,67.95,144.85,212.8,27.2,2040.0,1840.0,78298.0,86298.0,85957.0
2025-12-04,2025-12-09,3,Thursday,10:30,11:00,26220.0,26200,26000,0.839,-0.144,0.441,0.589,10.06,71.25,162.05,233.3,71.45,160.6,232.05,1.25,94.0,-106.0,-4521.0,3479.0,3138.0
2025-12-04,2025-12-09,3,Thursday,10:30,12:00,26220.0,26200,26000,0.839,-0.144,0.441,0.589,10.06,71.25,162.05,233.3,50.4,200.5,250.9,-17.6,-1320.0,-1520.0,-64681.0,-56681.0,-57021.0
2025-12-04,2025-12-09,3,Thursday,10:30,13:00,26220.0,26200,26000,0.839,-0.144,0.441,0.589,10.06,71.25,162.05,233.3,43.1,216.9,260.0,-26.7,-2002.0,-2202.0,-93723.0,-85723.0,-86064.0
2025-12-04,2025-12-09,3,Thursday,10:30,15:25,26220.0,26200,26000,0.839,-0.144,0.441,0.589,10.06,71.25,162.05,233.3,50.45,177.35,227.8,5.5,412.0,212.0,9043.0,17043.0,16702.0
2025-12-11,2025-12-16,3,Thursday,09:30,11:00,25900.0,25900,26000,0.386,0.205,0.077,0.559,10.89,85.55,162.75,248.3,84.9,148.3,233.2,15.1,1132.0,932.0,39681.0,47681.0,47340.0
2025-12-11,2025-12-16,3,Thursday,09:30,12:00,25900.0,25900,26000,0.386,0.205,0.077,0.559,10.89,85.55,162.75,248.3,100.7,121.4,222.1,26.2,1965.0,1765.0,75106.0,83106.0,82766.0
2025-12-11,2025-12-16,3,Thursday,09:30,13:00,25900.0,25900,26000,0.386,0.205,0.077,0.559,10.89,85.55,162.75,248.3,118.1,103.3,221.4,26.9,2018.0,1818.0,77340.0,85340.0,85000.0
2025-12-11,2025-12-16,3,Thursday,09:30,15:25,25900.0,25900,26000,0.386,0.205,0.077,0.559,10.89,85.55,162.75,248.3,116.7,85.6,202.3,46.0,3450.0,3250.0,138298.0,146298.0,145957.0
2025-12-11,2025-12-16,3,Thursday,10:00,11:00,25844.9,25850,26000,0.6,0.205,0.077,0.559,10.89,84.0,170.9,254.9,107.0,120.4,227.4,27.5,2062.0,1862.0,79255.0,87255.0,86915.0
2025-12-11,2025-12-16,3,Thursday,10:00,12:00,25844.9,25850,26000,0.6,0.205,0.077,0.559,10.89,84.0,170.9,254.9,126.75,97.15,223.9,31.0,2325.0,2125.0,90426.0,98426.0,98085.0
2025-12-11,2025-12-16,3,Thursday,10:00,13:00,25844.9,25850,26000,0.6,0.205,0.077,0.559,10.89,84.0,170.9,254.9,147.0,81.65,228.65,26.25,1969.0,1769.0,75266.0,83266.0,82926.0
2025-12-11,2025-12-16,3,Thursday,10:00,15:25,25844.9,25850,26000,0.6,0.205,0.077,0.559,10.89,84.0,170.9,254.9,147.0,65.95,212.95,41.95,3146.0,2946.0,125372.0,133372.0,133032.0
2025-12-11,2025-12-16,3,Thursday,10:30,11:00,25937.6,25950,26000,0.241,0.205,0.077,0.559,10.89,77.7,166.2,243.9,65.7,179.55,245.25,-1.35,-101.0,-301.0,-12819.0,-4819.0,-5160.0
2025-12-11,2025-12-16,3,Thursday,10:30,12:00,25937.6,25950,26000,0.241,0.205,0.077,0.559,10.89,77.7,166.2,243.9,78.45,149.25,227.7,16.2,1215.0,1015.0,43191.0,51191.0,50851.0
2025-12-11,2025-12-16,3,Thursday,10:30,13:00,25937.6,25950,26000,0.241,0.205,0.077,0.559,10.89,77.7,166.2,243.9,93.35,127.3,220.65,23.25,1744.0,1544.0,65691.0,73691.0,73351.0
2025-12-11,2025-12-16,3,Thursday,10:30,15:25,25937.6,25950,26000,0.241,0.205,0.077,0.559,10.89,77.7,166.2,243.9,90.25,109.2,199.45,44.45,3334.0,3134.0,133351.0,141351.0,141011.0
2025-12-18,2025-12-23,3,Thursday,09:30,11:00,25860.0,25850,25800,0.232,-0.135,0.144,0.479,10.29,95.0,121.25,216.25,127.55,90.45,218.0,-1.75,-131.0,-331.0,-14096.0,-6096.0,-6436.0
2025-12-18,2025-12-23,3,Thursday,09:30,12:00,25860.0,25850,25800,0.232,-0.135,0.144,0.479,10.29,95.0,121.25,216.25,135.0,77.85,212.85,3.4,255.0,55.0,2340.0,10340.0,10000.0
2025-12-18,2025-12-23,3,Thursday,09:30,13:00,25860.0,25850,25800,0.232,-0.135,0.144,0.479,10.29,95.0,121.25,216.25,134.3,74.4,208.7,7.55,566.0,366.0,15585.0,23585.0,23245.0
2025-12-18,2025-12-23,3,Thursday,09:30,15:25,25860.0,25850,25800,0.232,-0.135,0.144,0.479,10.29,95.0,121.25,216.25,94.0,106.05,200.05,16.2,1215.0,1015.0,43191.0,51191.0,50851.0
2025-12-18,2025-12-23,3,Thursday,10:00,11:00,25815.0,25800,25800,0.058,-0.135,0.144,0.479,10.29,94.8,122.3,217.1,157.85,70.45,228.3,-11.2,-840.0,-1040.0,-44255.0,-36255.0,-36596.0
2025-12-18,2025-12-23,3,Thursday,10:00,12:00,25815.0,25800,25800,0.058,-0.135,0.144,0.479,10.29,94.8,122.3,217.1,167.05,60.2,227.25,-10.15,-761.0,-961.0,-40904.0,-32904.0,-33245.0
2025-12-18,2025-12-23,3,Thursday,10:00,13:00,25815.0,25800,25800,0.058,-0.135,0.144,0.479,10.29,94.8,122.3,217.1,166.35,56.85,223.2,-6.1,-457.0,-657.0,-27979.0,-19979.0,-20319.0
2025-12-18,2025-12-23,3,Thursday,10:00,15:25,25815.0,25800,25800,0.058,-0.135,0.144,0.479,10.29,94.8,122.3,217.1,120.0,82.5,202.5,14.6,1095.0,895.0,38085.0,46085.0,45745.0
2025-12-18,2025-12-23,3,Thursday,10:30,11:00,25910.0,25900,25800,0.425,-0.135,0.144,0.479,10.29,91.2,127.75,218.95,101.0,114.0,215.0,3.95,296.0,96.0,4096.0,12096.0,11755.0
2025-12-18,2025-12-23,3,Thursday,10:30,12:00,25910.0,25900,25800,0.425,-0.135,0.144,0.479,10.29,91.2,127.75,218.95,106.7,100.35,207.05,11.9,892.0,692.0,29468.0,37468.0,37128.0
2025-12-18,2025-12-23,3,Thursday,10:30,13:00,25910.0,25900,25800,0.425,-0.135,0.144,0.479,10.29,91.2,127.75,218.95,106.15,96.0,202.15,16.8,1260.0,1060.0,45106.0,53106.0,52766.0
2025-12-18,2025-12-23,3,Thursday,10:30,15:25,25910.0,25900,25800,0.425,-0.135,0.144,0.479,10.29,91.2,127.75,218.95,72.6,134.3,206.9,12.05,904.0,704.0,29947.0,37947.0,37606.0
2026-01-01,2026-01-06,3,Thursday,09:30,11:00,26319.7,26300,26000,1.215,0.103,0.125,0.298,9.14,44.55,144.7,189.25,38.4,144.2,182.6,6.65,499.0,299.0,12713.0,20713.0,20372.0
2026-01-01,2026-01-06,3,Thursday,09:30,12:00,26319.7,26300,26000,1.215,0.103,0.125,0.298,9.14,44.55,144.7,189.25,32.15,157.2,189.35,-0.1,-7.0,-207.0,-8830.0,-830.0,-1170.0
2026-01-01,2026-01-06,3,Thursday,09:30,13:00,26319.7,26300,26000,1.215,0.103,0.125,0.298,9.14,44.55,144.7,189.25,30.0,157.55,187.55,1.7,127.0,-73.0,-3085.0,4915.0,4574.0
2026-01-01,2026-01-06,3,Thursday,09:30,15:25,26319.7,26300,26000,1.215,0.103,0.125,0.298,9.14,44.55,144.7,189.25,27.1,157.5,184.6,4.65,349.0,149.0,6330.0,14330.0,13989.0
2026-01-01,2026-01-06,3,Thursday,10:00,11:00,26300.0,26300,26000,1.141,0.103,0.125,0.298,9.14,37.45,158.85,196.3,38.4,144.2,182.6,13.7,1028.0,828.0,35213.0,43213.0,42872.0
2026-01-01,2026-01-06,3,Thursday,10:00,12:00,26300.0,26300,26000,1.141,0.103,0.125,0.298,9.14,37.45,158.85,196.3,32.15,157.2,189.35,6.95,521.0,321.0,13670.0,21670.0,21330.0
2026-01-01,2026-01-06,3,Thursday,10:00,13:00,26300.0,26300,26000,1.141,0.103,0.125,0.298,9.14,37.45,158.85,196.3,30.0,157.55,187.55,8.75,656.0,456.0,19415.0,27415.0,27074.0
2026-01-01,2026-01-06,3,Thursday,10:00,15:25,26300.0,26300,26000,1.141,0.103,0.125,0.298,9.14,37.45,158.85,196.3,27.1,157.5,184.6,11.7,878.0,678.0,28830.0,36830.0,36489.0
2026-01-01,2026-01-06,3,Thursday,10:30,11:00,26295.0,26300,26000,1.122,0.103,0.125,0.298,9.14,33.8,162.7,196.5,38.4,144.2,182.6,13.9,1043.0,843.0,35851.0,43851.0,43511.0
2026-01-01,2026-01-06,3,Thursday,10:30,12:00,26295.0,26300,26000,1.122,0.103,0.125,0.298,9.14,33.8,162.7,196.5,32.15,157.2,189.35,7.15,536.0,336.0,14309.0,22309.0,21968.0
2026-01-01,2026-01-06,3,Thursday,10:30,13:00,26295.0,26300,26000,1.122,0.103,0.125,0.298,9.14,33.8,162.7,196.5,30.0,157.55,187.55,8.95,671.0,471.0,20053.0,28053.0,27713.0
2026-01-01,2026-01-06,3,Thursday,10:30,15:25,26295.0,26300,26000,1.122,0.103,0.125,0.298,9.14,33.8,162.7,196.5,27.1,157.5,184.6,11.9,893.0,693.0,29468.0,37468.0,37128.0
2026-01-08,2026-01-13,3,Thursday,09:30,11:00,26160.8,26150,26200,0.15,-0.183,0.164,0.302,8.33,61.6,127.2,188.8,50.95,155.45,206.4,-17.6,-1320.0,-1520.0,-64681.0,-56681.0,-57021.0
2026-01-08,2026-01-13,3,Thursday,09:30,12:00,26160.8,26150,26200,0.15,-0.183,0.164,0.302,8.33,61.6,127.2,188.8,38.9,216.65,255.55,-66.75,-5006.0,-5206.0,-221543.0,-213543.0,-213883.0
2026-01-08,2026-01-13,3,Thursday,09:30,13:00,26160.8,26150,26200,0.15,-0.183,0.164,0.302,8.33,61.6,127.2,188.8,37.65,237.9,275.55,-86.75,-6506.0,-6706.0,-285372.0,-277372.0,-277713.0
2026-01-08,2026-01-13,3,Thursday,09:30,15:25,26160.8,26150,26200,0.15,-0.183,0.164,0.302,8.33,61.6,127.2,188.8,21.7,261.3,283.0,-94.2,-7065.0,-7265.0,-309149.0,-301149.0,-301489.0
2026-01-08,2026-01-13,3,Thursday,10:00,11:00,26176.2,26200,26200,0.091,-0.183,0.164,0.302,8.33,47.25,150.3,197.55,37.0,191.25,228.25,-30.7,-2302.0,-2502.0,-106489.0,-98489.0,-98830.0
2026-01-08,2026-01-13,3,Thursday,10:00,12:00,26176.2,26200,26200,0.091,-0.183,0.164,0.302,8.33,47.25,150.3,197.55,29.0,256.4,285.4,-87.85,-6589.0,-6789.0,-288883.0,-280883.0,-281223.0
2026-01-08,2026-01-13,3,Thursday,10:00,13:00,26176.2,26200,26200,0.091,-0.183,0.164,0.302,8.33,47.25,150.3,197.55,28.2,278.45,306.65,-109.1,-8182.0,-8382.0,-356702.0,-348702.0,-349043.0
2026-01-08,2026-01-13,3,Thursday,10:00,15:25,26176.2,26200,26200,0.091,-0.183,0.164,0.302,8.33,47.25,150.3,197.55,15.45,305.6,321.05,-123.5,-9262.0,-9462.0,-402660.0,-394660.0,-395000.0
2026-01-08,2026-01-13,3,Thursday,10:30,11:00,26140.1,26150,26200,0.229,-0.183,0.164,0.302,8.33,53.9,141.5,195.4,50.95,155.45,206.4,-11.0,-825.0,-1025.0,-43617.0,-35617.0,-35957.0
2026-01-08,2026-01-13,3,Thursday,10:30,12:00,26140.1,26150,26200,0.229,-0.183,0.164,0.302,8.33,53.9,141.5,195.4,38.9,216.65,255.55,-60.15,-4511.0,-4711.0,-200479.0,-192479.0,-192819.0
2026-01-08,2026-01-13,3,Thursday,10:30,13:00,26140.1,26150,26200,0.229,-0.183,0.164,0.302,8.33,53.9,141.5,195.4,37.65,237.9,275.55,-80.15,-6011.0,-6211.0,-264309.0,-256309.0,-256649.0
2026-01-08,2026-01-13,3,Thursday,10:30,15:25,26140.1,26150,26200,0.229,-0.183,0.164,0.302,8.33,53.9,141.5,195.4,21.7,261.3,283.0,-87.6,-6570.0,-6770.0,-288085.0,-280085.0,-280426.0
2026-01-22,2026-01-27,3,Thursday,09:30,11:00,25412.7,25400,26000,2.311,0.556,0.029,0.644,9.51,144.85,124.7,269.55,74.1,232.55,306.65,-37.1,-2782.0,-2982.0,-126915.0,-118915.0,-119255.0
2026-01-22,2026-01-27,3,Thursday,09:30,12:00,25412.7,25400,26000,2.311,0.556,0.029,0.644,9.51,144.85,124.7,269.55,72.05,256.25,328.3,-58.75,-4406.0,-4606.0,-196011.0,-188011.0,-188351.0
2026-01-22,2026-01-27,3,Thursday,09:30,13:00,25412.7,25400,26000,2.311,0.556,0.029,0.644,9.51,144.85,124.7,269.55,71.4,236.6,308.0,-38.45,-2884.0,-3084.0,-131223.0,-123223.0,-123564.0
2026-01-22,2026-01-27,3,Thursday,09:30,15:25,25412.7,25400,26000,2.311,0.556,0.029,0.644,9.51,144.85,124.7,269.55,107.65,123.2,230.85,38.7,2902.0,2702.0,115000.0,123000.0,122660.0
2026-01-22,2026-01-27,3,Thursday,10:00,11:00,25437.2,25450,26000,2.213,0.556,0.029,0.644,9.51,132.4,140.0,272.4,59.65,267.65,327.3,-54.9,-4117.0,-4317.0,-183723.0,-175723.0,-176064.0
2026-01-22,2026-01-27,3,Thursday,10:00,12:00,25437.2,25450,26000,2.213,0.556,0.029,0.644,9.51,132.4,140.0,272.4,58.85,292.8,351.65,-79.25,-5944.0,-6144.0,-261436.0,-253436.0,-253777.0
2026-01-22,2026-01-27,3,Thursday,10:00,13:00,25437.2,25450,26000,2.213,0.556,0.029,0.644,9.51,132.4,140.0,272.4,57.6,271.55,329.15,-56.75,-4256.0,-4456.0,-189628.0,-181628.0,-181968.0
2026-01-22,2026-01-27,3,Thursday,10:00,15:25,25437.2,25450,26000,2.213,0.556,0.029,0.644,9.51,132.4,140.0,272.4,84.75,150.3,235.05,37.35,2801.0,2601.0,110691.0,118691.0,118351.0
2026-01-22,2026-01-27,3,Thursday,10:30,11:00,25303.0,25300,26000,2.755,0.556,0.029,0.644,9.51,138.95,134.7,273.65,112.45,170.5,282.95,-9.3,-698.0,-898.0,-38191.0,-30191.0,-30532.0
2026-01-22,2026-01-27,3,Thursday,10:30,12:00,25303.0,25300,26000,2.755,0.556,0.029,0.644,9.51,138.95,134.7,273.65,107.5,192.1,299.6,-25.95,-1946.0,-2146.0,-91330.0,-83330.0,-83670.0
2026-01-22,2026-01-27,3,Thursday,10:30,13:00,25303.0,25300,26000,2.755,0.556,0.029,0.644,9.51,138.95,134.7,273.65,108.25,173.2,281.45,-7.8,-585.0,-785.0,-33404.0,-25404.0,-25745.0
2026-01-22,2026-01-27,3,Thursday,10:30,15:25,25303.0,25300,26000,2.755,0.556,0.029,0.644,9.51,138.95,134.7,273.65,164.5,80.55,245.05,28.6,2145.0,1945.0,82766.0,90766.0,90426.0
2026-01-29,2026-02-03,3,Thursday,09:30,11:00,25371.5,25350,25300,0.282,-0.22,0.423,0.603,12.15,167.85,233.2,401.05,157.7,256.95,414.65,-13.6,-1020.0,-1220.0,-51915.0,-43915.0,-44255.0
2026-01-29,2026-02-03,3,Thursday,09:30,12:00,25371.5,25350,25300,0.282,-0.22,0.423,0.603,12.15,167.85,233.2,401.05,158.5,225.75,384.25,16.8,1260.0,1060.0,45106.0,53106.0,52766.0
2026-01-29,2026-02-03,3,Thursday,09:30,13:00,25371.5,25350,25300,0.282,-0.22,0.423,0.603,12.15,167.85,233.2,401.05,183.75,186.55,370.3,30.75,2306.0,2106.0,89628.0,97628.0,97287.0
2026-01-29,2026-02-03,3,Thursday,09:30,15:25,25371.5,25350,25300,0.282,-0.22,0.423,0.603,12.15,167.85,233.2,401.05,242.75,144.2,386.95,14.1,1057.0,857.0,36489.0,44489.0,44149.0
2026-01-29,2026-02-03,3,Thursday,10:00,11:00,25282.4,25300,25300,0.07,-0.22,0.423,0.603,12.15,159.8,261.15,420.95,179.8,229.3,409.1,11.85,889.0,689.0,29309.0,37309.0,36968.0
2026-01-29,2026-02-03,3,Thursday,10:00,12:00,25282.4,25300,25300,0.07,-0.22,0.423,0.603,12.15,159.8,261.15,420.95,181.9,200.6,382.5,38.45,2884.0,2684.0,114202.0,122202.0,121862.0
2026-01-29,2026-02-03,3,Thursday,10:00,13:00,25282.4,25300,25300,0.07,-0.22,0.423,0.603,12.15,159.8,261.15,420.95,210.85,163.6,374.45,46.5,3488.0,3288.0,139894.0,147894.0,147553.0
2026-01-29,2026-02-03,3,Thursday,10:00,15:25,25282.4,25300,25300,0.07,-0.22,0.423,0.603,12.15,159.8,261.15,420.95,274.65,125.7,400.35,20.6,1545.0,1345.0,57234.0,65234.0,64894.0
2026-01-29,2026-02-03,3,Thursday,10:30,11:00,25279.0,25300,25300,0.083,-0.22,0.423,0.603,12.15,162.4,258.55,420.95,179.8,229.3,409.1,11.85,889.0,689.0,29309.0,37309.0,36968.0
2026-01-29,2026-02-03,3,Thursday,10:30,12:00,25279.0,25300,25300,0.083,-0.22,0.423,0.603,12.15,162.4,258.55,420.95,181.9,200.6,382.5,38.45,2884.0,2684.0,114202.0,122202.0,121862.0
2026-01-29,2026-02-03,3,Thursday,10:30,13:00,25279.0,25300,25300,0.083,-0.22,0.423,0.603,12.15,162.4,258.55,420.95,210.85,163.6,374.45,46.5,3488.0,3288.0,139894.0,147894.0,147553.0
2026-01-29,2026-02-03,3,Thursday,10:30,15:25,25279.0,25300,25300,0.083,-0.22,0.423,0.603,12.15,162.4,258.55,420.95,274.65,125.7,400.35,20.6,1545.0,1345.0,57234.0,65234.0,64894.0
2026-02-05,2026-02-10,3,Thursday,09:30,11:00,25774.0,25750,25800,0.101,-0.12,0.178,0.476,15.07,127.75,165.55,293.3,97.25,200.9,298.15,-4.85,-364.0,-564.0,-23989.0,-15989.0,-16330.0
2026-02-05,2026-02-10,3,Thursday,09:30,12:00,25774.0,25750,25800,0.101,-0.12,0.178,0.476,15.07,127.75,165.55,293.3,101.45,179.2,280.65,12.65,949.0,749.0,31862.0,39862.0,39521.0
2026-02-05,2026-02-10,3,Thursday,09:30,13:00,25774.0,25750,25800,0.101,-0.12,0.178,0.476,15.07,127.75,165.55,293.3,98.1,185.25,283.35,9.95,746.0,546.0,23245.0,31245.0,30904.0
2026-02-05,2026-02-10,3,Thursday,09:30,15:25,25774.0,25750,25800,0.101,-0.12,0.178,0.476,15.07,127.75,165.55,293.3,94.0,185.6,279.6,13.7,1027.0,827.0,35213.0,43213.0,42872.0
2026-02-05,2026-02-10,3,Thursday,10:00,11:00,25718.2,25700,25800,0.318,-0.12,0.178,0.476,15.07,128.25,172.0,300.25,117.7,170.8,288.5,11.75,881.0,681.0,28989.0,36989.0,36649.0
2026-02-05,2026-02-10,3,Thursday,10:00,12:00,25718.2,25700,25800,0.318,-0.12,0.178,0.476,15.07,128.25,172.0,300.25,123.85,151.2,275.05,25.2,1890.0,1690.0,71915.0,79915.0,79574.0
2026-02-05,2026-02-10,3,Thursday,10:00,13:00,25718.2,25700,25800,0.318,-0.12,0.178,0.476,15.07,128.25,172.0,300.25,119.35,157.3,276.65,23.6,1770.0,1570.0,66809.0,74809.0,74468.0
2026-02-05,2026-02-10,3,Thursday,10:00,15:25,25718.2,25700,25800,0.318,-0.12,0.178,0.476,15.07,128.25,172.0,300.25,114.1,155.55,269.65,30.6,2295.0,2095.0,89149.0,97149.0,96809.0
2026-02-05,2026-02-10,3,Thursday,10:30,11:00,25753.0,25750,25800,0.183,-0.12,0.178,0.476,15.07,113.55,173.35,286.9,97.25,200.9,298.15,-11.25,-844.0,-1044.0,-44415.0,-36415.0,-36755.0
2026-02-05,2026-02-10,3,Thursday,10:30,12:00,25753.0,25750,25800,0.183,-0.12,0.178,0.476,15.07,113.55,173.35,286.9,101.45,179.2,280.65,6.25,469.0,269.0,11436.0,19436.0,19096.0
2026-02-05,2026-02-10,3,Thursday,10:30,13:00,25753.0,25750,25800,0.183,-0.12,0.178,0.476,15.07,113.55,173.35,286.9,98.1,185.25,283.35,3.55,266.0,66.0,2819.0,10819.0,10479.0
2026-02-05,2026-02-10,3,Thursday,10:30,15:25,25753.0,25750,25800,0.183,-0.12,0.178,0.476,15.07,113.55,173.35,286.9,94.0,185.6,279.6,7.3,547.0,347.0,14787.0,22787.0,22447.0
2026-02-12,2026-02-17,3,Thursday,09:30,11:00,25895.0,25900,26000,0.405,-0.153,0.106,0.323,14.48,100.35,135.9,236.25,98.2,119.5,217.7,18.55,1391.0,1191.0,50691.0,58691.0,58351.0
2026-02-12,2026-02-17,3,Thursday,09:30,12:00,25895.0,25900,26000,0.405,-0.153,0.106,0.323,14.48,100.35,135.9,236.25,89.45,133.35,222.8,13.45,1009.0,809.0,34415.0,42415.0,42074.0
2026-02-12,2026-02-17,3,Thursday,09:30,13:00,25895.0,25900,26000,0.405,-0.153,0.106,0.323,14.48,100.35,135.9,236.25,96.0,117.4,213.4,22.85,1714.0,1514.0,64415.0,72415.0,72074.0
2026-02-12,2026-02-17,3,Thursday,09:30,15:25,25895.0,25900,26000,0.405,-0.153,0.106,0.323,14.48,100.35,135.9,236.25,77.5,145.2,222.7,13.55,1016.0,816.0,34734.0,42734.0,42394.0
2026-02-12,2026-02-17,3,Thursday,10:00,11:00,25924.9,25900,26000,0.29,-0.153,0.106,0.323,14.48,107.3,115.3,222.6,98.2,119.5,217.7,4.9,368.0,168.0,7128.0,15128.0,14787.0
2026-02-12,2026-02-17,3,Thursday,10:00,12:00,25924.9,25900,26000,0.29,-0.153,0.106,0.323,14.48,107.3,115.3,222.6,89.45,133.35,222.8,-0.2,-15.0,-215.0,-9149.0,-1149.0,-1489.0
2026-02-12,2026-02-17,3,Thursday,10:00,13:00,25924.9,25900,26000,0.29,-0.153,0.106,0.323,14.48,107.3,115.3,222.6,96.0,117.4,213.4,9.2,690.0,490.0,20851.0,28851.0,28511.0
2026-02-12,2026-02-17,3,Thursday,10:00,15:25,25924.9,25900,26000,0.29,-0.153,0.106,0.323,14.48,107.3,115.3,222.6,77.5,145.2,222.7,-0.1,-7.0,-207.0,-8830.0,-830.0,-1170.0
2026-02-12,2026-02-17,3,Thursday,10:30,11:00,25920.8,25900,26000,0.306,-0.153,0.106,0.323,14.48,107.25,109.85,217.1,98.2,119.5,217.7,-0.6,-45.0,-245.0,-10426.0,-2426.0,-2766.0
2026-02-12,2026-02-17,3,Thursday,10:30,12:00,25920.8,25900,26000,0.306,-0.153,0.106,0.323,14.48,107.25,109.85,217.1,89.45,133.35,222.8,-5.7,-428.0,-628.0,-26702.0,-18702.0,-19043.0
2026-02-12,2026-02-17,3,Thursday,10:30,13:00,25920.8,25900,26000,0.306,-0.153,0.106,0.323,14.48,107.25,109.85,217.1,96.0,117.4,213.4,3.7,277.0,77.0,3298.0,11298.0,10957.0
2026-02-12,2026-02-17,3,Thursday,10:30,15:25,25920.8,25900,26000,0.306,-0.153,0.106,0.323,14.48,107.25,109.85,217.1,77.5,145.2,222.7,-5.6,-420.0,-620.0,-26383.0,-18383.0,-18723.0
2026-02-19,2026-02-24,3,Thursday,09:30,11:00,25815.0,25800,25800,0.058,0.084,0.363,0.533,14.98,127.2,107.6,234.8,101.75,155.75,257.5,-22.7,-1702.0,-1902.0,-80957.0,-72957.0,-73298.0
2026-02-19,2026-02-24,3,Thursday,09:30,12:00,25815.0,25800,25800,0.058,0.084,0.363,0.533,14.98,127.2,107.6,234.8,82.95,209.2,292.15,-57.35,-4301.0,-4501.0,-191543.0,-183543.0,-183883.0
2026-02-19,2026-02-24,3,Thursday,09:30,13:00,25815.0,25800,25800,0.058,0.084,0.363,0.533,14.98,127.2,107.6,234.8,68.7,257.15,325.85,-91.05,-6829.0,-7029.0,-299096.0,-291096.0,-291436.0
2026-02-19,2026-02-24,3,Thursday,09:30,15:25,25815.0,25800,25800,0.058,0.084,0.363,0.533,14.98,127.2,107.6,234.8,35.0,417.3,452.3,-217.5,-16312.0,-16512.0,-702660.0,-694660.0,-695000.0
2026-02-19,2026-02-24,3,Thursday,10:00,11:00,25781.1,25800,25800,0.073,0.084,0.363,0.533,14.98,112.35,126.6,238.95,101.75,155.75,257.5,-18.55,-1391.0,-1591.0,-67713.0,-59713.0,-60053.0
2026-02-19,2026-02-24,3,Thursday,10:00,12:00,25781.1,25800,25800,0.073,0.084,0.363,0.533,14.98,112.35,126.6,238.95,82.95,209.2,292.15,-53.2,-3990.0,-4190.0,-178298.0,-170298.0,-170638.0
2026-02-19,2026-02-24,3,Thursday,10:00,13:00,25781.1,25800,25800,0.073,0.084,0.363,0.533,14.98,112.35,126.6,238.95,68.7,257.15,325.85,-86.9,-6517.0,-6717.0,-285851.0,-277851.0,-278191.0
2026-02-19,2026-02-24,3,Thursday,10:00,15:25,25781.1,25800,25800,0.073,0.084,0.363,0.533,14.98,112.35,126.6,238.95,35.0,417.3,452.3,-213.35,-16001.0,-16201.0,-689415.0,-681415.0,-681755.0
2026-02-19,2026-02-24,3,Thursday,10:30,11:00,25752.3,25750,25800,0.185,0.084,0.363,0.533,14.98,125.75,125.85,251.6,126.0,129.8,255.8,-4.2,-315.0,-515.0,-21915.0,-13915.0,-14255.0
2026-02-19,2026-02-24,3,Thursday,10:30,12:00,25752.3,25750,25800,0.185,0.084,0.363,0.533,14.98,125.75,125.85,251.6,102.0,178.85,280.85,-29.25,-2194.0,-2394.0,-101862.0,-93862.0,-94202.0
2026-02-19,2026-02-24,3,Thursday,10:30,13:00,25752.3,25750,25800,0.185,0.084,0.363,0.533,14.98,125.75,125.85,251.6,84.6,222.4,307.0,-55.4,-4155.0,-4355.0,-185319.0,-177319.0,-177660.0
2026-02-19,2026-02-24,3,Thursday,10:30,15:25,25752.3,25750,25800,0.185,0.084,0.363,0.533,14.98,125.75,125.85,251.6,41.65,374.65,416.3,-164.7,-12352.0,-12552.0,-534149.0,-526149.0,-526489.0
2026-02-25,2026-03-02,3,Wednesday,09:30,11:00,25746.4,25750,25500,0.957,0.911,0.564,0.635,15.45,87.8,207.75,295.55,90.15,188.45,278.6,16.95,1271.0,1071.0,45585.0,53585.0,53245.0
2026-02-25,2026-03-02,3,Wednesday,09:30,12:00,25746.4,25750,25500,0.957,0.911,0.564,0.635,15.45,87.8,207.75,295.55,81.45,201.55,283.0,12.55,941.0,741.0,31543.0,39543.0,39202.0
2026-02-25,2026-03-02,3,Wednesday,09:30,13:00,25746.4,25750,25500,0.957,0.911,0.564,0.635,15.45,87.8,207.75,295.55,51.3,310.8,362.1,-66.55,-4991.0,-5191.0,-220904.0,-212904.0,-213245.0
2026-02-25,2026-03-02,3,Wednesday,09:30,15:25,25746.4,25750,25500,0.957,0.911,0.564,0.635,15.45,87.8,207.75,295.55,55.4,298.65,354.05,-58.5,-4387.0,-4587.0,-195213.0,-187213.0,-187553.0
2026-02-25,2026-03-02,3,Wednesday,10:00,11:00,25770.0,25750,25500,1.048,0.911,0.564,0.635,15.45,90.9,192.7,283.6,90.15,188.45,278.6,5.0,375.0,175.0,7447.0,15447.0,15106.0
2026-02-25,2026-03-02,3,Wednesday,10:00,12:00,25770.0,25750,25500,1.048,0.911,0.564,0.635,15.45,90.9,192.7,283.6,81.45,201.55,283.0,0.6,45.0,-155.0,-6596.0,1404.0,1064.0
2026-02-25,2026-03-02,3,Wednesday,10:00,13:00,25770.0,25750,25500,1.048,0.911,0.564,0.635,15.45,90.9,192.7,283.6,51.3,310.8,362.1,-78.5,-5888.0,-6088.0,-259043.0,-251043.0,-251383.0
2026-02-25,2026-03-02,3,Wednesday,10:00,15:25,25770.0,25750,25500,1.048,0.911,0.564,0.635,15.45,90.9,192.7,283.6,55.4,298.65,354.05,-70.45,-5284.0,-5484.0,-233351.0,-225351.0,-225691.0
2026-02-25,2026-03-02,3,Wednesday,10:30,11:00,25802.3,25800,25500,1.172,0.911,0.564,0.635,15.45,84.15,205.45,289.6,71.55,219.95,291.5,-1.9,-142.0,-342.0,-14574.0,-6574.0,-6915.0
2026-02-25,2026-03-02,3,Wednesday,10:30,12:00,25802.3,25800,25500,1.172,0.911,0.564,0.635,15.45,84.15,205.45,289.6,64.55,234.5,299.05,-9.45,-709.0,-909.0,-38670.0,-30670.0,-31011.0
2026-02-25,2026-03-02,3,Wednesday,10:30,13:00,25802.3,25800,25500,1.172,0.911,0.564,0.635,15.45,84.15,205.45,289.6,40.75,350.95,391.7,-102.1,-7657.0,-7857.0,-334362.0,-326362.0,-326702.0
2026-02-25,2026-03-02,3,Wednesday,10:30,15:25,25802.3,25800,25500,1.172,0.911,0.564,0.635,15.45,84.15,205.45,289.6,44.3,337.8,382.1,-92.5,-6938.0,-7138.0,-303723.0,-295723.0,-296064.0
2026-03-05,2026-03-10,3,Thursday,09:30,11:00,24657.0,24650,24600,0.231,0.33,0.017,0.499,13.97,195.4,275.9,471.3,242.0,224.3,466.3,5.0,375.0,175.0,7447.0,15447.0,15106.0
2026-03-05,2026-03-10,3,Thursday,09:30,12:00,24657.0,24650,24600,0.231,0.33,0.017,0.499,13.97,195.4,275.9,471.3,190.65,257.25,447.9,23.4,1755.0,1555.0,66170.0,74170.0,73830.0
2026-03-05,2026-03-10,3,Thursday,09:30,13:00,24657.0,24650,24600,0.231,0.33,0.017,0.499,13.97,195.4,275.9,471.3,227.05,217.2,444.25,27.05,2029.0,1829.0,77819.0,85819.0,85479.0
2026-03-05,2026-03-10,3,Thursday,09:30,15:25,24657.0,24650,24600,0.231,0.33,0.017,0.499,13.97,195.4,275.9,471.3,260.7,185.5,446.2,25.1,1882.0,1682.0,71596.0,79596.0,79255.0
2026-03-05,2026-03-10,3,Thursday,10:00,11:00,24725.0,24700,24600,0.506,0.33,0.017,0.499,13.97,202.35,259.15,461.5,213.25,245.9,459.15,2.35,176.0,-24.0,-1011.0,6989.0,6649.0
2026-03-05,2026-03-10,3,Thursday,10:00,12:00,24725.0,24700,24600,0.506,0.33,0.017,0.499,13.97,202.35,259.15,461.5,166.0,283.4,449.4,12.1,908.0,708.0,30106.0,38106.0,37766.0
2026-03-05,2026-03-10,3,Thursday,10:00,13:00,24725.0,24700,24600,0.506,0.33,0.017,0.499,13.97,202.35,259.15,461.5,198.4,239.85,438.25,23.25,1744.0,1544.0,65691.0,73691.0,73351.0
2026-03-05,2026-03-10,3,Thursday,10:00,15:25,24725.0,24700,24600,0.506,0.33,0.017,0.499,13.97,202.35,259.15,461.5,230.35,205.95,436.3,25.2,1890.0,1690.0,71915.0,79915.0,79574.0
2026-03-05,2026-03-10,3,Thursday,10:30,11:00,24657.3,24650,24600,0.232,0.33,0.017,0.499,13.97,189.0,274.65,463.65,242.0,224.3,466.3,-2.65,-199.0,-399.0,-16968.0,-8968.0,-9309.0
2026-03-05,2026-03-10,3,Thursday,10:30,12:00,24657.3,24650,24600,0.232,0.33,0.017,0.499,13.97,189.0,274.65,463.65,190.65,257.25,447.9,15.75,1181.0,981.0,41755.0,49755.0,49415.0
2026-03-05,2026-03-10,3,Thursday,10:30,13:00,24657.3,24650,24600,0.232,0.33,0.017,0.499,13.97,189.0,274.65,463.65,227.05,217.2,444.25,19.4,1455.0,1255.0,53404.0,61404.0,61064.0
2026-03-05,2026-03-10,3,Thursday,10:30,15:25,24657.3,24650,24600,0.232,0.33,0.017,0.499,13.97,189.0,274.65,463.65,260.7,185.5,446.2,17.45,1309.0,1109.0,47181.0,55181.0,54840.0
2026-03-12,2026-03-17,3,Thursday,09:30,11:00,23682.4,23700,24000,1.341,-0.828,0.131,0.615,17.85,238.15,312.75,550.9,301.1,236.75,537.85,13.05,979.0,779.0,33138.0,41138.0,40798.0
2026-03-12,2026-03-17,3,Thursday,09:30,12:00,23682.4,23700,24000,1.341,-0.828,0.131,0.615,17.85,238.15,312.75,550.9,294.95,232.35,527.3,23.6,1770.0,1570.0,66809.0,74809.0,74468.0
2026-03-12,2026-03-17,3,Thursday,09:30,13:00,23682.4,23700,24000,1.341,-0.828,0.131,0.615,17.85,238.15,312.75,550.9,267.6,229.55,497.15,53.75,4031.0,3831.0,163032.0,171032.0,170691.0
2026-03-12,2026-03-17,3,Thursday,09:30,15:25,23682.4,23700,24000,1.341,-0.828,0.131,0.615,17.85,238.15,312.75,550.9,231.6,264.45,496.05,54.85,4114.0,3914.0,166543.0,174543.0,174202.0
2026-03-12,2026-03-17,3,Thursday,10:00,11:00,23753.2,23750,24000,1.039,-0.828,0.131,0.615,17.85,257.9,306.0,563.9,273.35,257.95,531.3,32.6,2445.0,2245.0,95532.0,103532.0,103191.0
2026-03-12,2026-03-17,3,Thursday,10:00,12:00,23753.2,23750,24000,1.039,-0.828,0.131,0.615,17.85,257.9,306.0,563.9,266.15,253.9,520.05,43.85,3289.0,3089.0,131436.0,139436.0,139096.0
2026-03-12,2026-03-17,3,Thursday,10:00,13:00,23753.2,23750,24000,1.039,-0.828,0.131,0.615,17.85,257.9,306.0,563.9,239.9,252.4,492.3,71.6,5370.0,5170.0,220000.0,228000.0,227660.0
2026-03-12,2026-03-17,3,Thursday,10:00,15:25,23753.2,23750,24000,1.039,-0.828,0.131,0.615,17.85,257.9,306.0,563.9,207.15,289.3,496.45,67.45,5059.0,4859.0,206755.0,214755.0,214415.0
2026-03-12,2026-03-17,3,Thursday,10:30,11:00,23722.0,23700,24000,1.172,-0.828,0.131,0.615,17.85,259.2,291.5,550.7,301.1,236.75,537.85,12.85,964.0,764.0,32500.0,40500.0,40160.0
2026-03-12,2026-03-17,3,Thursday,10:30,12:00,23722.0,23700,24000,1.172,-0.828,0.131,0.615,17.85,259.2,291.5,550.7,294.95,232.35,527.3,23.4,1755.0,1555.0,66170.0,74170.0,73830.0
2026-03-12,2026-03-17,3,Thursday,10:30,13:00,23722.0,23700,24000,1.172,-0.828,0.131,0.615,17.85,259.2,291.5,550.7,267.6,229.55,497.15,53.55,4016.0,3816.0,162394.0,170394.0,170053.0
2026-03-12,2026-03-17,3,Thursday,10:30,15:25,23722.0,23700,24000,1.172,-0.828,0.131,0.615,17.85,259.2,291.5,550.7,231.6,264.45,496.05,54.65,4099.0,3899.0,165904.0,173904.0,173564.0
2026-03-19,2026-03-24,3,Thursday,09:30,11:00,23319.0,23300,23300,0.081,-2.393,0.294,0.816,19.76,225.9,231.25,457.15,206.85,264.8,471.65,-14.5,-1088.0,-1288.0,-54787.0,-46787.0,-47128.0
2026-03-19,2026-03-24,3,Thursday,09:30,12:00,23319.0,23300,23300,0.081,-2.393,0.294,0.816,19.76,225.9,231.25,457.15,194.55,278.25,472.8,-15.65,-1174.0,-1374.0,-58457.0,-50457.0,-50798.0
2026-03-19,2026-03-24,3,Thursday,09:30,13:00,23319.0,23300,23300,0.081,-2.393,0.294,0.816,19.76,225.9,231.25,457.15,206.85,253.2,460.05,-2.9,-217.0,-417.0,-17766.0,-9766.0,-10106.0
2026-03-19,2026-03-24,3,Thursday,09:30,15:25,23319.0,23300,23300,0.081,-2.393,0.294,0.816,19.76,225.9,231.25,457.15,163.6,369.15,532.75,-75.6,-5670.0,-5870.0,-249787.0,-241787.0,-242128.0
2026-03-19,2026-03-24,3,Thursday,10:00,11:00,23236.4,23250,23300,0.274,-2.393,0.294,0.816,19.76,227.5,265.2,492.7,233.55,241.35,474.9,17.8,1335.0,1135.0,48298.0,56298.0,55957.0
2026-03-19,2026-03-24,3,Thursday,10:00,12:00,23236.4,23250,23300,0.274,-2.393,0.294,0.816,19.76,227.5,265.2,492.7,220.05,254.0,474.05,18.65,1399.0,1199.0,51011.0,59011.0,58670.0
2026-03-19,2026-03-24,3,Thursday,10:00,13:00,23236.4,23250,23300,0.274,-2.393,0.294,0.816,19.76,227.5,265.2,492.7,233.0,230.55,463.55,29.15,2186.0,1986.0,84521.0,92521.0,92181.0
2026-03-19,2026-03-24,3,Thursday,10:00,15:25,23236.4,23250,23300,0.274,-2.393,0.294,0.816,19.76,227.5,265.2,492.7,183.0,342.1,525.1,-32.4,-2430.0,-2630.0,-111915.0,-103915.0,-104255.0
2026-03-19,2026-03-24,3,Thursday,10:30,11:00,23275.0,23300,23300,0.107,-2.393,0.294,0.816,19.76,213.4,258.55,471.95,206.85,264.8,471.65,0.3,23.0,-177.0,-7553.0,447.0,106.0
2026-03-19,2026-03-24,3,Thursday,10:30,12:00,23275.0,23300,23300,0.107,-2.393,0.294,0.816,19.76,213.4,258.55,471.95,194.55,278.25,472.8,-0.85,-64.0,-264.0,-11223.0,-3223.0,-3564.0
2026-03-19,2026-03-24,3,Thursday,10:30,13:00,23275.0,23300,23300,0.107,-2.393,0.294,0.816,19.76,213.4,258.55,471.95,206.85,253.2,460.05,11.9,893.0,693.0,29468.0,37468.0,37128.0
2026-03-19,2026-03-24,3,Thursday,10:30,15:25,23275.0,23300,23300,0.107,-2.393,0.294,0.816,19.76,213.4,258.55,471.95,163.6,369.15,532.75,-60.8,-4560.0,-4760.0,-202553.0,-194553.0,-194894.0
2026-04-02,2026-04-07,3,Thursday,09:30,11:00,22366.3,22350,23000,2.833,-2.217,0.61,0.906,29.36,264.7,338.9,603.6,247.55,345.65,593.2,10.4,780.0,580.0,24681.0,32681.0,32340.0
2026-04-02,2026-04-07,3,Thursday,09:30,12:00,22366.3,22350,23000,2.833,-2.217,0.61,0.906,29.36,264.7,338.9,603.6,259.2,325.35,584.55,19.05,1429.0,1229.0,52287.0,60287.0,59947.0
2026-04-02,2026-04-07,3,Thursday,09:30,13:00,22366.3,22350,23000,2.833,-2.217,0.61,0.906,29.36,264.7,338.9,603.6,306.8,287.25,594.05,9.55,716.0,516.0,21968.0,29968.0,29628.0
2026-04-02,2026-04-07,3,Thursday,09:30,15:25,22366.3,22350,23000,2.833,-2.217,0.61,0.906,29.36,264.7,338.9,603.6,467.4,161.35,628.75,-25.15,-1886.0,-2086.0,-88777.0,-80777.0,-81117.0
2026-04-02,2026-04-07,3,Thursday,10:00,11:00,22307.0,22300,23000,3.107,-2.217,0.61,0.906,29.36,270.5,345.95,616.45,272.75,320.55,593.3,23.15,1736.0,1536.0,65372.0,73372.0,73032.0
2026-04-02,2026-04-07,3,Thursday,10:00,12:00,22307.0,22300,23000,3.107,-2.217,0.61,0.906,29.36,270.5,345.95,616.45,285.75,300.1,585.85,30.6,2295.0,2095.0,89149.0,97149.0,96809.0
2026-04-02,2026-04-07,3,Thursday,10:00,13:00,22307.0,22300,23000,3.107,-2.217,0.61,0.906,29.36,270.5,345.95,616.45,335.7,265.6,601.3,15.15,1136.0,936.0,39840.0,47840.0,47500.0
2026-04-02,2026-04-07,3,Thursday,10:00,15:25,22307.0,22300,23000,3.107,-2.217,0.61,0.906,29.36,270.5,345.95,616.45,502.0,147.5,649.5,-33.05,-2479.0,-2679.0,-113989.0,-105989.0,-106330.0
2026-04-02,2026-04-07,3,Thursday,10:30,11:00,22315.9,22300,23000,3.066,-2.217,0.61,0.906,29.36,268.3,337.3,605.6,272.75,320.55,593.3,12.3,923.0,723.0,30745.0,38745.0,38404.0
2026-04-02,2026-04-07,3,Thursday,10:30,12:00,22315.9,22300,23000,3.066,-2.217,0.61,0.906,29.36,268.3,337.3,605.6,285.75,300.1,585.85,19.75,1481.0,1281.0,54521.0,62521.0,62181.0
2026-04-02,2026-04-07,3,Thursday,10:30,13:00,22315.9,22300,23000,3.066,-2.217,0.61,0.906,29.36,268.3,337.3,605.6,335.7,265.6,601.3,4.3,323.0,123.0,5213.0,13213.0,12872.0
2026-04-02,2026-04-07,3,Thursday,10:30,15:25,22315.9,22300,23000,3.066,-2.217,0.61,0.906,29.36,268.3,337.3,605.6,502.0,147.5,649.5,-43.9,-3292.0,-3492.0,-148617.0,-140617.0,-140957.0
2026-04-08,2026-04-13,3,Wednesday,09:30,11:00,23920.6,23900,24000,0.332,2.957,0.427,0.692,29.54,234.7,240.95,475.65,266.0,176.3,442.3,33.35,2501.0,2301.0,97926.0,105926.0,105585.0
2026-04-08,2026-04-13,3,Wednesday,09:30,12:00,23920.6,23900,24000,0.332,2.957,0.427,0.692,29.54,234.7,240.95,475.65,240.25,193.3,433.55,42.1,3157.0,2957.0,125851.0,133851.0,133511.0
2026-04-08,2026-04-13,3,Wednesday,09:30,13:00,23920.6,23900,24000,0.332,2.957,0.427,0.692,29.54,234.7,240.95,475.65,260.8,171.55,432.35,43.3,3247.0,3047.0,129681.0,137681.0,137340.0
2026-04-08,2026-04-13,3,Wednesday,09:30,15:25,23920.6,23900,24000,0.332,2.957,0.427,0.692,29.54,234.7,240.95,475.65,274.0,164.95,438.95,36.7,2752.0,2552.0,108617.0,116617.0,116277.0
2026-04-08,2026-04-13,3,Wednesday,10:00,11:00,23949.0,23950,24000,0.213,2.957,0.427,0.692,29.54,212.6,250.15,462.75,237.4,197.0,434.4,28.35,2126.0,1926.0,81968.0,89968.0,89628.0
2026-04-08,2026-04-13,3,Wednesday,10:00,12:00,23949.0,23950,24000,0.213,2.957,0.427,0.692,29.54,212.6,250.15,462.75,213.65,216.1,429.75,33.0,2475.0,2275.0,96809.0,104809.0,104468.0
2026-04-08,2026-04-13,3,Wednesday,10:00,13:00,23949.0,23950,24000,0.213,2.957,0.427,0.692,29.54,212.6,250.15,462.75,231.8,192.75,424.55,38.2,2865.0,2665.0,113404.0,121404.0,121064.0
2026-04-08,2026-04-13,3,Wednesday,10:00,15:25,23949.0,23950,24000,0.213,2.957,0.427,0.692,29.54,212.6,250.15,462.75,244.0,185.2,429.2,33.55,2516.0,2316.0,98564.0,106564.0,106223.0
2026-04-08,2026-04-13,3,Wednesday,10:30,11:00,23959.7,23950,24000,0.168,2.957,0.427,0.692,29.54,211.85,238.25,450.1,237.4,197.0,434.4,15.7,1178.0,978.0,41596.0,49596.0,49255.0
2026-04-08,2026-04-13,3,Wednesday,10:30,12:00,23959.7,23950,24000,0.168,2.957,0.427,0.692,29.54,211.85,238.25,450.1,213.65,216.1,429.75,20.35,1526.0,1326.0,56436.0,64436.0,64096.0
2026-04-08,2026-04-13,3,Wednesday,10:30,13:00,23959.7,23950,24000,0.168,2.957,0.427,0.692,29.54,211.85,238.25,450.1,231.8,192.75,424.55,25.55,1916.0,1716.0,73032.0,81032.0,80691.0
2026-04-08,2026-04-13,3,Wednesday,10:30,15:25,23959.7,23950,24000,0.168,2.957,0.427,0.692,29.54,211.85,238.25,450.1,244.0,185.2,429.2,20.9,1568.0,1368.0,58191.0,66191.0,65851.0
2026-04-16,2026-04-21,3,Thursday,09:30,11:00,24377.0,24400,25000,2.556,-0.718,0.186,0.509,32.17,176.25,200.0,376.25,138.75,239.95,378.7,-2.45,-184.0,-384.0,-16330.0,-8330.0,-8670.0
2026-04-16,2026-04-21,3,Thursday,09:30,12:00,24377.0,24400,25000,2.556,-0.718,0.186,0.509,32.17,176.25,200.0,376.25,101.6,316.4,418.0,-41.75,-3131.0,-3331.0,-141755.0,-133755.0,-134096.0
2026-04-16,2026-04-21,3,Thursday,09:30,13:00,24377.0,24400,25000,2.556,-0.718,0.186,0.509,32.17,176.25,200.0,376.25,84.15,353.55,437.7,-61.45,-4609.0,-4809.0,-204628.0,-196628.0,-196968.0
2026-04-16,2026-04-21,3,Thursday,09:30,15:25,24377.0,24400,25000,2.556,-0.718,0.186,0.509,32.17,176.25,200.0,376.25,96.5,310.7,407.2,-30.95,-2321.0,-2521.0,-107287.0,-99287.0,-99628.0
2026-04-16,2026-04-21,3,Thursday,10:00,11:00,24277.7,24300,25000,2.975,-0.718,0.186,0.509,32.17,178.65,216.05,394.7,187.3,189.0,376.3,18.4,1380.0,1180.0,50213.0,58213.0,57872.0
2026-04-16,2026-04-21,3,Thursday,10:00,12:00,24277.7,24300,25000,2.975,-0.718,0.186,0.509,32.17,178.65,216.05,394.7,140.45,255.25,395.7,-1.0,-75.0,-275.0,-11702.0,-3702.0,-4043.0
2026-04-16,2026-04-21,3,Thursday,10:00,13:00,24277.7,24300,25000,2.975,-0.718,0.186,0.509,32.17,178.65,216.05,394.7,117.7,286.15,403.85,-9.15,-686.0,-886.0,-37713.0,-29713.0,-30053.0
2026-04-16,2026-04-21,3,Thursday,10:00,15:25,24277.7,24300,25000,2.975,-0.718,0.186,0.509,32.17,178.65,216.05,394.7,134.0,249.35,383.35,11.35,851.0,651.0,27713.0,35713.0,35372.0
2026-04-16,2026-04-21,3,Thursday,10:30,11:00,24310.0,24300,25000,2.838,-0.718,0.186,0.509,32.17,190.3,192.9,383.2,187.3,189.0,376.3,6.9,518.0,318.0,13511.0,21511.0,21170.0
2026-04-16,2026-04-21,3,Thursday,10:30,12:00,24310.0,24300,25000,2.838,-0.718,0.186,0.509,32.17,190.3,192.9,383.2,140.45,255.25,395.7,-12.5,-937.0,-1137.0,-48404.0,-40404.0,-40745.0
2026-04-16,2026-04-21,3,Thursday,10:30,13:00,24310.0,24300,25000,2.838,-0.718,0.186,0.509,32.17,190.3,192.9,383.2,117.7,286.15,403.85,-20.65,-1549.0,-1749.0,-74415.0,-66415.0,-66755.0
2026-04-16,2026-04-21,3,Thursday,10:30,15:25,24310.0,24300,25000,2.838,-0.718,0.186,0.509,32.17,190.3,192.9,383.2,134.0,249.35,383.35,-0.15,-11.0,-211.0,-8989.0,-989.0,-1330.0
2026-04-30,2026-05-05,3,Thursday,09:30,11:00,23945.3,23950,24000,0.228,-0.689,0.699,0.962,30.22,148.25,223.25,371.5,134.4,269.9,404.3,-32.8,-2460.0,-2660.0,-113191.0,-105191.0,-105532.0
2026-04-30,2026-05-05,3,Thursday,09:30,12:00,23945.3,23950,24000,0.228,-0.689,0.699,0.962,30.22,148.25,223.25,371.5,137.55,253.4,390.95,-19.45,-1459.0,-1659.0,-70585.0,-62585.0,-62926.0
2026-04-30,2026-05-05,3,Thursday,09:30,13:00,23945.3,23950,24000,0.228,-0.689,0.699,0.962,30.22,148.25,223.25,371.5,182.8,184.8,367.6,3.9,292.0,92.0,3936.0,11936.0,11596.0
2026-04-30,2026-05-05,3,Thursday,09:30,15:25,23945.3,23950,24000,0.228,-0.689,0.699,0.962,30.22,148.25,223.25,371.5,245.85,132.5,378.35,-6.85,-514.0,-714.0,-30372.0,-22372.0,-22713.0
2026-04-30,2026-05-05,3,Thursday,10:00,11:00,23910.0,23900,24000,0.376,-0.689,0.699,0.962,30.22,166.05,213.6,379.65,155.2,240.55,395.75,-16.1,-1208.0,-1408.0,-59894.0,-51894.0,-52234.0
2026-04-30,2026-05-05,3,Thursday,10:00,12:00,23910.0,23900,24000,0.376,-0.689,0.699,0.962,30.22,166.05,213.6,379.65,159.0,225.5,384.5,-4.85,-364.0,-564.0,-23989.0,-15989.0,-16330.0
2026-04-30,2026-05-05,3,Thursday,10:00,13:00,23910.0,23900,24000,0.376,-0.689,0.699,0.962,30.22,166.05,213.6,379.65,209.55,162.0,371.55,8.1,607.0,407.0,17340.0,25340.0,25000.0
2026-04-30,2026-05-05,3,Thursday,10:00,15:25,23910.0,23900,24000,0.376,-0.689,0.699,0.962,30.22,166.05,213.6,379.65,277.5,114.7,392.2,-12.55,-941.0,-1141.0,-48564.0,-40564.0,-40904.0
2026-04-30,2026-05-05,3,Thursday,10:30,11:00,23896.8,23900,24000,0.432,-0.689,0.699,0.962,30.22,157.45,232.35,389.8,155.2,240.55,395.75,-5.95,-446.0,-646.0,-27500.0,-19500.0,-19840.0
2026-04-30,2026-05-05,3,Thursday,10:30,12:00,23896.8,23900,24000,0.432,-0.689,0.699,0.962,30.22,157.45,232.35,389.8,159.0,225.5,384.5,5.3,397.0,197.0,8404.0,16404.0,16064.0
2026-04-30,2026-05-05,3,Thursday,10:30,13:00,23896.8,23900,24000,0.432,-0.689,0.699,0.962,30.22,157.45,232.35,389.8,209.55,162.0,371.55,18.25,1369.0,1169.0,49734.0,57734.0,57394.0
2026-04-30,2026-05-05,3,Thursday,10:30,15:25,23896.8,23900,24000,0.432,-0.689,0.699,0.962,30.22,157.45,232.35,389.8,277.5,114.7,392.2,-2.4,-180.0,-380.0,-16170.0,-8170.0,-8511.0
2025-05-02,2025-05-08,4,Friday,09:30,11:00,24640.0,24650,24400,0.974,0.08,0.968,1.305,15.87,141.6,221.15,362.75,94.75,290.4,385.15,-22.4,-1680.0,-1880.0,-80000.0,-72000.0,-72340.0
2025-05-02,2025-05-08,4,Friday,09:30,12:00,24640.0,24650,24400,0.974,0.08,0.968,1.305,15.87,141.6,221.15,362.75,72.9,351.05,423.95,-61.2,-4590.0,-4790.0,-203830.0,-195830.0,-196170.0
2025-05-02,2025-05-08,4,Friday,09:30,13:00,24640.0,24650,24400,0.974,0.08,0.968,1.305,15.87,141.6,221.15,362.75,55.65,430.05,485.7,-122.95,-9221.0,-9421.0,-400904.0,-392904.0,-393245.0
2025-05-02,2025-05-08,4,Friday,09:30,15:25,24640.0,24650,24400,0.974,0.08,0.968,1.305,15.87,141.6,221.15,362.75,43.75,382.0,425.75,-63.0,-4725.0,-4925.0,-209574.0,-201574.0,-201915.0
2025-05-02,2025-05-08,4,Friday,10:00,11:00,24709.0,24700,24400,1.251,0.08,0.968,1.305,15.87,152.3,220.65,372.95,78.7,323.2,401.9,-28.95,-2171.0,-2371.0,-100904.0,-92904.0,-93245.0
2025-05-02,2025-05-08,4,Friday,10:00,12:00,24709.0,24700,24400,1.251,0.08,0.968,1.305,15.87,152.3,220.65,372.95,60.2,390.4,450.6,-77.65,-5824.0,-6024.0,-256330.0,-248330.0,-248670.0
2025-05-02,2025-05-08,4,Friday,10:00,13:00,24709.0,24700,24400,1.251,0.08,0.968,1.305,15.87,152.3,220.65,372.95,46.35,472.0,518.35,-145.4,-10905.0,-11105.0,-472553.0,-464553.0,-464894.0
2025-05-02,2025-05-08,4,Friday,10:00,15:25,24709.0,24700,24400,1.251,0.08,0.968,1.305,15.87,152.3,220.65,372.95,35.65,425.4,461.05,-88.1,-6607.0,-6807.0,-289681.0,-281681.0,-282021.0
2025-05-02,2025-05-08,4,Friday,10:30,11:00,24615.9,24600,24400,0.877,0.08,0.968,1.305,15.87,156.7,215.7,372.4,113.45,258.4,371.85,0.55,41.0,-159.0,-6755.0,1245.0,904.0
2025-05-02,2025-05-08,4,Friday,10:30,12:00,24615.9,24600,24400,0.877,0.08,0.968,1.305,15.87,156.7,215.7,372.4,88.0,317.2,405.2,-32.8,-2460.0,-2660.0,-113191.0,-105191.0,-105532.0
2025-05-02,2025-05-08,4,Friday,10:30,13:00,24615.9,24600,24400,0.877,0.08,0.968,1.305,15.87,156.7,215.7,372.4,67.0,392.65,459.65,-87.25,-6544.0,-6744.0,-286968.0,-278968.0,-279309.0
2025-05-02,2025-05-08,4,Friday,10:30,15:25,24615.9,24600,24400,0.877,0.08,0.968,1.305,15.87,156.7,215.7,372.4,53.65,344.35,398.0,-25.6,-1920.0,-2120.0,-90213.0,-82213.0,-82553.0
2025-05-09,2025-05-15,4,Friday,09:30,11:00,24141.7,24150,24000,0.587,-0.595,0.204,0.96,14.16,219.0,288.45,507.45,161.0,340.9,501.9,5.55,416.0,216.0,9202.0,17202.0,16862.0
2025-05-09,2025-05-15,4,Friday,09:30,12:00,24141.7,24150,24000,0.587,-0.595,0.204,0.96,14.16,219.0,288.45,507.45,184.4,287.1,471.5,35.95,2696.0,2496.0,106223.0,114223.0,113883.0
2025-05-09,2025-05-15,4,Friday,09:30,13:00,24141.7,24150,24000,0.587,-0.595,0.204,0.96,14.16,219.0,288.45,507.45,162.85,303.3,466.15,41.3,3098.0,2898.0,123298.0,131298.0,130957.0
2025-05-09,2025-05-15,4,Friday,09:30,15:25,24141.7,24150,24000,0.587,-0.595,0.204,0.96,14.16,219.0,288.45,507.45,150.65,293.3,443.95,63.5,4762.0,4562.0,194149.0,202149.0,201809.0
2025-05-09,2025-05-15,4,Friday,10:00,11:00,24061.3,24050,24000,0.255,-0.595,0.204,0.96,14.16,217.95,278.1,496.05,208.45,291.85,500.3,-4.25,-319.0,-519.0,-22074.0,-14074.0,-14415.0
2025-05-09,2025-05-15,4,Friday,10:00,12:00,24061.3,24050,24000,0.255,-0.595,0.204,0.96,14.16,217.95,278.1,496.05,238.0,243.1,481.1,14.95,1121.0,921.0,39202.0,47202.0,46862.0
2025-05-09,2025-05-15,4,Friday,10:00,13:00,24061.3,24050,24000,0.255,-0.595,0.204,0.96,14.16,217.95,278.1,496.05,214.8,255.8,470.6,25.45,1909.0,1709.0,72713.0,80713.0,80372.0
2025-05-09,2025-05-15,4,Friday,10:00,15:25,24061.3,24050,24000,0.255,-0.595,0.204,0.96,14.16,217.95,278.1,496.05,202.8,244.6,447.4,48.65,3649.0,3449.0,146755.0,154755.0,154415.0
2025-05-09,2025-05-15,4,Friday,10:30,11:00,24110.4,24100,24000,0.458,-0.595,0.204,0.96,14.16,224.4,275.2,499.6,183.3,315.7,499.0,0.6,45.0,-155.0,-6596.0,1404.0,1064.0
2025-05-09,2025-05-15,4,Friday,10:30,12:00,24110.4,24100,24000,0.458,-0.595,0.204,0.96,14.16,224.4,275.2,499.6,211.0,263.85,474.85,24.75,1856.0,1656.0,70479.0,78479.0,78138.0
2025-05-09,2025-05-15,4,Friday,10:30,13:00,24110.4,24100,24000,0.458,-0.595,0.204,0.96,14.16,224.4,275.2,499.6,187.7,278.7,466.4,33.2,2490.0,2290.0,97447.0,105447.0,105106.0
2025-05-09,2025-05-15,4,Friday,10:30,15:25,24110.4,24100,24000,0.458,-0.595,0.204,0.96,14.16,224.4,275.2,499.6,175.75,269.6,445.35,54.25,4069.0,3869.0,164628.0,172628.0,172287.0
2025-05-16,2025-05-22,4,Friday,09:30,11:00,25113.0,25100,25000,0.45,0.204,0.263,0.529,20.55,176.25,203.6,379.85,141.7,229.35,371.05,8.8,660.0,460.0,19574.0,27574.0,27234.0
2025-05-16,2025-05-22,4,Friday,09:30,12:00,25113.0,25100,25000,0.45,0.204,0.263,0.529,20.55,176.25,203.6,379.85,126.05,248.2,374.25,5.6,420.0,220.0,9362.0,17362.0,17021.0
2025-05-16,2025-05-22,4,Friday,09:30,13:00,25113.0,25100,25000,0.45,0.204,0.263,0.529,20.55,176.25,203.6,379.85,132.5,225.8,358.3,21.55,1616.0,1416.0,60266.0,68266.0,67926.0
2025-05-16,2025-05-22,4,Friday,09:30,15:25,25113.0,25100,25000,0.45,0.204,0.263,0.529,20.55,176.25,203.6,379.85,147.4,212.0,359.4,20.45,1534.0,1334.0,56755.0,64755.0,64415.0
2025-05-16,2025-05-22,4,Friday,10:00,11:00,25045.6,25050,25000,0.182,0.204,0.263,0.529,20.55,162.7,212.9,375.6,163.7,202.2,365.9,9.7,728.0,528.0,22447.0,30447.0,30106.0
2025-05-16,2025-05-22,4,Friday,10:00,12:00,25045.6,25050,25000,0.182,0.204,0.263,0.529,20.55,162.7,212.9,375.6,145.9,218.55,364.45,11.15,836.0,636.0,27074.0,35074.0,34734.0
2025-05-16,2025-05-22,4,Friday,10:00,13:00,25045.6,25050,25000,0.182,0.204,0.263,0.529,20.55,162.7,212.9,375.6,153.95,197.1,351.05,24.55,1841.0,1641.0,69840.0,77840.0,77500.0
2025-05-16,2025-05-22,4,Friday,10:00,15:25,25045.6,25050,25000,0.182,0.204,0.263,0.529,20.55,162.7,212.9,375.6,170.7,186.0,356.7,18.9,1418.0,1218.0,51809.0,59809.0,59468.0
2025-05-16,2025-05-22,4,Friday,10:30,11:00,25051.0,25050,25000,0.204,0.204,0.263,0.529,20.55,165.25,208.4,373.65,163.7,202.2,365.9,7.75,581.0,381.0,16223.0,24223.0,23883.0
2025-05-16,2025-05-22,4,Friday,10:30,12:00,25051.0,25050,25000,0.204,0.204,0.263,0.529,20.55,165.25,208.4,373.65,145.9,218.55,364.45,9.2,690.0,490.0,20851.0,28851.0,28511.0
2025-05-16,2025-05-22,4,Friday,10:30,13:00,25051.0,25050,25000,0.204,0.204,0.263,0.529,20.55,165.25,208.4,373.65,153.95,197.1,351.05,22.6,1695.0,1495.0,63617.0,71617.0,71277.0
2025-05-16,2025-05-22,4,Friday,10:30,15:25,25051.0,25050,25000,0.204,0.204,0.263,0.529,20.55,165.25,208.4,373.65,170.7,186.0,356.7,16.95,1271.0,1071.0,45585.0,53585.0,53245.0
2025-05-23,2025-05-29,4,Friday,09:30,11:00,24729.1,24750,25000,1.095,-0.035,0.598,0.949,19.21,182.55,207.3,389.85,331.8,137.7,469.5,-79.65,-5974.0,-6174.0,-262713.0,-254713.0,-255053.0
2025-05-23,2025-05-29,4,Friday,09:30,12:00,24729.1,24750,25000,1.095,-0.035,0.598,0.949,19.21,182.55,207.3,389.85,282.0,162.35,444.35,-54.5,-4088.0,-4288.0,-182447.0,-174447.0,-174787.0
2025-05-23,2025-05-29,4,Friday,09:30,13:00,24729.1,24750,25000,1.095,-0.035,0.598,0.949,19.21,182.55,207.3,389.85,321.65,146.9,468.55,-78.7,-5902.0,-6102.0,-259681.0,-251681.0,-252021.0
2025-05-23,2025-05-29,4,Friday,09:30,15:25,24729.1,24750,25000,1.095,-0.035,0.598,0.949,19.21,182.55,207.3,389.85,274.0,151.5,425.5,-35.65,-2674.0,-2874.0,-122287.0,-114287.0,-114628.0
2025-05-23,2025-05-29,4,Friday,10:00,11:00,24820.1,24800,25000,0.725,-0.035,0.598,0.949,19.21,213.8,191.65,405.45,297.6,154.7,452.3,-46.85,-3514.0,-3714.0,-158032.0,-150032.0,-150372.0
2025-05-23,2025-05-29,4,Friday,10:00,12:00,24820.1,24800,25000,0.725,-0.035,0.598,0.949,19.21,213.8,191.65,405.45,251.35,182.9,434.25,-28.8,-2160.0,-2360.0,-100426.0,-92426.0,-92766.0
2025-05-23,2025-05-29,4,Friday,10:00,13:00,24820.1,24800,25000,0.725,-0.035,0.598,0.949,19.21,213.8,191.65,405.45,289.8,165.3,455.1,-49.65,-3724.0,-3924.0,-166968.0,-158968.0,-159309.0
2025-05-23,2025-05-29,4,Friday,10:00,15:25,24820.1,24800,25000,0.725,-0.035,0.598,0.949,19.21,213.8,191.65,405.45,243.8,171.35,415.15,-9.7,-727.0,-927.0,-39468.0,-31468.0,-31809.0
2025-05-23,2025-05-29,4,Friday,10:30,11:00,24815.0,24800,25000,0.746,-0.035,0.598,0.949,19.21,211.4,196.25,407.65,297.6,154.7,452.3,-44.65,-3349.0,-3549.0,-151011.0,-143011.0,-143351.0
2025-05-23,2025-05-29,4,Friday,10:30,12:00,24815.0,24800,25000,0.746,-0.035,0.598,0.949,19.21,211.4,196.25,407.65,251.35,182.9,434.25,-26.6,-1995.0,-2195.0,-93404.0,-85404.0,-85745.0
2025-05-23,2025-05-29,4,Friday,10:30,13:00,24815.0,24800,25000,0.746,-0.035,0.598,0.949,19.21,211.4,196.25,407.65,289.8,165.3,455.1,-47.45,-3559.0,-3759.0,-159947.0,-151947.0,-152287.0
2025-05-23,2025-05-29,4,Friday,10:30,15:25,24815.0,24800,25000,0.746,-0.035,0.598,0.949,19.21,211.4,196.25,407.65,243.8,171.35,415.15,-7.5,-562.0,-762.0,-32447.0,-24447.0,-24787.0
2025-05-30,2025-06-05,4,Friday,09:30,11:00,24958.0,24950,24800,0.633,0.437,0.246,0.52,19.53,175.2,256.65,431.85,150.85,304.85,455.7,-23.85,-1789.0,-1989.0,-84628.0,-76628.0,-76968.0
2025-05-30,2025-06-05,4,Friday,09:30,12:00,24958.0,24950,24800,0.633,0.437,0.246,0.52,19.53,175.2,256.65,431.85,134.6,293.8,428.4,3.45,259.0,59.0,2500.0,10500.0,10160.0
2025-05-30,2025-06-05,4,Friday,09:30,13:00,24958.0,24950,24800,0.633,0.437,0.246,0.52,19.53,175.2,256.65,431.85,139.65,300.0,439.65,-7.8,-585.0,-785.0,-33404.0,-25404.0,-25745.0
2025-05-30,2025-06-05,4,Friday,09:30,15:25,24958.0,24950,24800,0.633,0.437,0.246,0.52,19.53,175.2,256.65,431.85,136.8,294.85,431.65,0.2,15.0,-185.0,-7872.0,128.0,-213.0
2025-05-30,2025-06-05,4,Friday,10:00,11:00,24925.3,24950,24800,0.503,0.437,0.246,0.52,19.53,154.15,268.35,422.5,150.85,304.85,455.7,-33.2,-2490.0,-2690.0,-114468.0,-106468.0,-106809.0
2025-05-30,2025-06-05,4,Friday,10:00,12:00,24925.3,24950,24800,0.503,0.437,0.246,0.52,19.53,154.15,268.35,422.5,134.6,293.8,428.4,-5.9,-442.0,-642.0,-27340.0,-19340.0,-19681.0
2025-05-30,2025-06-05,4,Friday,10:00,13:00,24925.3,24950,24800,0.503,0.437,0.246,0.52,19.53,154.15,268.35,422.5,139.65,300.0,439.65,-17.15,-1286.0,-1486.0,-63245.0,-55245.0,-55585.0
2025-05-30,2025-06-05,4,Friday,10:00,15:25,24925.3,24950,24800,0.503,0.437,0.246,0.52,19.53,154.15,268.35,422.5,136.8,294.85,431.65,-9.15,-686.0,-886.0,-37713.0,-29713.0,-30053.0
2025-05-30,2025-06-05,4,Friday,10:30,11:00,24868.3,24850,24800,0.275,0.437,0.246,0.52,19.53,186.8,249.05,435.85,192.25,246.4,438.65,-2.8,-210.0,-410.0,-17447.0,-9447.0,-9787.0
2025-05-30,2025-06-05,4,Friday,10:30,12:00,24868.3,24850,24800,0.275,0.437,0.246,0.52,19.53,186.8,249.05,435.85,174.6,234.6,409.2,26.65,1999.0,1799.0,76543.0,84543.0,84202.0
2025-05-30,2025-06-05,4,Friday,10:30,13:00,24868.3,24850,24800,0.275,0.437,0.246,0.52,19.53,186.8,249.05,435.85,180.4,241.8,422.2,13.65,1024.0,824.0,35053.0,43053.0,42713.0
2025-05-30,2025-06-05,4,Friday,10:30,15:25,24868.3,24850,24800,0.275,0.437,0.246,0.52,19.53,186.8,249.05,435.85,176.55,235.0,411.55,24.3,1823.0,1623.0,69043.0,77043.0,76702.0
2025-06-06,2025-06-12,4,Friday,09:30,11:00,24815.8,24800,24700,0.467,-0.077,0.258,0.713,18.86,142.25,203.5,345.75,284.4,115.25,399.65,-53.9,-4042.0,-4242.0,-180532.0,-172532.0,-172872.0
2025-06-06,2025-06-12,4,Friday,09:30,12:00,24815.8,24800,24700,0.467,-0.077,0.258,0.713,18.86,142.25,203.5,345.75,363.0,99.3,462.3,-116.55,-8741.0,-8941.0,-380479.0,-372479.0,-372819.0
2025-06-06,2025-06-12,4,Friday,09:30,13:00,24815.8,24800,24700,0.467,-0.077,0.258,0.713,18.86,142.25,203.5,345.75,301.6,101.3,402.9,-57.15,-4286.0,-4486.0,-190904.0,-182904.0,-183245.0
2025-06-06,2025-06-12,4,Friday,09:30,15:25,24815.8,24800,24700,0.467,-0.077,0.258,0.713,18.86,142.25,203.5,345.75,310.05,82.85,392.9,-47.15,-3536.0,-3736.0,-158989.0,-150989.0,-151330.0
2025-06-06,2025-06-12,4,Friday,10:00,11:00,24792.5,24800,24700,0.373,-0.077,0.258,0.713,18.86,142.65,221.05,363.7,284.4,115.25,399.65,-35.95,-2696.0,-2896.0,-123245.0,-115245.0,-115585.0
2025-06-06,2025-06-12,4,Friday,10:00,12:00,24792.5,24800,24700,0.373,-0.077,0.258,0.713,18.86,142.65,221.05,363.7,363.0,99.3,462.3,-98.6,-7395.0,-7595.0,-323191.0,-315191.0,-315532.0
2025-06-06,2025-06-12,4,Friday,10:00,13:00,24792.5,24800,24700,0.373,-0.077,0.258,0.713,18.86,142.65,221.05,363.7,301.6,101.3,402.9,-39.2,-2940.0,-3140.0,-133617.0,-125617.0,-125957.0
2025-06-06,2025-06-12,4,Friday,10:00,15:25,24792.5,24800,24700,0.373,-0.077,0.258,0.713,18.86,142.65,221.05,363.7,310.05,82.85,392.9,-29.2,-2190.0,-2390.0,-101702.0,-93702.0,-94043.0
2025-06-06,2025-06-12,4,Friday,10:30,11:00,24936.6,24950,24700,0.949,-0.077,0.258,0.713,18.86,134.0,224.75,358.75,195.8,176.6,372.4,-13.65,-1024.0,-1224.0,-52074.0,-44074.0,-44415.0
2025-06-06,2025-06-12,4,Friday,10:30,12:00,24936.6,24950,24700,0.949,-0.077,0.258,0.713,18.86,134.0,224.75,358.75,263.8,149.9,413.7,-54.95,-4121.0,-4321.0,-183883.0,-175883.0,-176223.0
2025-06-06,2025-06-12,4,Friday,10:30,13:00,24936.6,24950,24700,0.949,-0.077,0.258,0.713,18.86,134.0,224.75,358.75,208.35,157.8,366.15,-7.4,-555.0,-755.0,-32128.0,-24128.0,-24468.0
2025-06-06,2025-06-12,4,Friday,10:30,15:25,24936.6,24950,24700,0.949,-0.077,0.258,0.713,18.86,134.0,224.75,358.75,210.5,132.3,342.8,15.95,1196.0,996.0,42394.0,50394.0,50053.0
2025-06-13,2025-06-19,4,Friday,09:30,11:00,24667.3,24650,25000,1.349,-1.289,0.504,0.568,11.28,182.75,207.35,390.1,196.4,183.1,379.5,10.6,795.0,595.0,25319.0,33319.0,32979.0
2025-06-13,2025-06-19,4,Friday,09:30,12:00,24667.3,24650,25000,1.349,-1.289,0.504,0.568,11.28,182.75,207.35,390.1,192.4,165.75,358.15,31.95,2396.0,2196.0,93457.0,101457.0,101117.0
2025-06-13,2025-06-19,4,Friday,09:30,13:00,24667.3,24650,25000,1.349,-1.289,0.504,0.568,11.28,182.75,207.35,390.1,198.9,163.5,362.4,27.7,2078.0,1878.0,79894.0,87894.0,87553.0
2025-06-13,2025-06-19,4,Friday,09:30,15:25,24667.3,24650,25000,1.349,-1.289,0.504,0.568,11.28,182.75,207.35,390.1,206.4,166.95,373.35,16.75,1256.0,1056.0,44947.0,52947.0,52606.0
2025-06-13,2025-06-19,4,Friday,10:00,11:00,24679.9,24700,25000,1.297,-1.289,0.504,0.568,11.28,156.05,221.1,377.15,169.85,206.95,376.8,0.35,26.0,-174.0,-7394.0,606.0,266.0
2025-06-13,2025-06-19,4,Friday,10:00,12:00,24679.9,24700,25000,1.297,-1.289,0.504,0.568,11.28,156.05,221.1,377.15,165.7,188.25,353.95,23.2,1740.0,1540.0,65532.0,73532.0,73191.0
2025-06-13,2025-06-19,4,Friday,10:00,13:00,24679.9,24700,25000,1.297,-1.289,0.504,0.568,11.28,156.05,221.1,377.15,170.6,185.85,356.45,20.7,1552.0,1352.0,57553.0,65553.0,65213.0
2025-06-13,2025-06-19,4,Friday,10:00,15:25,24679.9,24700,25000,1.297,-1.289,0.504,0.568,11.28,156.05,221.1,377.15,179.3,188.35,367.65,9.5,712.0,512.0,21809.0,29809.0,29468.0
2025-06-13,2025-06-19,4,Friday,10:30,11:00,24709.0,24700,25000,1.178,-1.289,0.504,0.568,11.28,171.75,209.25,381.0,169.85,206.95,376.8,4.2,315.0,115.0,4894.0,12894.0,12553.0
2025-06-13,2025-06-19,4,Friday,10:30,12:00,24709.0,24700,25000,1.178,-1.289,0.504,0.568,11.28,171.75,209.25,381.0,165.7,188.25,353.95,27.05,2029.0,1829.0,77819.0,85819.0,85479.0
2025-06-13,2025-06-19,4,Friday,10:30,13:00,24709.0,24700,25000,1.178,-1.289,0.504,0.568,11.28,171.75,209.25,381.0,170.6,185.85,356.45,24.55,1841.0,1641.0,69840.0,77840.0,77500.0
2025-06-13,2025-06-19,4,Friday,10:30,15:25,24709.0,24700,25000,1.178,-1.289,0.504,0.568,11.28,171.75,209.25,381.0,179.3,188.35,367.65,13.35,1001.0,801.0,34096.0,42096.0,41755.0
2025-06-20,2025-06-26,4,Friday,09:30,11:00,24852.0,24850,24800,0.209,0.19,0.895,1.029,10.91,163.65,158.4,322.05,285.8,94.3,380.1,-58.05,-4354.0,-4554.0,-193777.0,-185777.0,-186117.0
2025-06-20,2025-06-26,4,Friday,09:30,12:00,24852.0,24850,24800,0.209,0.19,0.895,1.029,10.91,163.65,158.4,322.05,307.4,85.0,392.4,-70.35,-5276.0,-5476.0,-233032.0,-225032.0,-225372.0
2025-06-20,2025-06-26,4,Friday,09:30,13:00,24852.0,24850,24800,0.209,0.19,0.895,1.029,10.91,163.65,158.4,322.05,298.6,83.1,381.7,-59.65,-4474.0,-4674.0,-198883.0,-190883.0,-191223.0
2025-06-20,2025-06-26,4,Friday,09:30,15:25,24852.0,24850,24800,0.209,0.19,0.895,1.029,10.91,163.65,158.4,322.05,328.7,77.55,406.25,-84.2,-6315.0,-6515.0,-277234.0,-269234.0,-269574.0
2025-06-20,2025-06-26,4,Friday,10:00,11:00,24888.7,24900,24800,0.356,0.19,0.895,1.029,10.91,149.95,159.95,309.9,250.9,109.2,360.1,-50.2,-3765.0,-3965.0,-168723.0,-160723.0,-161064.0
2025-06-20,2025-06-26,4,Friday,10:00,12:00,24888.7,24900,24800,0.356,0.19,0.895,1.029,10.91,149.95,159.95,309.9,270.1,98.05,368.15,-58.25,-4369.0,-4569.0,-194415.0,-186415.0,-186755.0
2025-06-20,2025-06-26,4,Friday,10:00,13:00,24888.7,24900,24800,0.356,0.19,0.895,1.029,10.91,149.95,159.95,309.9,261.5,96.2,357.7,-47.8,-3585.0,-3785.0,-161064.0,-153064.0,-153404.0
2025-06-20,2025-06-26,4,Friday,10:00,15:25,24888.7,24900,24800,0.356,0.19,0.895,1.029,10.91,149.95,159.95,309.9,289.3,87.8,377.1,-67.2,-5040.0,-5240.0,-222979.0,-214979.0,-215319.0
2025-06-20,2025-06-26,4,Friday,10:30,11:00,25069.0,25050,24800,1.073,0.19,0.895,1.029,10.91,185.7,163.15,348.85,158.75,167.6,326.35,22.5,1688.0,1488.0,63298.0,71298.0,70957.0
2025-06-20,2025-06-26,4,Friday,10:30,12:00,25069.0,25050,24800,1.073,0.19,0.895,1.029,10.91,185.7,163.15,348.85,174.35,150.9,325.25,23.6,1770.0,1570.0,66809.0,74809.0,74468.0
2025-06-20,2025-06-26,4,Friday,10:30,13:00,25069.0,25050,24800,1.073,0.19,0.895,1.029,10.91,185.7,163.15,348.85,164.95,148.9,313.85,35.0,2625.0,2425.0,103191.0,111191.0,110851.0
2025-06-20,2025-06-26,4,Friday,10:30,15:25,25069.0,25050,24800,1.073,0.19,0.895,1.029,10.91,185.7,163.15,348.85,186.0,134.15,320.15,28.7,2153.0,1953.0,83085.0,91085.0,90745.0
2025-06-27,2025-07-03,4,Friday,09:30,11:00,25642.8,25650,25500,0.557,0.549,0.116,0.35,11.39,122.95,220.75,343.7,135.75,171.5,307.25,36.45,2734.0,2534.0,107819.0,115819.0,115479.0
2025-06-27,2025-07-03,4,Friday,09:30,12:00,25642.8,25650,25500,0.557,0.549,0.116,0.35,11.39,122.95,220.75,343.7,140.1,154.5,294.6,49.1,3682.0,3482.0,148191.0,156191.0,155851.0
2025-06-27,2025-07-03,4,Friday,09:30,13:00,25642.8,25650,25500,0.557,0.549,0.116,0.35,11.39,122.95,220.75,343.7,157.3,138.2,295.5,48.2,3615.0,3415.0,145319.0,153319.0,152979.0
2025-06-27,2025-07-03,4,Friday,09:30,15:25,25642.8,25650,25500,0.557,0.549,0.116,0.35,11.39,122.95,220.75,343.7,143.4,134.7,278.1,65.6,4920.0,4720.0,200851.0,208851.0,208511.0
2025-06-27,2025-07-03,4,Friday,10:00,11:00,25663.9,25650,25500,0.639,0.549,0.116,0.35,11.39,122.35,199.5,321.85,135.75,171.5,307.25,14.6,1095.0,895.0,38085.0,46085.0,45745.0
2025-06-27,2025-07-03,4,Friday,10:00,12:00,25663.9,25650,25500,0.639,0.549,0.116,0.35,11.39,122.35,199.5,321.85,140.1,154.5,294.6,27.25,2044.0,1844.0,78457.0,86457.0,86117.0
2025-06-27,2025-07-03,4,Friday,10:00,13:00,25663.9,25650,25500,0.639,0.549,0.116,0.35,11.39,122.35,199.5,321.85,157.3,138.2,295.5,26.35,1976.0,1776.0,75585.0,83585.0,83245.0
2025-06-27,2025-07-03,4,Friday,10:00,15:25,25663.9,25650,25500,0.639,0.549,0.116,0.35,11.39,122.35,199.5,321.85,143.4,134.7,278.1,43.75,3281.0,3081.0,131117.0,139117.0,138777.0
2025-06-27,2025-07-03,4,Friday,10:30,11:00,25671.5,25650,25500,0.668,0.549,0.116,0.35,11.39,120.0,192.05,312.05,135.75,171.5,307.25,4.8,360.0,160.0,6809.0,14809.0,14468.0
2025-06-27,2025-07-03,4,Friday,10:30,12:00,25671.5,25650,25500,0.668,0.549,0.116,0.35,11.39,120.0,192.05,312.05,140.1,154.5,294.6,17.45,1309.0,1109.0,47181.0,55181.0,54840.0
2025-06-27,2025-07-03,4,Friday,10:30,13:00,25671.5,25650,25500,0.668,0.549,0.116,0.35,11.39,120.0,192.05,312.05,157.3,138.2,295.5,16.55,1241.0,1041.0,44309.0,52309.0,51968.0
2025-06-27,2025-07-03,4,Friday,10:30,15:25,25671.5,25650,25500,0.668,0.549,0.116,0.35,11.39,120.0,192.05,312.05,143.4,134.7,278.1,33.95,2546.0,2346.0,99840.0,107840.0,107500.0
2025-07-04,2025-07-10,4,Friday,09:30,11:00,25501.1,25500,25500,0.004,0.0,0.008,0.298,12.47,115.0,185.3,300.3,113.3,175.1,288.4,11.9,893.0,693.0,29468.0,37468.0,37128.0
2025-07-04,2025-07-10,4,Friday,09:30,12:00,25501.1,25500,25500,0.004,0.0,0.008,0.298,12.47,115.0,185.3,300.3,80.8,229.65,310.45,-10.15,-761.0,-961.0,-40904.0,-32904.0,-33245.0
2025-07-04,2025-07-10,4,Friday,09:30,13:00,25501.1,25500,25500,0.004,0.0,0.008,0.298,12.47,115.0,185.3,300.3,83.2,215.45,298.65,1.65,124.0,-76.0,-3245.0,4755.0,4415.0
2025-07-04,2025-07-10,4,Friday,09:30,15:25,25501.1,25500,25500,0.004,0.0,0.008,0.298,12.47,115.0,185.3,300.3,121.95,151.55,273.5,26.8,2010.0,1810.0,77021.0,85021.0,84681.0
2025-07-04,2025-07-10,4,Friday,10:00,11:00,25505.7,25500,25500,0.022,0.0,0.008,0.298,12.47,117.5,185.2,302.7,113.3,175.1,288.4,14.3,1073.0,873.0,37128.0,45128.0,44787.0
2025-07-04,2025-07-10,4,Friday,10:00,12:00,25505.7,25500,25500,0.022,0.0,0.008,0.298,12.47,117.5,185.2,302.7,80.8,229.65,310.45,-7.75,-581.0,-781.0,-33245.0,-25245.0,-25585.0
2025-07-04,2025-07-10,4,Friday,10:00,13:00,25505.7,25500,25500,0.022,0.0,0.008,0.298,12.47,117.5,185.2,302.7,83.2,215.45,298.65,4.05,304.0,104.0,4415.0,12415.0,12074.0
2025-07-04,2025-07-10,4,Friday,10:00,15:25,25505.7,25500,25500,0.022,0.0,0.008,0.298,12.47,117.5,185.2,302.7,121.95,151.55,273.5,29.2,2190.0,1990.0,84681.0,92681.0,92340.0
2025-07-04,2025-07-10,4,Friday,10:30,11:00,25497.0,25500,25500,0.012,0.0,0.008,0.298,12.47,111.2,185.85,297.05,113.3,175.1,288.4,8.65,649.0,449.0,19096.0,27096.0,26755.0
2025-07-04,2025-07-10,4,Friday,10:30,12:00,25497.0,25500,25500,0.012,0.0,0.008,0.298,12.47,111.2,185.85,297.05,80.8,229.65,310.45,-13.4,-1005.0,-1205.0,-51277.0,-43277.0,-43617.0
2025-07-04,2025-07-10,4,Friday,10:30,13:00,25497.0,25500,25500,0.012,0.0,0.008,0.298,12.47,111.2,185.85,297.05,83.2,215.45,298.65,-1.6,-120.0,-320.0,-13617.0,-5617.0,-5957.0
2025-07-04,2025-07-10,4,Friday,10:30,15:25,25497.0,25500,25500,0.012,0.0,0.008,0.298,12.47,111.2,185.85,297.05,121.95,151.55,273.5,23.55,1766.0,1566.0,66649.0,74649.0,74309.0
2025-07-11,2025-07-17,4,Friday,09:30,11:00,25356.5,25350,25500,0.566,-0.311,0.118,0.363,11.45,114.0,141.35,255.35,70.25,215.15,285.4,-30.05,-2254.0,-2454.0,-104415.0,-96415.0,-96755.0
2025-07-11,2025-07-17,4,Friday,09:30,12:00,25356.5,25350,25500,0.566,-0.311,0.118,0.363,11.45,114.0,141.35,255.35,67.25,220.85,288.1,-32.75,-2456.0,-2656.0,-113032.0,-105032.0,-105372.0
2025-07-11,2025-07-17,4,Friday,09:30,13:00,25356.5,25350,25500,0.566,-0.311,0.118,0.363,11.45,114.0,141.35,255.35,65.35,218.0,283.35,-28.0,-2100.0,-2300.0,-97872.0,-89872.0,-90213.0
2025-07-11,2025-07-17,4,Friday,09:30,15:25,25356.5,25350,25500,0.566,-0.311,0.118,0.363,11.45,114.0,141.35,255.35,58.95,225.65,284.6,-29.25,-2194.0,-2394.0,-101862.0,-93862.0,-94202.0
2025-07-11,2025-07-17,4,Friday,10:00,11:00,25341.0,25350,25500,0.627,-0.311,0.118,0.363,11.45,102.7,149.4,252.1,70.25,215.15,285.4,-33.3,-2497.0,-2697.0,-114787.0,-106787.0,-107128.0
2025-07-11,2025-07-17,4,Friday,10:00,12:00,25341.0,25350,25500,0.627,-0.311,0.118,0.363,11.45,102.7,149.4,252.1,67.25,220.85,288.1,-36.0,-2700.0,-2900.0,-123404.0,-115404.0,-115745.0
2025-07-11,2025-07-17,4,Friday,10:00,13:00,25341.0,25350,25500,0.627,-0.311,0.118,0.363,11.45,102.7,149.4,252.1,65.35,218.0,283.35,-31.25,-2344.0,-2544.0,-108245.0,-100245.0,-100585.0
2025-07-11,2025-07-17,4,Friday,10:00,15:25,25341.0,25350,25500,0.627,-0.311,0.118,0.363,11.45,102.7,149.4,252.1,58.95,225.65,284.6,-32.5,-2438.0,-2638.0,-112234.0,-104234.0,-104574.0
2025-07-11,2025-07-17,4,Friday,10:30,11:00,25295.8,25300,25500,0.807,-0.311,0.118,0.363,11.45,104.75,144.05,248.8,88.05,182.8,270.85,-22.05,-1654.0,-1854.0,-78883.0,-70883.0,-71223.0
2025-07-11,2025-07-17,4,Friday,10:30,12:00,25295.8,25300,25500,0.807,-0.311,0.118,0.363,11.45,104.75,144.05,248.8,83.8,188.4,272.2,-23.4,-1755.0,-1955.0,-83191.0,-75191.0,-75532.0
2025-07-11,2025-07-17,4,Friday,10:30,13:00,25295.8,25300,25500,0.807,-0.311,0.118,0.363,11.45,104.75,144.05,248.8,82.4,185.05,267.45,-18.65,-1399.0,-1599.0,-68032.0,-60032.0,-60372.0
2025-07-11,2025-07-17,4,Friday,10:30,15:25,25295.8,25300,25500,0.807,-0.311,0.118,0.363,11.45,104.75,144.05,248.8,74.0,190.2,264.2,-15.4,-1155.0,-1355.0,-57660.0,-49660.0,-50000.0
2025-07-18,2025-07-24,4,Friday,09:30,11:00,25133.2,25150,25200,0.266,-0.01,0.612,0.675,10.17,104.65,148.2,252.85,62.2,252.95,315.15,-62.3,-4672.0,-4872.0,-207340.0,-199340.0,-199681.0
2025-07-18,2025-07-24,4,Friday,09:30,12:00,25133.2,25150,25200,0.266,-0.01,0.612,0.675,10.17,104.65,148.2,252.85,66.15,229.3,295.45,-42.6,-3195.0,-3395.0,-144468.0,-136468.0,-136809.0
2025-07-18,2025-07-24,4,Friday,09:30,13:00,25133.2,25150,25200,0.266,-0.01,0.612,0.675,10.17,104.65,148.2,252.85,66.25,227.2,293.45,-40.6,-3045.0,-3245.0,-138085.0,-130085.0,-130426.0
2025-07-18,2025-07-24,4,Friday,09:30,15:25,25133.2,25150,25200,0.266,-0.01,0.612,0.675,10.17,104.65,148.2,252.85,74.5,201.65,276.15,-23.3,-1747.0,-1947.0,-82872.0,-74872.0,-75213.0
2025-07-18,2025-07-24,4,Friday,10:00,11:00,25095.0,25100,25200,0.418,-0.01,0.612,0.675,10.17,111.75,140.4,252.15,77.25,219.55,296.8,-44.65,-3349.0,-3549.0,-151011.0,-143011.0,-143351.0
2025-07-18,2025-07-24,4,Friday,10:00,12:00,25095.0,25100,25200,0.418,-0.01,0.612,0.675,10.17,111.75,140.4,252.15,82.25,195.3,277.55,-25.4,-1905.0,-2105.0,-89574.0,-81574.0,-81915.0
2025-07-18,2025-07-24,4,Friday,10:00,13:00,25095.0,25100,25200,0.418,-0.01,0.612,0.675,10.17,111.75,140.4,252.15,82.0,193.1,275.1,-22.95,-1721.0,-1921.0,-81755.0,-73755.0,-74096.0
2025-07-18,2025-07-24,4,Friday,10:00,15:25,25095.0,25100,25200,0.418,-0.01,0.612,0.675,10.17,111.75,140.4,252.15,91.5,170.1,261.6,-9.45,-709.0,-909.0,-38670.0,-30670.0,-31011.0
2025-07-18,2025-07-24,4,Friday,10:30,11:00,24996.7,25000,25200,0.813,-0.01,0.612,0.675,10.17,122.75,154.15,276.9,116.75,159.05,275.8,1.1,82.0,-118.0,-5000.0,3000.0,2660.0
2025-07-18,2025-07-24,4,Friday,10:30,12:00,24996.7,25000,25200,0.813,-0.01,0.612,0.675,10.17,122.75,154.15,276.9,124.85,137.9,262.75,14.15,1061.0,861.0,36649.0,44649.0,44309.0
2025-07-18,2025-07-24,4,Friday,10:30,13:00,24996.7,25000,25200,0.813,-0.01,0.612,0.675,10.17,122.75,154.15,276.9,124.55,135.55,260.1,16.8,1260.0,1060.0,45106.0,53106.0,52766.0
2025-07-18,2025-07-24,4,Friday,10:30,15:25,24996.7,25000,25200,0.813,-0.01,0.612,0.675,10.17,122.75,154.15,276.9,138.9,117.0,255.9,21.0,1575.0,1375.0,58511.0,66511.0,66170.0
2025-07-25,2025-07-31,4,Friday,09:30,11:00,25011.7,25000,25000,0.047,-0.283,0.476,0.572,9.15,131.4,122.75,254.15,79.95,197.7,277.65,-23.5,-1762.0,-1962.0,-83511.0,-75511.0,-75851.0
2025-07-25,2025-07-31,4,Friday,09:30,12:00,25011.7,25000,25000,0.047,-0.283,0.476,0.572,9.15,131.4,122.75,254.15,73.95,206.15,280.1,-25.95,-1946.0,-2146.0,-91330.0,-83330.0,-83670.0
2025-07-25,2025-07-31,4,Friday,09:30,13:00,25011.7,25000,25000,0.047,-0.283,0.476,0.572,9.15,131.4,122.75,254.15,71.8,207.05,278.85,-24.7,-1853.0,-2053.0,-87340.0,-79340.0,-79681.0
2025-07-25,2025-07-31,4,Friday,09:30,15:25,25011.7,25000,25000,0.047,-0.283,0.476,0.572,9.15,131.4,122.75,254.15,66.3,210.2,276.5,-22.35,-1676.0,-1876.0,-79840.0,-71840.0,-72181.0
2025-07-25,2025-07-31,4,Friday,10:00,11:00,24951.8,24950,25000,0.193,-0.283,0.476,0.572,9.15,124.8,126.05,250.85,98.9,166.65,265.55,-14.7,-1103.0,-1303.0,-55426.0,-47426.0,-47766.0
2025-07-25,2025-07-31,4,Friday,10:00,12:00,24951.8,24950,25000,0.193,-0.283,0.476,0.572,9.15,124.8,126.05,250.85,91.85,174.0,265.85,-15.0,-1125.0,-1325.0,-56383.0,-48383.0,-48723.0
2025-07-25,2025-07-31,4,Friday,10:00,13:00,24951.8,24950,25000,0.193,-0.283,0.476,0.572,9.15,124.8,126.05,250.85,89.55,174.4,263.95,-13.1,-982.0,-1182.0,-50319.0,-42319.0,-42660.0
2025-07-25,2025-07-31,4,Friday,10:00,15:25,24951.8,24950,25000,0.193,-0.283,0.476,0.572,9.15,124.8,126.05,250.85,82.7,176.05,258.75,-7.9,-593.0,-793.0,-33723.0,-25723.0,-26064.0
2025-07-25,2025-07-31,4,Friday,10:30,11:00,24887.4,24900,25000,0.452,-0.283,0.476,0.572,9.15,123.2,139.6,262.8,121.25,139.0,260.25,2.55,191.0,-9.0,-372.0,7628.0,7287.0
2025-07-25,2025-07-31,4,Friday,10:30,12:00,24887.4,24900,25000,0.452,-0.283,0.476,0.572,9.15,123.2,139.6,262.8,113.05,145.65,258.7,4.1,308.0,108.0,4574.0,12574.0,12234.0
2025-07-25,2025-07-31,4,Friday,10:30,13:00,24887.4,24900,25000,0.452,-0.283,0.476,0.572,9.15,123.2,139.6,262.8,110.3,146.0,256.3,6.5,488.0,288.0,12234.0,20234.0,19894.0
2025-07-25,2025-07-31,4,Friday,10:30,15:25,24887.4,24900,25000,0.452,-0.283,0.476,0.572,9.15,123.2,139.6,262.8,102.8,146.0,248.8,14.0,1050.0,850.0,36170.0,44170.0,43830.0
2025-08-01,2025-08-07,4,Friday,09:30,11:00,24753.0,24750,24700,0.214,-0.275,0.141,0.423,7.29,125.85,184.15,310.0,151.05,144.55,295.6,14.4,1080.0,880.0,37447.0,45447.0,45106.0
2025-08-01,2025-08-07,4,Friday,09:30,12:00,24753.0,24750,24700,0.214,-0.275,0.141,0.423,7.29,125.85,184.15,310.0,114.25,193.25,307.5,2.5,188.0,-12.0,-532.0,7468.0,7128.0
2025-08-01,2025-08-07,4,Friday,09:30,13:00,24753.0,24750,24700,0.214,-0.275,0.141,0.423,7.29,125.85,184.15,310.0,104.8,205.2,310.0,0.0,0.0,-200.0,-8511.0,-511.0,-851.0
2025-08-01,2025-08-07,4,Friday,09:30,15:25,24753.0,24750,24700,0.214,-0.275,0.141,0.423,7.29,125.85,184.15,310.0,77.55,257.2,334.75,-24.75,-1856.0,-2056.0,-87500.0,-79500.0,-79840.0
2025-08-01,2025-08-07,4,Friday,10:00,11:00,24761.7,24750,24700,0.249,-0.275,0.141,0.423,7.29,128.75,174.3,303.05,151.05,144.55,295.6,7.45,559.0,359.0,15266.0,23266.0,22926.0
2025-08-01,2025-08-07,4,Friday,10:00,12:00,24761.7,24750,24700,0.249,-0.275,0.141,0.423,7.29,128.75,174.3,303.05,114.25,193.25,307.5,-4.45,-334.0,-534.0,-22713.0,-14713.0,-15053.0
2025-08-01,2025-08-07,4,Friday,10:00,13:00,24761.7,24750,24700,0.249,-0.275,0.141,0.423,7.29,128.75,174.3,303.05,104.8,205.2,310.0,-6.95,-521.0,-721.0,-30691.0,-22691.0,-23032.0
2025-08-01,2025-08-07,4,Friday,10:00,15:25,24761.7,24750,24700,0.249,-0.275,0.141,0.423,7.29,128.75,174.3,303.05,77.55,257.2,334.75,-31.7,-2377.0,-2577.0,-109681.0,-101681.0,-102021.0
2025-08-01,2025-08-07,4,Friday,10:30,11:00,24827.0,24850,24700,0.512,-0.275,0.141,0.423,7.29,112.15,197.25,309.4,105.2,197.8,303.0,6.4,480.0,280.0,11915.0,19915.0,19574.0
2025-08-01,2025-08-07,4,Friday,10:30,12:00,24827.0,24850,24700,0.512,-0.275,0.141,0.423,7.29,112.15,197.25,309.4,78.35,257.2,335.55,-26.15,-1961.0,-2161.0,-91968.0,-83968.0,-84309.0
2025-08-01,2025-08-07,4,Friday,10:30,13:00,24827.0,24850,24700,0.512,-0.275,0.141,0.423,7.29,112.15,197.25,309.4,71.2,270.95,342.15,-32.75,-2456.0,-2656.0,-113032.0,-105032.0,-105372.0
2025-08-01,2025-08-07,4,Friday,10:30,15:25,24827.0,24850,24700,0.512,-0.275,0.141,0.423,7.29,112.15,197.25,309.4,51.05,330.15,381.2,-71.8,-5385.0,-5585.0,-237660.0,-229660.0,-230000.0
2025-08-08,2025-08-14,4,Friday,09:30,11:00,24584.2,24600,24600,0.064,-0.186,0.523,0.726,8.53,105.65,166.1,271.75,76.15,217.15,293.3,-21.55,-1616.0,-1816.0,-77287.0,-69287.0,-69628.0
2025-08-08,2025-08-14,4,Friday,09:30,12:00,24584.2,24600,24600,0.064,-0.186,0.523,0.726,8.53,105.65,166.1,271.75,78.5,205.75,284.25,-12.5,-938.0,-1138.0,-48404.0,-40404.0,-40745.0
2025-08-08,2025-08-14,4,Friday,09:30,13:00,24584.2,24600,24600,0.064,-0.186,0.523,0.726,8.53,105.65,166.1,271.75,84.0,191.9,275.9,-4.15,-311.0,-511.0,-21755.0,-13755.0,-14096.0
2025-08-08,2025-08-14,4,Friday,09:30,15:25,24584.2,24600,24600,0.064,-0.186,0.523,0.726,8.53,105.65,166.1,271.75,56.8,263.1,319.9,-48.15,-3611.0,-3811.0,-162181.0,-154181.0,-154521.0
2025-08-08,2025-08-14,4,Friday,10:00,11:00,24543.0,24550,24600,0.232,-0.186,0.523,0.726,8.53,108.3,164.0,272.3,94.5,184.9,279.4,-7.1,-532.0,-732.0,-31170.0,-23170.0,-23511.0
2025-08-08,2025-08-14,4,Friday,10:00,12:00,24543.0,24550,24600,0.232,-0.186,0.523,0.726,8.53,108.3,164.0,272.3,97.7,174.45,272.15,0.15,11.0,-189.0,-8032.0,-32.0,-372.0
2025-08-08,2025-08-14,4,Friday,10:00,13:00,24543.0,24550,24600,0.232,-0.186,0.523,0.726,8.53,108.3,164.0,272.3,104.25,161.75,266.0,6.3,473.0,273.0,11596.0,19596.0,19255.0
2025-08-08,2025-08-14,4,Friday,10:00,15:25,24543.0,24550,24600,0.232,-0.186,0.523,0.726,8.53,108.3,164.0,272.3,70.45,227.75,298.2,-25.9,-1942.0,-2142.0,-91170.0,-83170.0,-83511.0
2025-08-08,2025-08-14,4,Friday,10:30,11:00,24535.4,24550,24600,0.263,-0.186,0.523,0.726,8.53,106.45,169.0,275.45,94.5,184.9,279.4,-3.95,-296.0,-496.0,-21117.0,-13117.0,-13457.0
2025-08-08,2025-08-14,4,Friday,10:30,12:00,24535.4,24550,24600,0.263,-0.186,0.523,0.726,8.53,106.45,169.0,275.45,97.7,174.45,272.15,3.3,248.0,48.0,2021.0,10021.0,9681.0
2025-08-08,2025-08-14,4,Friday,10:30,13:00,24535.4,24550,24600,0.263,-0.186,0.523,0.726,8.53,106.45,169.0,275.45,104.25,161.75,266.0,9.45,709.0,509.0,21649.0,29649.0,29309.0
2025-08-08,2025-08-14,4,Friday,10:30,15:25,24535.4,24550,24600,0.263,-0.186,0.523,0.726,8.53,106.45,169.0,275.45,70.45,227.75,298.2,-22.75,-1706.0,-1906.0,-81117.0,-73117.0,-73457.0
2025-08-22,2025-08-28,4,Friday,09:30,11:00,25000.0,25000,25000,0.0,-0.065,0.546,0.65,10.27,118.75,119.3,238.05,86.9,151.85,238.75,-0.7,-52.0,-252.0,-10745.0,-2745.0,-3085.0
2025-08-22,2025-08-28,4,Friday,09:30,12:00,25000.0,25000,25000,0.0,-0.065,0.546,0.65,10.27,118.75,119.3,238.05,95.25,130.25,225.5,12.55,941.0,741.0,31543.0,39543.0,39202.0
2025-08-22,2025-08-28,4,Friday,09:30,13:00,25000.0,25000,25000,0.0,-0.065,0.546,0.65,10.27,118.75,119.3,238.05,81.5,147.45,228.95,9.1,683.0,483.0,20532.0,28532.0,28191.0
2025-08-22,2025-08-28,4,Friday,09:30,15:25,25000.0,25000,25000,0.0,-0.065,0.546,0.65,10.27,118.75,119.3,238.05,72.0,171.6,243.6,-5.55,-416.0,-616.0,-26223.0,-18223.0,-18564.0
2025-08-22,2025-08-28,4,Friday,10:00,11:00,24973.7,24950,25000,0.105,-0.065,0.546,0.65,10.27,131.4,107.7,239.1,109.25,125.1,234.35,4.75,356.0,156.0,6649.0,14649.0,14309.0
2025-08-22,2025-08-28,4,Friday,10:00,12:00,24973.7,24950,25000,0.105,-0.065,0.546,0.65,10.27,131.4,107.7,239.1,120.0,104.75,224.75,14.35,1076.0,876.0,37287.0,45287.0,44947.0
2025-08-22,2025-08-28,4,Friday,10:00,13:00,24973.7,24950,25000,0.105,-0.065,0.546,0.65,10.27,131.4,107.7,239.1,104.1,119.75,223.85,15.25,1144.0,944.0,40160.0,48160.0,47819.0
2025-08-22,2025-08-28,4,Friday,10:00,15:25,24973.7,24950,25000,0.105,-0.065,0.546,0.65,10.27,131.4,107.7,239.1,91.4,140.7,232.1,7.0,525.0,325.0,13830.0,21830.0,21489.0
2025-08-22,2025-08-28,4,Friday,10:30,11:00,24953.6,24950,25000,0.186,-0.065,0.546,0.65,10.27,117.1,115.5,232.6,109.25,125.1,234.35,-1.75,-131.0,-331.0,-14096.0,-6096.0,-6436.0
2025-08-22,2025-08-28,4,Friday,10:30,12:00,24953.6,24950,25000,0.186,-0.065,0.546,0.65,10.27,117.1,115.5,232.6,120.0,104.75,224.75,7.85,589.0,389.0,16543.0,24543.0,24202.0
2025-08-22,2025-08-28,4,Friday,10:30,13:00,24953.6,24950,25000,0.186,-0.065,0.546,0.65,10.27,117.1,115.5,232.6,104.1,119.75,223.85,8.75,656.0,456.0,19415.0,27415.0,27074.0
2025-08-22,2025-08-28,4,Friday,10:30,15:25,24953.6,24950,25000,0.186,-0.065,0.546,0.65,10.27,117.1,115.5,232.6,91.4,140.7,232.1,0.5,38.0,-162.0,-6915.0,1085.0,745.0
2025-09-03,2025-09-09,4,Wednesday,09:30,11:00,24684.6,24700,24600,0.343,-0.009,0.081,0.322,10.09,82.65,173.7,256.35,72.35,175.45,247.8,8.55,641.0,441.0,18777.0,26777.0,26436.0
2025-09-03,2025-09-09,4,Wednesday,09:30,12:00,24684.6,24700,24600,0.343,-0.009,0.081,0.322,10.09,82.65,173.7,256.35,83.8,150.9,234.7,21.65,1624.0,1424.0,60585.0,68585.0,68245.0
2025-09-03,2025-09-09,4,Wednesday,09:30,13:00,24684.6,24700,24600,0.343,-0.009,0.081,0.322,10.09,82.65,173.7,256.35,80.55,153.3,233.85,22.5,1688.0,1488.0,63298.0,71298.0,70957.0
2025-09-03,2025-09-09,4,Wednesday,09:30,15:25,24684.6,24700,24600,0.343,-0.009,0.081,0.322,10.09,82.65,173.7,256.35,132.55,94.85,227.4,28.95,2171.0,1971.0,83883.0,91883.0,91543.0
2025-09-03,2025-09-09,4,Wednesday,10:00,11:00,24702.1,24700,24600,0.413,-0.009,0.081,0.322,10.09,82.7,164.95,247.65,72.35,175.45,247.8,-0.15,-11.0,-211.0,-8989.0,-989.0,-1330.0
2025-09-03,2025-09-09,4,Wednesday,10:00,12:00,24702.1,24700,24600,0.413,-0.009,0.081,0.322,10.09,82.7,164.95,247.65,83.8,150.9,234.7,12.95,971.0,771.0,32819.0,40819.0,40479.0
2025-09-03,2025-09-09,4,Wednesday,10:00,13:00,24702.1,24700,24600,0.413,-0.009,0.081,0.322,10.09,82.7,164.95,247.65,80.55,153.3,233.85,13.8,1035.0,835.0,35532.0,43532.0,43191.0
2025-09-03,2025-09-09,4,Wednesday,10:00,15:25,24702.1,24700,24600,0.413,-0.009,0.081,0.322,10.09,82.7,164.95,247.65,132.55,94.85,227.4,20.25,1519.0,1319.0,56117.0,64117.0,63777.0
2025-09-03,2025-09-09,4,Wednesday,10:30,11:00,24689.9,24700,24600,0.364,-0.009,0.081,0.322,10.09,78.1,166.3,244.4,72.35,175.45,247.8,-3.4,-255.0,-455.0,-19362.0,-11362.0,-11702.0
2025-09-03,2025-09-09,4,Wednesday,10:30,12:00,24689.9,24700,24600,0.364,-0.009,0.081,0.322,10.09,78.1,166.3,244.4,83.8,150.9,234.7,9.7,728.0,528.0,22447.0,30447.0,30106.0
2025-09-03,2025-09-09,4,Wednesday,10:30,13:00,24689.9,24700,24600,0.364,-0.009,0.081,0.322,10.09,78.1,166.3,244.4,80.55,153.3,233.85,10.55,791.0,591.0,25160.0,33160.0,32819.0
2025-09-03,2025-09-09,4,Wednesday,10:30,15:25,24689.9,24700,24600,0.364,-0.009,0.081,0.322,10.09,78.1,166.3,244.4,132.55,94.85,227.4,17.0,1275.0,1075.0,45745.0,53745.0,53404.0
2025-09-10,2025-09-16,4,Wednesday,09:30,11:00,25060.0,25050,25000,0.239,0.243,0.393,0.475,8.63,95.9,137.85,233.75,118.2,119.75,237.95,-4.2,-315.0,-515.0,-21915.0,-13915.0,-14255.0
2025-09-10,2025-09-16,4,Wednesday,09:30,12:00,25060.0,25050,25000,0.239,0.243,0.393,0.475,8.63,95.9,137.85,233.75,102.1,129.35,231.45,2.3,173.0,-27.0,-1170.0,6830.0,6489.0
2025-09-10,2025-09-16,4,Wednesday,09:30,13:00,25060.0,25050,25000,0.239,0.243,0.393,0.475,8.63,95.9,137.85,233.75,97.0,128.2,225.2,8.55,641.0,441.0,18777.0,26777.0,26436.0
2025-09-10,2025-09-16,4,Wednesday,09:30,15:25,25060.0,25050,25000,0.239,0.243,0.393,0.475,8.63,95.9,137.85,233.75,95.8,120.9,216.7,17.05,1279.0,1079.0,45904.0,53904.0,53564.0
2025-09-10,2025-09-16,4,Wednesday,10:00,11:00,25090.0,25100,25000,0.359,0.243,0.393,0.475,8.63,91.65,155.55,247.2,94.0,145.65,239.65,7.55,566.0,366.0,15585.0,23585.0,23245.0
2025-09-10,2025-09-16,4,Wednesday,10:00,12:00,25090.0,25100,25000,0.359,0.243,0.393,0.475,8.63,91.65,155.55,247.2,80.45,156.9,237.35,9.85,739.0,539.0,22926.0,30926.0,30585.0
2025-09-10,2025-09-16,4,Wednesday,10:00,13:00,25090.0,25100,25000,0.359,0.243,0.393,0.475,8.63,91.65,155.55,247.2,75.3,156.1,231.4,15.8,1185.0,985.0,41915.0,49915.0,49574.0
2025-09-10,2025-09-16,4,Wednesday,10:00,15:25,25090.0,25100,25000,0.359,0.243,0.393,0.475,8.63,91.65,155.55,247.2,73.75,149.25,223.0,24.2,1815.0,1615.0,68723.0,76723.0,76383.0
2025-09-10,2025-09-16,4,Wednesday,10:30,11:00,25111.5,25100,25000,0.444,0.243,0.393,0.475,8.63,101.1,141.4,242.5,94.0,145.65,239.65,2.85,214.0,14.0,585.0,8585.0,8245.0
2025-09-10,2025-09-16,4,Wednesday,10:30,12:00,25111.5,25100,25000,0.444,0.243,0.393,0.475,8.63,101.1,141.4,242.5,80.45,156.9,237.35,5.15,386.0,186.0,7926.0,15926.0,15585.0
2025-09-10,2025-09-16,4,Wednesday,10:30,13:00,25111.5,25100,25000,0.444,0.243,0.393,0.475,8.63,101.1,141.4,242.5,75.3,156.1,231.4,11.1,833.0,633.0,26915.0,34915.0,34574.0
2025-09-10,2025-09-16,4,Wednesday,10:30,15:25,25111.5,25100,25000,0.444,0.243,0.393,0.475,8.63,101.1,141.4,242.5,73.75,149.25,223.0,19.5,1462.0,1262.0,53723.0,61723.0,61383.0
2025-09-17,2025-09-23,4,Wednesday,09:30,11:00,25384.8,25400,25300,0.334,0.055,0.175,0.244,7.64,84.4,135.55,219.95,97.25,107.5,204.75,15.2,1140.0,940.0,40000.0,48000.0,47660.0
2025-09-17,2025-09-23,4,Wednesday,09:30,12:00,25384.8,25400,25300,0.334,0.055,0.175,0.244,7.64,84.4,135.55,219.95,94.05,109.7,203.75,16.2,1215.0,1015.0,43191.0,51191.0,50851.0
2025-09-17,2025-09-23,4,Wednesday,09:30,13:00,25384.8,25400,25300,0.334,0.055,0.175,0.244,7.64,84.4,135.55,219.95,95.55,105.45,201.0,18.95,1421.0,1221.0,51968.0,59968.0,59628.0
2025-09-17,2025-09-23,4,Wednesday,09:30,15:25,25384.8,25400,25300,0.334,0.055,0.175,0.244,7.64,84.4,135.55,219.95,99.0,114.0,213.0,6.95,521.0,321.0,13670.0,21670.0,21330.0
2025-09-17,2025-09-23,4,Wednesday,10:00,11:00,25403.7,25400,25300,0.408,0.055,0.175,0.244,7.64,92.5,122.8,215.3,97.25,107.5,204.75,10.55,791.0,591.0,25160.0,33160.0,32819.0
2025-09-17,2025-09-23,4,Wednesday,10:00,12:00,25403.7,25400,25300,0.408,0.055,0.175,0.244,7.64,92.5,122.8,215.3,94.05,109.7,203.75,11.55,866.0,666.0,28351.0,36351.0,36011.0
2025-09-17,2025-09-23,4,Wednesday,10:00,13:00,25403.7,25400,25300,0.408,0.055,0.175,0.244,7.64,92.5,122.8,215.3,95.55,105.45,201.0,14.3,1073.0,873.0,37128.0,45128.0,44787.0
2025-09-17,2025-09-23,4,Wednesday,10:00,15:25,25403.7,25400,25300,0.408,0.055,0.175,0.244,7.64,92.5,122.8,215.3,99.0,114.0,213.0,2.3,173.0,-27.0,-1170.0,6830.0,6489.0
2025-09-17,2025-09-23,4,Wednesday,10:30,11:00,25415.0,25400,25300,0.452,0.055,0.175,0.244,7.64,92.95,117.0,209.95,97.25,107.5,204.75,5.2,390.0,190.0,8085.0,16085.0,15745.0
2025-09-17,2025-09-23,4,Wednesday,10:30,12:00,25415.0,25400,25300,0.452,0.055,0.175,0.244,7.64,92.95,117.0,209.95,94.05,109.7,203.75,6.2,465.0,265.0,11277.0,19277.0,18936.0
2025-09-17,2025-09-23,4,Wednesday,10:30,13:00,25415.0,25400,25300,0.452,0.055,0.175,0.244,7.64,92.95,117.0,209.95,95.55,105.45,201.0,8.95,671.0,471.0,20053.0,28053.0,27713.0
2025-09-17,2025-09-23,4,Wednesday,10:30,15:25,25415.0,25400,25300,0.452,0.055,0.175,0.244,7.64,92.95,117.0,209.95,99.0,114.0,213.0,-3.05,-229.0,-429.0,-18245.0,-10245.0,-10585.0
2025-10-01,2025-10-07,4,Wednesday,09:30,11:00,24788.1,24800,24600,0.759,0.578,0.134,0.417,7.08,69.2,179.15,248.35,65.45,160.7,226.15,22.2,1665.0,1465.0,62340.0,70340.0,70000.0
2025-10-01,2025-10-07,4,Wednesday,09:30,12:00,24788.1,24800,24600,0.759,0.578,0.134,0.417,7.08,69.2,179.15,248.35,135.4,93.25,228.65,19.7,1478.0,1278.0,54362.0,62362.0,62021.0
2025-10-01,2025-10-07,4,Wednesday,09:30,13:00,24788.1,24800,24600,0.759,0.578,0.134,0.417,7.08,69.2,179.15,248.35,101.7,111.15,212.85,35.5,2662.0,2462.0,104787.0,112787.0,112447.0
2025-10-01,2025-10-07,4,Wednesday,09:30,15:25,24788.1,24800,24600,0.759,0.578,0.134,0.417,7.08,69.2,179.15,248.35,138.25,62.25,200.5,47.85,3589.0,3389.0,144202.0,152202.0,151862.0
2025-10-01,2025-10-07,4,Wednesday,10:00,11:00,24803.0,24800,24600,0.818,0.578,0.134,0.417,7.08,76.85,168.15,245.0,65.45,160.7,226.15,18.85,1414.0,1214.0,51649.0,59649.0,59309.0
2025-10-01,2025-10-07,4,Wednesday,10:00,12:00,24803.0,24800,24600,0.818,0.578,0.134,0.417,7.08,76.85,168.15,245.0,135.4,93.25,228.65,16.35,1226.0,1026.0,43670.0,51670.0,51330.0
2025-10-01,2025-10-07,4,Wednesday,10:00,13:00,24803.0,24800,24600,0.818,0.578,0.134,0.417,7.08,76.85,168.15,245.0,101.7,111.15,212.85,32.15,2411.0,2211.0,94096.0,102096.0,101755.0
2025-10-01,2025-10-07,4,Wednesday,10:00,15:25,24803.0,24800,24600,0.818,0.578,0.134,0.417,7.08,76.85,168.15,245.0,138.25,62.25,200.5,44.5,3338.0,3138.0,133511.0,141511.0,141170.0
2025-10-01,2025-10-07,4,Wednesday,10:30,11:00,24795.3,24800,24600,0.788,0.578,0.134,0.417,7.08,66.7,166.9,233.6,65.45,160.7,226.15,7.45,559.0,359.0,15266.0,23266.0,22926.0
2025-10-01,2025-10-07,4,Wednesday,10:30,12:00,24795.3,24800,24600,0.788,0.578,0.134,0.417,7.08,66.7,166.9,233.6,135.4,93.25,228.65,4.95,371.0,171.0,7287.0,15287.0,14947.0
2025-10-01,2025-10-07,4,Wednesday,10:30,13:00,24795.3,24800,24600,0.788,0.578,0.134,0.417,7.08,66.7,166.9,233.6,101.7,111.15,212.85,20.75,1556.0,1356.0,57713.0,65713.0,65372.0
2025-10-01,2025-10-07,4,Wednesday,10:30,15:25,24795.3,24800,24600,0.788,0.578,0.134,0.417,7.08,66.7,166.9,233.6,138.25,62.25,200.5,33.1,2483.0,2283.0,97128.0,105128.0,104787.0
2025-10-08,2025-10-14,4,Wednesday,09:30,11:00,25270.1,25250,25200,0.277,-0.088,0.056,0.424,9.35,87.9,127.0,214.9,51.5,185.3,236.8,-21.9,-1643.0,-1843.0,-78404.0,-70404.0,-70745.0
2025-10-08,2025-10-14,4,Wednesday,09:30,12:00,25270.1,25250,25200,0.277,-0.088,0.056,0.424,9.35,87.9,127.0,214.9,44.9,216.3,261.2,-46.3,-3472.0,-3672.0,-156277.0,-148277.0,-148617.0
2025-10-08,2025-10-14,4,Wednesday,09:30,13:00,25270.1,25250,25200,0.277,-0.088,0.056,0.424,9.35,87.9,127.0,214.9,53.4,185.35,238.75,-23.85,-1789.0,-1989.0,-84628.0,-76628.0,-76968.0
2025-10-08,2025-10-14,4,Wednesday,09:30,15:25,25270.1,25250,25200,0.277,-0.088,0.056,0.424,9.35,87.9,127.0,214.9,34.35,224.25,258.6,-43.7,-3278.0,-3478.0,-147979.0,-139979.0,-140319.0
2025-10-08,2025-10-14,4,Wednesday,10:00,11:00,25252.5,25250,25200,0.208,-0.088,0.056,0.424,9.35,78.25,135.0,213.25,51.5,185.3,236.8,-23.55,-1766.0,-1966.0,-83670.0,-75670.0,-76011.0
2025-10-08,2025-10-14,4,Wednesday,10:00,12:00,25252.5,25250,25200,0.208,-0.088,0.056,0.424,9.35,78.25,135.0,213.25,44.9,216.3,261.2,-47.95,-3596.0,-3796.0,-161543.0,-153543.0,-153883.0
2025-10-08,2025-10-14,4,Wednesday,10:00,13:00,25252.5,25250,25200,0.208,-0.088,0.056,0.424,9.35,78.25,135.0,213.25,53.4,185.35,238.75,-25.5,-1912.0,-2112.0,-89894.0,-81894.0,-82234.0
2025-10-08,2025-10-14,4,Wednesday,10:00,15:25,25252.5,25250,25200,0.208,-0.088,0.056,0.424,9.35,78.25,135.0,213.25,34.35,224.25,258.6,-45.35,-3401.0,-3601.0,-153245.0,-145245.0,-145585.0
2025-10-08,2025-10-14,4,Wednesday,10:30,11:00,25212.5,25200,25200,0.05,-0.088,0.056,0.424,9.35,81.75,131.1,212.85,68.45,152.2,220.65,-7.8,-585.0,-785.0,-33404.0,-25404.0,-25745.0
2025-10-08,2025-10-14,4,Wednesday,10:30,12:00,25212.5,25200,25200,0.05,-0.088,0.056,0.424,9.35,81.75,131.1,212.85,59.15,181.3,240.45,-27.6,-2070.0,-2270.0,-96596.0,-88596.0,-88936.0
2025-10-08,2025-10-14,4,Wednesday,10:30,13:00,25212.5,25200,25200,0.05,-0.088,0.056,0.424,9.35,81.75,131.1,212.85,70.35,151.75,222.1,-9.25,-694.0,-894.0,-38032.0,-30032.0,-30372.0
2025-10-08,2025-10-14,4,Wednesday,10:30,15:25,25212.5,25200,25200,0.05,-0.088,0.056,0.424,9.35,81.75,131.1,212.85,45.9,185.9,231.8,-18.95,-1421.0,-1621.0,-68989.0,-60989.0,-61330.0
2025-10-29,2025-11-04,4,Wednesday,09:30,11:00,26189.8,26200,26000,0.725,0.733,0.364,0.456,13.24,105.8,215.1,320.9,114.8,190.05,304.85,16.05,1204.0,1004.0,42713.0,50713.0,50372.0
2025-10-29,2025-11-04,4,Wednesday,09:30,12:00,26189.8,26200,26000,0.725,0.733,0.364,0.456,13.24,105.8,215.1,320.9,108.75,186.1,294.85,26.05,1954.0,1754.0,74628.0,82628.0,82287.0
2025-10-29,2025-11-04,4,Wednesday,09:30,13:00,26189.8,26200,26000,0.725,0.733,0.364,0.456,13.24,105.8,215.1,320.9,121.6,160.5,282.1,38.8,2910.0,2710.0,115319.0,123319.0,122979.0
2025-10-29,2025-11-04,4,Wednesday,09:30,15:25,26189.8,26200,26000,0.725,0.733,0.364,0.456,13.24,105.8,215.1,320.9,118.95,173.6,292.55,28.35,2126.0,1926.0,81968.0,89968.0,89628.0
2025-10-29,2025-11-04,4,Wednesday,10:00,11:00,26168.0,26150,26000,0.642,0.733,0.364,0.456,13.24,111.05,197.95,309.0,137.4,162.55,299.95,9.05,679.0,479.0,20372.0,28372.0,28032.0
2025-10-29,2025-11-04,4,Wednesday,10:00,12:00,26168.0,26150,26000,0.642,0.733,0.364,0.456,13.24,111.05,197.95,309.0,130.9,158.1,289.0,20.0,1500.0,1300.0,55319.0,63319.0,62979.0
2025-10-29,2025-11-04,4,Wednesday,10:00,13:00,26168.0,26150,26000,0.642,0.733,0.364,0.456,13.24,111.05,197.95,309.0,146.85,135.1,281.95,27.05,2029.0,1829.0,77819.0,85819.0,85479.0
2025-10-29,2025-11-04,4,Wednesday,10:00,15:25,26168.0,26150,26000,0.642,0.733,0.364,0.456,13.24,111.05,197.95,309.0,142.7,149.0,291.7,17.3,1298.0,1098.0,46702.0,54702.0,54362.0
2025-10-29,2025-11-04,4,Wednesday,10:30,11:00,26229.4,26250,26000,0.875,0.733,0.364,0.456,13.24,97.45,219.3,316.75,95.0,220.0,315.0,1.75,131.0,-69.0,-2926.0,5074.0,4734.0
2025-10-29,2025-11-04,4,Wednesday,10:30,12:00,26229.4,26250,26000,0.875,0.733,0.364,0.456,13.24,97.45,219.3,316.75,89.05,216.2,305.25,11.5,862.0,662.0,28191.0,36191.0,35851.0
2025-10-29,2025-11-04,4,Wednesday,10:30,13:00,26229.4,26250,26000,0.875,0.733,0.364,0.456,13.24,97.45,219.3,316.75,99.95,188.0,287.95,28.8,2160.0,1960.0,83404.0,91404.0,91064.0
2025-10-29,2025-11-04,4,Wednesday,10:30,15:25,26229.4,26250,26000,0.875,0.733,0.364,0.456,13.24,97.45,219.3,316.75,97.35,203.05,300.4,16.35,1226.0,1026.0,43670.0,51670.0,51330.0
2025-11-12,2025-11-18,4,Wednesday,09:30,11:00,25912.3,25900,25800,0.433,0.363,0.037,0.26,13.62,128.9,159.85,288.75,141.0,126.5,267.5,21.25,1594.0,1394.0,59309.0,67309.0,66968.0
2025-11-12,2025-11-18,4,Wednesday,09:30,12:00,25912.3,25900,25800,0.433,0.363,0.037,0.26,13.62,128.9,159.85,288.75,151.3,117.4,268.7,20.05,1504.0,1304.0,55479.0,63479.0,63138.0
2025-11-12,2025-11-18,4,Wednesday,09:30,13:00,25912.3,25900,25800,0.433,0.363,0.037,0.26,13.62,128.9,159.85,288.75,168.05,105.8,273.85,14.9,1117.0,917.0,39043.0,47043.0,46702.0
2025-11-12,2025-11-18,4,Wednesday,09:30,15:25,25912.3,25900,25800,0.433,0.363,0.037,0.26,13.62,128.9,159.85,288.75,148.95,118.05,267.0,21.75,1631.0,1431.0,60904.0,68904.0,68564.0
2025-11-12,2025-11-18,4,Wednesday,10:00,11:00,25944.0,25950,25800,0.555,0.363,0.037,0.26,13.62,112.5,164.0,276.5,114.95,150.7,265.65,10.85,814.0,614.0,26117.0,34117.0,33777.0
2025-11-12,2025-11-18,4,Wednesday,10:00,12:00,25944.0,25950,25800,0.555,0.363,0.037,0.26,13.62,112.5,164.0,276.5,123.8,139.95,263.75,12.75,956.0,756.0,32181.0,40181.0,39840.0
2025-11-12,2025-11-18,4,Wednesday,10:00,13:00,25944.0,25950,25800,0.555,0.363,0.037,0.26,13.62,112.5,164.0,276.5,139.2,126.5,265.7,10.8,810.0,610.0,25957.0,33957.0,33617.0
2025-11-12,2025-11-18,4,Wednesday,10:00,15:25,25944.0,25950,25800,0.555,0.363,0.037,0.26,13.62,112.5,164.0,276.5,122.1,141.05,263.15,13.35,1001.0,801.0,34096.0,42096.0,41755.0
2025-11-12,2025-11-18,4,Wednesday,10:30,11:00,25938.6,25950,25800,0.534,0.363,0.037,0.26,13.62,106.2,166.4,272.6,114.95,150.7,265.65,6.95,521.0,321.0,13670.0,21670.0,21330.0
2025-11-12,2025-11-18,4,Wednesday,10:30,12:00,25938.6,25950,25800,0.534,0.363,0.037,0.26,13.62,106.2,166.4,272.6,123.8,139.95,263.75,8.85,664.0,464.0,19734.0,27734.0,27394.0
2025-11-12,2025-11-18,4,Wednesday,10:30,13:00,25938.6,25950,25800,0.534,0.363,0.037,0.26,13.62,106.2,166.4,272.6,139.2,126.5,265.7,6.9,518.0,318.0,13511.0,21511.0,21170.0
2025-11-12,2025-11-18,4,Wednesday,10:30,15:25,25938.6,25950,25800,0.534,0.363,0.037,0.26,13.62,106.2,166.4,272.6,122.1,141.05,263.15,9.45,709.0,509.0,21649.0,29649.0,29309.0
2025-11-19,2025-11-25,4,Wednesday,09:30,11:00,25938.0,25950,26000,0.239,0.024,0.154,0.438,11.59,141.4,153.5,294.9,153.95,131.75,285.7,9.2,690.0,490.0,20851.0,28851.0,28511.0
2025-11-19,2025-11-25,4,Wednesday,09:30,12:00,25938.0,25950,26000,0.239,0.024,0.154,0.438,11.59,141.4,153.5,294.9,171.0,113.5,284.5,10.4,780.0,580.0,24681.0,32681.0,32340.0
2025-11-19,2025-11-25,4,Wednesday,09:30,13:00,25938.0,25950,26000,0.239,0.024,0.154,0.438,11.59,141.4,153.5,294.9,197.75,103.3,301.05,-6.15,-461.0,-661.0,-28138.0,-20138.0,-20479.0
2025-11-19,2025-11-25,4,Wednesday,09:30,15:25,25938.0,25950,26000,0.239,0.024,0.154,0.438,11.59,141.4,153.5,294.9,212.9,96.4,309.3,-14.4,-1080.0,-1280.0,-54468.0,-46468.0,-46809.0
2025-11-19,2025-11-25,4,Wednesday,10:00,11:00,25948.6,25950,26000,0.198,0.024,0.154,0.438,11.59,144.05,142.15,286.2,153.95,131.75,285.7,0.5,38.0,-162.0,-6915.0,1085.0,745.0
2025-11-19,2025-11-25,4,Wednesday,10:00,12:00,25948.6,25950,26000,0.198,0.024,0.154,0.438,11.59,144.05,142.15,286.2,171.0,113.5,284.5,1.7,128.0,-72.0,-3085.0,4915.0,4574.0
2025-11-19,2025-11-25,4,Wednesday,10:00,13:00,25948.6,25950,26000,0.198,0.024,0.154,0.438,11.59,144.05,142.15,286.2,197.75,103.3,301.05,-14.85,-1114.0,-1314.0,-55904.0,-47904.0,-48245.0
2025-11-19,2025-11-25,4,Wednesday,10:00,15:25,25948.6,25950,26000,0.198,0.024,0.154,0.438,11.59,144.05,142.15,286.2,212.9,96.4,309.3,-23.1,-1732.0,-1932.0,-82234.0,-74234.0,-74574.0
2025-11-19,2025-11-25,4,Wednesday,10:30,11:00,25990.0,26000,26000,0.038,0.024,0.154,0.438,11.59,137.95,145.4,283.35,128.2,156.1,284.3,-0.95,-71.0,-271.0,-11543.0,-3543.0,-3883.0
2025-11-19,2025-11-25,4,Wednesday,10:30,12:00,25990.0,26000,26000,0.038,0.024,0.154,0.438,11.59,137.95,145.4,283.35,142.65,135.35,278.0,5.35,401.0,201.0,8564.0,16564.0,16223.0
2025-11-19,2025-11-25,4,Wednesday,10:30,13:00,25990.0,26000,26000,0.038,0.024,0.154,0.438,11.59,137.95,145.4,283.35,167.45,123.1,290.55,-7.2,-540.0,-740.0,-31489.0,-23489.0,-23830.0
2025-11-19,2025-11-25,4,Wednesday,10:30,15:25,25990.0,26000,26000,0.038,0.024,0.154,0.438,11.59,137.95,145.4,283.35,181.75,114.9,296.65,-13.3,-997.0,-1197.0,-50957.0,-42957.0,-43298.0
2025-11-26,2025-12-02,4,Wednesday,09:30,11:00,26176.9,26200,26000,0.676,0.857,0.617,0.824,9.61,66.7,224.3,291.0,117.45,153.6,271.05,19.95,1496.0,1296.0,55160.0,63160.0,62819.0
2025-11-26,2025-12-02,4,Wednesday,09:30,12:00,26176.9,26200,26000,0.676,0.857,0.617,0.824,9.61,66.7,224.3,291.0,128.35,142.2,270.55,20.45,1534.0,1334.0,56755.0,64755.0,64415.0
2025-11-26,2025-12-02,4,Wednesday,09:30,13:00,26176.9,26200,26000,0.676,0.857,0.617,0.824,9.61,66.7,224.3,291.0,136.0,132.4,268.4,22.6,1695.0,1495.0,63617.0,71617.0,71277.0
2025-11-26,2025-12-02,4,Wednesday,09:30,15:25,26176.9,26200,26000,0.676,0.857,0.617,0.824,9.61,66.7,224.3,291.0,147.7,118.25,265.95,25.05,1879.0,1679.0,71436.0,79436.0,79096.0
2025-11-26,2025-12-02,4,Wednesday,10:00,11:00,26292.0,26300,26000,1.111,0.857,0.617,0.824,9.61,74.1,223.25,297.35,75.35,211.9,287.25,10.1,758.0,558.0,23723.0,31723.0,31383.0
2025-11-26,2025-12-02,4,Wednesday,10:00,12:00,26292.0,26300,26000,1.111,0.857,0.617,0.824,9.61,74.1,223.25,297.35,82.7,196.95,279.65,17.7,1328.0,1128.0,47979.0,55979.0,55638.0
2025-11-26,2025-12-02,4,Wednesday,10:00,13:00,26292.0,26300,26000,1.111,0.857,0.617,0.824,9.61,74.1,223.25,297.35,88.25,184.35,272.6,24.75,1856.0,1656.0,70479.0,78479.0,78138.0
2025-11-26,2025-12-02,4,Wednesday,10:00,15:25,26292.0,26300,26000,1.111,0.857,0.617,0.824,9.61,74.1,223.25,297.35,96.7,166.7,263.4,33.95,2546.0,2346.0,99840.0,107840.0,107500.0
2025-11-26,2025-12-02,4,Wednesday,10:30,11:00,26270.0,26250,26000,1.028,0.857,0.617,0.824,9.61,83.1,203.8,286.9,94.6,180.8,275.4,11.5,862.0,662.0,28191.0,36191.0,35851.0
2025-11-26,2025-12-02,4,Wednesday,10:30,12:00,26270.0,26250,26000,1.028,0.857,0.617,0.824,9.61,83.1,203.8,286.9,104.4,167.95,272.35,14.55,1091.0,891.0,37926.0,45926.0,45585.0
2025-11-26,2025-12-02,4,Wednesday,10:30,13:00,26270.0,26250,26000,1.028,0.857,0.617,0.824,9.61,83.1,203.8,286.9,110.45,156.95,267.4,19.5,1462.0,1262.0,53723.0,61723.0,61383.0
2025-11-26,2025-12-02,4,Wednesday,10:30,15:25,26270.0,26250,26000,1.028,0.857,0.617,0.824,9.61,83.1,203.8,286.9,120.8,141.25,262.05,24.85,1864.0,1664.0,70798.0,78798.0,78457.0
2025-12-03,2025-12-09,4,Wednesday,09:30,11:00,26121.5,26100,26000,0.465,-0.015,0.572,0.653,10.01,94.15,184.9,279.05,74.2,210.2,284.4,-5.35,-401.0,-601.0,-25585.0,-17585.0,-17926.0
2025-12-03,2025-12-09,4,Wednesday,09:30,12:00,26121.5,26100,26000,0.465,-0.015,0.572,0.653,10.01,94.15,184.9,279.05,75.0,204.1,279.1,-0.05,-4.0,-204.0,-8670.0,-670.0,-1011.0
2025-12-03,2025-12-09,4,Wednesday,09:30,13:00,26121.5,26100,26000,0.465,-0.015,0.572,0.653,10.01,94.15,184.9,279.05,73.15,200.2,273.35,5.7,427.0,227.0,9681.0,17681.0,17340.0
2025-12-03,2025-12-09,4,Wednesday,09:30,15:25,26121.5,26100,26000,0.465,-0.015,0.572,0.653,10.01,94.15,184.9,279.05,89.95,163.25,253.2,25.85,1939.0,1739.0,73989.0,81989.0,81649.0
2025-12-03,2025-12-09,4,Wednesday,10:00,11:00,26095.0,26100,26000,0.364,-0.015,0.572,0.653,10.01,83.15,202.5,285.65,74.2,210.2,284.4,1.25,94.0,-106.0,-4521.0,3479.0,3138.0
2025-12-03,2025-12-09,4,Wednesday,10:00,12:00,26095.0,26100,26000,0.364,-0.015,0.572,0.653,10.01,83.15,202.5,285.65,75.0,204.1,279.1,6.55,491.0,291.0,12394.0,20394.0,20053.0
2025-12-03,2025-12-09,4,Wednesday,10:00,13:00,26095.0,26100,26000,0.364,-0.015,0.572,0.653,10.01,83.15,202.5,285.65,73.15,200.2,273.35,12.3,922.0,722.0,30745.0,38745.0,38404.0
2025-12-03,2025-12-09,4,Wednesday,10:00,15:25,26095.0,26100,26000,0.364,-0.015,0.572,0.653,10.01,83.15,202.5,285.65,89.95,163.25,253.2,32.45,2434.0,2234.0,95053.0,103053.0,102713.0
2025-12-03,2025-12-09,4,Wednesday,10:30,11:00,26073.7,26050,26000,0.283,-0.015,0.572,0.653,10.01,92.65,183.5,276.15,92.6,178.5,271.1,5.05,379.0,179.0,7606.0,15606.0,15266.0
2025-12-03,2025-12-09,4,Wednesday,10:30,12:00,26073.7,26050,26000,0.283,-0.015,0.572,0.653,10.01,92.65,183.5,276.15,93.75,172.9,266.65,9.5,712.0,512.0,21809.0,29809.0,29468.0
2025-12-03,2025-12-09,4,Wednesday,10:30,13:00,26073.7,26050,26000,0.283,-0.015,0.572,0.653,10.01,92.65,183.5,276.15,91.55,169.0,260.55,15.6,1170.0,970.0,41277.0,49277.0,48936.0
2025-12-03,2025-12-09,4,Wednesday,10:30,15:25,26073.7,26050,26000,0.283,-0.015,0.572,0.653,10.01,92.65,183.5,276.15,111.75,135.2,246.95,29.2,2190.0,1990.0,84681.0,92681.0,92340.0
2025-12-10,2025-12-16,4,Wednesday,09:30,11:00,25999.5,26000,26000,0.002,-0.295,0.59,0.69,10.8,95.65,170.1,265.75,72.35,209.3,281.65,-15.9,-1192.0,-1392.0,-59255.0,-51255.0,-51596.0
2025-12-10,2025-12-16,4,Wednesday,09:30,12:00,25999.5,26000,26000,0.002,-0.295,0.59,0.69,10.8,95.65,170.1,265.75,69.45,208.0,277.45,-11.7,-877.0,-1077.0,-45851.0,-37851.0,-38191.0
2025-12-10,2025-12-16,4,Wednesday,09:30,13:00,25999.5,26000,26000,0.002,-0.295,0.59,0.69,10.8,95.65,170.1,265.75,58.7,235.6,294.3,-28.55,-2141.0,-2341.0,-99628.0,-91628.0,-91968.0
2025-12-10,2025-12-16,4,Wednesday,09:30,15:25,25999.5,26000,26000,0.002,-0.295,0.59,0.69,10.8,95.65,170.1,265.75,53.15,257.8,310.95,-45.2,-3390.0,-3590.0,-152766.0,-144766.0,-145106.0
2025-12-10,2025-12-16,4,Wednesday,10:00,11:00,25995.3,26000,26000,0.018,-0.295,0.59,0.69,10.8,91.9,166.95,258.85,72.35,209.3,281.65,-22.8,-1710.0,-1910.0,-81277.0,-73277.0,-73617.0
2025-12-10,2025-12-16,4,Wednesday,10:00,12:00,25995.3,26000,26000,0.018,-0.295,0.59,0.69,10.8,91.9,166.95,258.85,69.45,208.0,277.45,-18.6,-1395.0,-1595.0,-67872.0,-59872.0,-60213.0
2025-12-10,2025-12-16,4,Wednesday,10:00,13:00,25995.3,26000,26000,0.018,-0.295,0.59,0.69,10.8,91.9,166.95,258.85,58.7,235.6,294.3,-35.45,-2659.0,-2859.0,-121649.0,-113649.0,-113989.0
2025-12-10,2025-12-16,4,Wednesday,10:00,15:25,25995.3,26000,26000,0.018,-0.295,0.59,0.69,10.8,91.9,166.95,258.85,53.15,257.8,310.95,-52.1,-3907.0,-4107.0,-174787.0,-166787.0,-167128.0
2025-12-10,2025-12-16,4,Wednesday,10:30,11:00,26039.8,26050,26000,0.153,-0.295,0.59,0.69,10.8,85.35,171.1,256.45,57.05,243.75,300.8,-44.35,-3326.0,-3526.0,-150053.0,-142053.0,-142394.0
2025-12-10,2025-12-16,4,Wednesday,10:30,12:00,26039.8,26050,26000,0.153,-0.295,0.59,0.69,10.8,85.35,171.1,256.45,54.3,242.85,297.15,-40.7,-3052.0,-3252.0,-138404.0,-130404.0,-130745.0
2025-12-10,2025-12-16,4,Wednesday,10:30,13:00,26039.8,26050,26000,0.153,-0.295,0.59,0.69,10.8,85.35,171.1,256.45,45.75,270.55,316.3,-59.85,-4489.0,-4689.0,-199521.0,-191521.0,-191862.0
2025-12-10,2025-12-16,4,Wednesday,10:30,15:25,26039.8,26050,26000,0.153,-0.295,0.59,0.69,10.8,85.35,171.1,256.45,42.1,295.65,337.75,-81.3,-6098.0,-6298.0,-267979.0,-259979.0,-260319.0
2025-12-17,2025-12-23,4,Wednesday,09:30,11:00,25970.0,25950,25900,0.27,-0.027,0.143,0.479,10.29,115.9,132.1,248.0,81.15,172.7,253.85,-5.85,-439.0,-639.0,-27181.0,-19181.0,-19521.0
2025-12-17,2025-12-23,4,Wednesday,09:30,12:00,25970.0,25950,25900,0.27,-0.027,0.143,0.479,10.29,115.9,132.1,248.0,77.3,173.25,250.55,-2.55,-191.0,-391.0,-16649.0,-8649.0,-8989.0
2025-12-17,2025-12-23,4,Wednesday,09:30,13:00,25970.0,25950,25900,0.27,-0.027,0.143,0.479,10.29,115.9,132.1,248.0,66.75,189.75,256.5,-8.5,-638.0,-838.0,-35638.0,-27638.0,-27979.0
2025-12-17,2025-12-23,4,Wednesday,09:30,15:25,25970.0,25950,25900,0.27,-0.027,0.143,0.479,10.29,115.9,132.1,248.0,79.5,161.6,241.1,6.9,518.0,318.0,13511.0,21511.0,21170.0
2025-12-17,2025-12-23,4,Wednesday,10:00,11:00,25936.0,25950,25900,0.139,-0.027,0.143,0.479,10.29,97.1,153.0,250.1,81.15,172.7,253.85,-3.75,-281.0,-481.0,-20479.0,-12479.0,-12819.0
2025-12-17,2025-12-23,4,Wednesday,10:00,12:00,25936.0,25950,25900,0.139,-0.027,0.143,0.479,10.29,97.1,153.0,250.1,77.3,173.25,250.55,-0.45,-34.0,-234.0,-9947.0,-1947.0,-2287.0
2025-12-17,2025-12-23,4,Wednesday,10:00,13:00,25936.0,25950,25900,0.139,-0.027,0.143,0.479,10.29,97.1,153.0,250.1,66.75,189.75,256.5,-6.4,-480.0,-680.0,-28936.0,-20936.0,-21277.0
2025-12-17,2025-12-23,4,Wednesday,10:00,15:25,25936.0,25950,25900,0.139,-0.027,0.143,0.479,10.29,97.1,153.0,250.1,79.5,161.6,241.1,9.0,675.0,475.0,20213.0,28213.0,27872.0
2025-12-17,2025-12-23,4,Wednesday,10:30,11:00,25890.0,25900,25900,0.039,-0.027,0.143,0.479,10.29,100.6,150.3,250.9,102.15,143.95,246.1,4.8,360.0,160.0,6809.0,14809.0,14468.0
2025-12-17,2025-12-23,4,Wednesday,10:30,12:00,25890.0,25900,25900,0.039,-0.027,0.143,0.479,10.29,100.6,150.3,250.9,97.6,143.25,240.85,10.05,754.0,554.0,23564.0,31564.0,31223.0
2025-12-17,2025-12-23,4,Wednesday,10:30,13:00,25890.0,25900,25900,0.039,-0.027,0.143,0.479,10.29,100.6,150.3,250.9,84.9,157.7,242.6,8.3,623.0,423.0,17979.0,25979.0,25638.0
2025-12-17,2025-12-23,4,Wednesday,10:30,15:25,25890.0,25900,25900,0.039,-0.027,0.143,0.479,10.29,100.6,150.3,250.9,99.9,132.45,232.35,18.55,1391.0,1191.0,50691.0,58691.0,58351.0
2025-12-31,2026-01-06,4,Wednesday,09:30,11:00,26175.1,26200,26000,0.669,0.8,0.148,0.218,7.53,48.2,185.35,233.55,55.35,157.9,213.25,20.3,1523.0,1323.0,56277.0,64277.0,63936.0
2025-12-31,2026-01-06,4,Wednesday,09:30,12:00,26175.1,26200,26000,0.669,0.8,0.148,0.218,7.53,48.2,185.35,233.55,56.3,147.0,203.3,30.25,2269.0,2069.0,88032.0,96032.0,95691.0
2025-12-31,2026-01-06,4,Wednesday,09:30,13:00,26175.1,26200,26000,0.669,0.8,0.148,0.218,7.53,48.2,185.35,233.55,99.4,109.5,208.9,24.65,1849.0,1649.0,70160.0,78160.0,77819.0
2025-12-31,2026-01-06,4,Wednesday,09:30,15:25,26175.1,26200,26000,0.669,0.8,0.148,0.218,7.53,48.2,185.35,233.55,86.4,112.45,198.85,34.7,2602.0,2402.0,102234.0,110234.0,109894.0
2025-12-31,2026-01-06,4,Wednesday,10:00,11:00,26141.0,26150,26000,0.539,0.8,0.148,0.218,7.53,50.6,173.1,223.7,74.8,127.15,201.95,21.75,1631.0,1431.0,60904.0,68904.0,68564.0
2025-12-31,2026-01-06,4,Wednesday,10:00,12:00,26141.0,26150,26000,0.539,0.8,0.148,0.218,7.53,50.6,173.1,223.7,76.5,117.6,194.1,29.6,2220.0,2020.0,85957.0,93957.0,93617.0
2025-12-31,2026-01-06,4,Wednesday,10:00,13:00,26141.0,26150,26000,0.539,0.8,0.148,0.218,7.53,50.6,173.1,223.7,127.2,86.6,213.8,9.9,742.0,542.0,23085.0,31085.0,30745.0
2025-12-31,2026-01-06,4,Wednesday,10:00,15:25,26141.0,26150,26000,0.539,0.8,0.148,0.218,7.53,50.6,173.1,223.7,112.75,89.0,201.75,21.95,1646.0,1446.0,61543.0,69543.0,69202.0
2025-12-31,2026-01-06,4,Wednesday,10:30,11:00,26190.5,26200,26000,0.727,0.8,0.148,0.218,7.53,45.65,178.4,224.05,55.35,157.9,213.25,10.8,810.0,610.0,25957.0,33957.0,33617.0
2025-12-31,2026-01-06,4,Wednesday,10:30,12:00,26190.5,26200,26000,0.727,0.8,0.148,0.218,7.53,45.65,178.4,224.05,56.3,147.0,203.3,20.75,1556.0,1356.0,57713.0,65713.0,65372.0
2025-12-31,2026-01-06,4,Wednesday,10:30,13:00,26190.5,26200,26000,0.727,0.8,0.148,0.218,7.53,45.65,178.4,224.05,99.4,109.5,208.9,15.15,1136.0,936.0,39840.0,47840.0,47500.0
2025-12-31,2026-01-06,4,Wednesday,10:30,15:25,26190.5,26200,26000,0.727,0.8,0.148,0.218,7.53,45.65,178.4,224.05,86.4,112.45,198.85,25.2,1890.0,1690.0,71915.0,79915.0,79574.0
2026-01-07,2026-01-13,4,Wednesday,09:30,11:00,26232.0,26250,26200,0.122,-0.179,0.039,0.366,8.47,64.4,159.55,223.95,75.65,130.65,206.3,17.65,1324.0,1124.0,47819.0,55819.0,55479.0
2026-01-07,2026-01-13,4,Wednesday,09:30,12:00,26232.0,26250,26200,0.122,-0.179,0.039,0.366,8.47,64.4,159.55,223.95,60.35,154.05,214.4,9.55,716.0,516.0,21968.0,29968.0,29628.0
2026-01-07,2026-01-13,4,Wednesday,09:30,13:00,26232.0,26250,26200,0.122,-0.179,0.039,0.366,8.47,64.4,159.55,223.95,50.0,167.65,217.65,6.3,473.0,273.0,11596.0,19596.0,19255.0
2026-01-07,2026-01-13,4,Wednesday,09:30,15:25,26232.0,26250,26200,0.122,-0.179,0.039,0.366,8.47,64.4,159.55,223.95,58.25,146.5,204.75,19.2,1440.0,1240.0,52766.0,60766.0,60426.0
2026-01-07,2026-01-13,4,Wednesday,10:00,11:00,26250.0,26250,26200,0.19,-0.179,0.039,0.366,8.47,67.0,150.0,217.0,75.65,130.65,206.3,10.7,802.0,602.0,25638.0,33638.0,33298.0
2026-01-07,2026-01-13,4,Wednesday,10:00,12:00,26250.0,26250,26200,0.19,-0.179,0.039,0.366,8.47,67.0,150.0,217.0,60.35,154.05,214.4,2.6,195.0,-5.0,-213.0,7787.0,7447.0
2026-01-07,2026-01-13,4,Wednesday,10:00,13:00,26250.0,26250,26200,0.19,-0.179,0.039,0.366,8.47,67.0,150.0,217.0,50.0,167.65,217.65,-0.65,-49.0,-249.0,-10585.0,-2585.0,-2926.0
2026-01-07,2026-01-13,4,Wednesday,10:00,15:25,26250.0,26250,26200,0.19,-0.179,0.039,0.366,8.47,67.0,150.0,217.0,58.25,146.5,204.75,12.25,919.0,719.0,30585.0,38585.0,38245.0
2026-01-07,2026-01-13,4,Wednesday,10:30,11:00,26244.0,26250,26200,0.168,-0.179,0.039,0.366,8.47,65.35,151.35,216.7,75.65,130.65,206.3,10.4,780.0,580.0,24681.0,32681.0,32340.0
2026-01-07,2026-01-13,4,Wednesday,10:30,12:00,26244.0,26250,26200,0.168,-0.179,0.039,0.366,8.47,65.35,151.35,216.7,60.35,154.05,214.4,2.3,172.0,-28.0,-1170.0,6830.0,6489.0
2026-01-07,2026-01-13,4,Wednesday,10:30,13:00,26244.0,26250,26200,0.168,-0.179,0.039,0.366,8.47,65.35,151.35,216.7,50.0,167.65,217.65,-0.95,-71.0,-271.0,-11543.0,-3543.0,-3883.0
2026-01-07,2026-01-13,4,Wednesday,10:30,15:25,26244.0,26250,26200,0.168,-0.179,0.039,0.366,8.47,65.35,151.35,216.7,58.25,146.5,204.75,11.95,896.0,696.0,29628.0,37628.0,37287.0
2026-01-14,2026-01-20,4,Wednesday,09:30,11:00,25806.8,25800,25700,0.414,-0.118,0.025,0.511,9.14,114.7,154.15,268.85,106.35,151.6,257.95,10.9,818.0,618.0,26277.0,34277.0,33936.0
2026-01-14,2026-01-20,4,Wednesday,09:30,12:00,25806.8,25800,25700,0.414,-0.118,0.025,0.511,9.14,114.7,154.15,268.85,123.7,127.8,251.5,17.35,1301.0,1101.0,46862.0,54862.0,54521.0
2026-01-14,2026-01-20,4,Wednesday,09:30,13:00,25806.8,25800,25700,0.414,-0.118,0.025,0.511,9.14,114.7,154.15,268.85,104.35,137.55,241.9,26.95,2021.0,1821.0,77500.0,85500.0,85160.0
2026-01-14,2026-01-20,4,Wednesday,09:30,15:25,25806.8,25800,25700,0.414,-0.118,0.025,0.511,9.14,114.7,154.15,268.85,80.35,185.55,265.9,2.95,221.0,21.0,904.0,8904.0,8564.0
2026-01-14,2026-01-20,4,Wednesday,10:00,11:00,25793.7,25800,25700,0.363,-0.118,0.025,0.511,9.14,110.85,150.8,261.65,106.35,151.6,257.95,3.7,277.0,77.0,3298.0,11298.0,10957.0
2026-01-14,2026-01-20,4,Wednesday,10:00,12:00,25793.7,25800,25700,0.363,-0.118,0.025,0.511,9.14,110.85,150.8,261.65,123.7,127.8,251.5,10.15,761.0,561.0,23883.0,31883.0,31543.0
2026-01-14,2026-01-20,4,Wednesday,10:00,13:00,25793.7,25800,25700,0.363,-0.118,0.025,0.511,9.14,110.85,150.8,261.65,104.35,137.55,241.9,19.75,1481.0,1281.0,54521.0,62521.0,62181.0
2026-01-14,2026-01-20,4,Wednesday,10:00,15:25,25793.7,25800,25700,0.363,-0.118,0.025,0.511,9.14,110.85,150.8,261.65,80.35,185.55,265.9,-4.25,-319.0,-519.0,-22074.0,-14074.0,-14415.0
2026-01-14,2026-01-20,4,Wednesday,10:30,11:00,25735.7,25750,25700,0.139,-0.118,0.025,0.511,9.14,104.4,158.75,263.15,131.4,125.65,257.05,6.1,457.0,257.0,10957.0,18957.0,18617.0
2026-01-14,2026-01-20,4,Wednesday,10:30,12:00,25735.7,25750,25700,0.139,-0.118,0.025,0.511,9.14,104.4,158.75,263.15,151.35,105.05,256.4,6.75,506.0,306.0,13032.0,21032.0,20691.0
2026-01-14,2026-01-20,4,Wednesday,10:30,13:00,25735.7,25750,25700,0.139,-0.118,0.025,0.511,9.14,104.4,158.75,263.15,129.85,112.8,242.65,20.5,1538.0,1338.0,56915.0,64915.0,64574.0
2026-01-14,2026-01-20,4,Wednesday,10:30,15:25,25735.7,25750,25700,0.139,-0.118,0.025,0.511,9.14,104.4,158.75,263.15,99.75,154.3,254.05,9.1,682.0,482.0,20532.0,28532.0,28191.0
2026-01-21,2026-01-27,4,Wednesday,09:30,11:00,25293.7,25300,26000,2.792,-0.125,0.367,0.768,9.53,148.5,153.9,302.4,67.85,336.05,403.9,-101.5,-7612.0,-7812.0,-332447.0,-324447.0,-324787.0
2026-01-21,2026-01-27,4,Wednesday,09:30,12:00,25293.7,25300,26000,2.792,-0.125,0.367,0.768,9.53,148.5,153.9,302.4,83.15,272.1,355.25,-52.85,-3964.0,-4164.0,-177181.0,-169181.0,-169521.0
2026-01-21,2026-01-27,4,Wednesday,09:30,13:00,25293.7,25300,26000,2.792,-0.125,0.367,0.768,9.53,148.5,153.9,302.4,178.35,153.9,332.25,-29.85,-2239.0,-2439.0,-103777.0,-95777.0,-96117.0
2026-01-21,2026-01-27,4,Wednesday,09:30,15:25,25293.7,25300,26000,2.792,-0.125,0.367,0.768,9.53,148.5,153.9,302.4,90.85,229.0,319.85,-17.45,-1309.0,-1509.0,-64202.0,-56202.0,-56543.0
2026-01-21,2026-01-27,4,Wednesday,10:00,11:00,25202.5,25200,26000,3.164,-0.125,0.367,0.768,9.53,149.5,150.2,299.7,97.8,267.75,365.55,-65.85,-4939.0,-5139.0,-218670.0,-210670.0,-211011.0
2026-01-21,2026-01-27,4,Wednesday,10:00,12:00,25202.5,25200,26000,3.164,-0.125,0.367,0.768,9.53,149.5,150.2,299.7,120.35,209.6,329.95,-30.25,-2269.0,-2469.0,-105053.0,-97053.0,-97394.0
2026-01-21,2026-01-27,4,Wednesday,10:00,13:00,25202.5,25200,26000,3.164,-0.125,0.367,0.768,9.53,149.5,150.2,299.7,239.75,117.15,356.9,-57.2,-4290.0,-4490.0,-191064.0,-183064.0,-183404.0
2026-01-21,2026-01-27,4,Wednesday,10:00,15:25,25202.5,25200,26000,3.164,-0.125,0.367,0.768,9.53,149.5,150.2,299.7,132.9,172.25,305.15,-5.45,-409.0,-609.0,-25904.0,-17904.0,-18245.0
2026-01-21,2026-01-27,4,Wednesday,10:30,11:00,25146.0,25150,26000,3.396,-0.125,0.367,0.768,9.53,148.55,156.45,305.0,116.9,235.45,352.35,-47.35,-3551.0,-3751.0,-159628.0,-151628.0,-151968.0
2026-01-21,2026-01-27,4,Wednesday,10:30,12:00,25146.0,25150,26000,3.396,-0.125,0.367,0.768,9.53,148.55,156.45,305.0,143.35,182.7,326.05,-21.05,-1579.0,-1779.0,-75691.0,-67691.0,-68032.0
2026-01-21,2026-01-27,4,Wednesday,10:30,13:00,25146.0,25150,26000,3.396,-0.125,0.367,0.768,9.53,148.55,156.45,305.0,275.3,101.75,377.05,-72.05,-5404.0,-5604.0,-238457.0,-230457.0,-230798.0
2026-01-21,2026-01-27,4,Wednesday,10:30,15:25,25146.0,25150,26000,3.396,-0.125,0.367,0.768,9.53,148.55,156.45,305.0,159.1,148.45,307.55,-2.55,-191.0,-391.0,-16649.0,-8649.0,-8989.0
2026-01-28,2026-02-03,4,Wednesday,09:30,11:00,25476.0,25500,25300,0.691,0.031,0.315,0.587,12.13,183.2,294.8,478.0,149.8,320.0,469.8,8.2,615.0,415.0,17660.0,25660.0,25319.0
2026-01-28,2026-02-03,4,Wednesday,09:30,12:00,25476.0,25500,25300,0.691,0.031,0.315,0.587,12.13,183.2,294.8,478.0,152.5,287.1,439.6,38.4,2880.0,2680.0,114043.0,122043.0,121702.0
2026-01-28,2026-02-03,4,Wednesday,09:30,13:00,25476.0,25500,25300,0.691,0.031,0.315,0.587,12.13,183.2,294.8,478.0,122.65,329.1,451.75,26.25,1969.0,1769.0,75266.0,83266.0,82926.0
2026-01-28,2026-02-03,4,Wednesday,09:30,15:25,25476.0,25500,25300,0.691,0.031,0.315,0.587,12.13,183.2,294.8,478.0,149.35,275.3,424.65,53.35,4001.0,3801.0,161755.0,169755.0,169415.0
2026-01-28,2026-02-03,4,Wednesday,10:00,11:00,25429.3,25450,25300,0.508,0.031,0.315,0.587,12.13,177.75,287.4,465.15,170.35,289.55,459.9,5.25,394.0,194.0,8245.0,16245.0,15904.0
2026-01-28,2026-02-03,4,Wednesday,10:00,12:00,25429.3,25450,25300,0.508,0.031,0.315,0.587,12.13,177.75,287.4,465.15,174.0,259.5,433.5,31.65,2374.0,2174.0,92500.0,100500.0,100160.0
2026-01-28,2026-02-03,4,Wednesday,10:00,13:00,25429.3,25450,25300,0.508,0.031,0.315,0.587,12.13,177.75,287.4,465.15,140.8,297.7,438.5,26.65,1999.0,1799.0,76543.0,84543.0,84202.0
2026-01-28,2026-02-03,4,Wednesday,10:00,15:25,25429.3,25450,25300,0.508,0.031,0.315,0.587,12.13,177.75,287.4,465.15,171.35,246.55,417.9,47.25,3544.0,3344.0,142287.0,150287.0,149947.0
2026-01-28,2026-02-03,4,Wednesday,10:30,11:00,25350.3,25350,25300,0.198,0.031,0.315,0.587,12.13,189.3,276.5,465.8,217.15,237.75,454.9,10.9,818.0,618.0,26277.0,34277.0,33936.0
2026-01-28,2026-02-03,4,Wednesday,10:30,12:00,25350.3,25350,25300,0.198,0.031,0.315,0.587,12.13,189.3,276.5,465.8,223.95,209.6,433.55,32.25,2419.0,2219.0,94415.0,102415.0,102074.0
2026-01-28,2026-02-03,4,Wednesday,10:30,13:00,25350.3,25350,25300,0.198,0.031,0.315,0.587,12.13,189.3,276.5,465.8,184.15,241.35,425.5,40.3,3023.0,2823.0,120106.0,128106.0,127766.0
2026-01-28,2026-02-03,4,Wednesday,10:30,15:25,25350.3,25350,25300,0.198,0.031,0.315,0.587,12.13,189.3,276.5,465.8,221.05,197.15,418.2,47.6,3570.0,3370.0,143404.0,151404.0,151064.0
2026-02-04,2026-02-10,4,Wednesday,09:30,11:00,25829.0,25850,25800,0.112,-0.339,0.298,0.623,15.06,142.7,219.15,361.85,123.85,214.75,338.6,23.25,1744.0,1544.0,65691.0,73691.0,73351.0
2026-02-04,2026-02-10,4,Wednesday,09:30,12:00,25829.0,25850,25800,0.112,-0.339,0.298,0.623,15.06,142.7,219.15,361.85,115.8,214.4,330.2,31.65,2374.0,2174.0,92500.0,100500.0,100160.0
2026-02-04,2026-02-10,4,Wednesday,09:30,13:00,25829.0,25850,25800,0.112,-0.339,0.298,0.623,15.06,142.7,219.15,361.85,101.75,222.1,323.85,38.0,2850.0,2650.0,112766.0,120766.0,120426.0
2026-02-04,2026-02-10,4,Wednesday,09:30,15:25,25829.0,25850,25800,0.112,-0.339,0.298,0.623,15.06,142.7,219.15,361.85,125.6,201.8,327.4,34.45,2584.0,2384.0,101436.0,109436.0,109096.0
2026-02-04,2026-02-10,4,Wednesday,10:00,11:00,25846.0,25850,25800,0.178,-0.339,0.298,0.623,15.06,145.85,202.35,348.2,123.85,214.75,338.6,9.6,720.0,520.0,22128.0,30128.0,29787.0
2026-02-04,2026-02-10,4,Wednesday,10:00,12:00,25846.0,25850,25800,0.178,-0.339,0.298,0.623,15.06,145.85,202.35,348.2,115.8,214.4,330.2,18.0,1350.0,1150.0,48936.0,56936.0,56596.0
2026-02-04,2026-02-10,4,Wednesday,10:00,13:00,25846.0,25850,25800,0.178,-0.339,0.298,0.623,15.06,145.85,202.35,348.2,101.75,222.1,323.85,24.35,1826.0,1626.0,69202.0,77202.0,76862.0
2026-02-04,2026-02-10,4,Wednesday,10:00,15:25,25846.0,25850,25800,0.178,-0.339,0.298,0.623,15.06,145.85,202.35,348.2,125.6,201.8,327.4,20.8,1560.0,1360.0,57872.0,65872.0,65532.0
2026-02-04,2026-02-10,4,Wednesday,10:30,11:00,25818.2,25800,25800,0.07,-0.339,0.298,0.623,15.06,149.05,193.7,342.75,145.85,187.1,332.95,9.8,735.0,535.0,22766.0,30766.0,30426.0
2026-02-04,2026-02-10,4,Wednesday,10:30,12:00,25818.2,25800,25800,0.07,-0.339,0.298,0.623,15.06,149.05,193.7,342.75,137.2,186.3,323.5,19.25,1444.0,1244.0,52926.0,60926.0,60585.0
2026-02-04,2026-02-10,4,Wednesday,10:30,13:00,25818.2,25800,25800,0.07,-0.339,0.298,0.623,15.06,149.05,193.7,342.75,122.6,192.3,314.9,27.85,2089.0,1889.0,80372.0,88372.0,88032.0
2026-02-04,2026-02-10,4,Wednesday,10:30,15:25,25818.2,25800,25800,0.07,-0.339,0.298,0.623,15.06,149.05,193.7,342.75,148.05,173.75,321.8,20.95,1571.0,1371.0,58351.0,66351.0,66011.0
2026-02-11,2026-02-17,4,Wednesday,09:30,11:00,26045.0,26050,26000,0.173,0.311,0.082,0.336,14.9,104.25,140.0,244.25,93.7,150.65,244.35,-0.1,-8.0,-208.0,-8830.0,-830.0,-1170.0
2026-02-11,2026-02-17,4,Wednesday,09:30,12:00,26045.0,26050,26000,0.173,0.311,0.082,0.336,14.9,104.25,140.0,244.25,83.25,157.25,240.5,3.75,281.0,81.0,3457.0,11457.0,11117.0
2026-02-11,2026-02-17,4,Wednesday,09:30,13:00,26045.0,26050,26000,0.173,0.311,0.082,0.336,14.9,104.25,140.0,244.25,74.95,171.05,246.0,-1.75,-131.0,-331.0,-14096.0,-6096.0,-6436.0
2026-02-11,2026-02-17,4,Wednesday,09:30,15:25,26045.0,26050,26000,0.173,0.311,0.082,0.336,14.9,104.25,140.0,244.25,84.3,165.35,249.65,-5.4,-405.0,-605.0,-25745.0,-17745.0,-18085.0
2026-02-11,2026-02-17,4,Wednesday,10:00,11:00,25995.8,26000,26000,0.016,0.311,0.082,0.336,14.9,111.15,143.35,254.5,117.85,124.65,242.5,12.0,900.0,700.0,29787.0,37787.0,37447.0
2026-02-11,2026-02-17,4,Wednesday,10:00,12:00,25995.8,26000,26000,0.016,0.311,0.082,0.336,14.9,111.15,143.35,254.5,106.35,130.15,236.5,18.0,1350.0,1150.0,48936.0,56936.0,56596.0
2026-02-11,2026-02-17,4,Wednesday,10:00,13:00,25995.8,26000,26000,0.016,0.311,0.082,0.336,14.9,111.15,143.35,254.5,96.4,142.45,238.85,15.65,1174.0,974.0,41436.0,49436.0,49096.0
2026-02-11,2026-02-17,4,Wednesday,10:00,15:25,25995.8,26000,26000,0.016,0.311,0.082,0.336,14.9,111.15,143.35,254.5,106.15,137.7,243.85,10.65,799.0,599.0,25479.0,33479.0,33138.0
2026-02-11,2026-02-17,4,Wednesday,10:30,11:00,26025.0,26000,26000,0.096,0.311,0.082,0.336,14.9,121.7,124.15,245.85,117.85,124.65,242.5,3.35,251.0,51.0,2181.0,10181.0,9840.0
2026-02-11,2026-02-17,4,Wednesday,10:30,12:00,26025.0,26000,26000,0.096,0.311,0.082,0.336,14.9,121.7,124.15,245.85,106.35,130.15,236.5,9.35,701.0,501.0,21330.0,29330.0,28989.0
2026-02-11,2026-02-17,4,Wednesday,10:30,13:00,26025.0,26000,26000,0.096,0.311,0.082,0.336,14.9,121.7,124.15,245.85,96.4,142.45,238.85,7.0,525.0,325.0,13830.0,21830.0,21489.0
2026-02-11,2026-02-17,4,Wednesday,10:30,15:25,26025.0,26000,26000,0.096,0.311,0.082,0.336,14.9,121.7,124.15,245.85,106.15,137.7,243.85,2.0,150.0,-50.0,-2128.0,5872.0,5532.0
2026-02-18,2026-02-24,4,Wednesday,09:30,11:00,25736.0,25750,25700,0.14,0.062,0.264,0.427,15.04,128.35,140.35,268.7,120.75,150.15,270.9,-2.2,-165.0,-365.0,-15532.0,-7532.0,-7872.0
2026-02-18,2026-02-24,4,Wednesday,09:30,12:00,25736.0,25750,25700,0.14,0.062,0.264,0.427,15.04,128.35,140.35,268.7,115.5,146.0,261.5,7.2,540.0,340.0,14468.0,22468.0,22128.0
2026-02-18,2026-02-24,4,Wednesday,09:30,13:00,25736.0,25750,25700,0.14,0.062,0.264,0.427,15.04,128.35,140.35,268.7,129.65,125.95,255.6,13.1,982.0,782.0,33298.0,41298.0,40957.0
2026-02-18,2026-02-24,4,Wednesday,09:30,15:25,25736.0,25750,25700,0.14,0.062,0.264,0.427,15.04,128.35,140.35,268.7,177.0,100.2,277.2,-8.5,-638.0,-838.0,-35638.0,-27638.0,-27979.0
2026-02-18,2026-02-24,4,Wednesday,10:00,11:00,25672.2,25650,25700,0.108,0.062,0.264,0.427,15.04,155.8,130.25,286.05,175.1,105.0,280.1,5.95,446.0,246.0,10479.0,18479.0,18138.0
2026-02-18,2026-02-24,4,Wednesday,10:00,12:00,25672.2,25650,25700,0.108,0.062,0.264,0.427,15.04,155.8,130.25,286.05,169.95,100.9,270.85,15.2,1140.0,940.0,40000.0,48000.0,47660.0
2026-02-18,2026-02-24,4,Wednesday,10:00,13:00,25672.2,25650,25700,0.108,0.062,0.264,0.427,15.04,155.8,130.25,286.05,189.7,86.15,275.85,10.2,765.0,565.0,24043.0,32043.0,31702.0
2026-02-18,2026-02-24,4,Wednesday,10:00,15:25,25672.2,25650,25700,0.108,0.062,0.264,0.427,15.04,155.8,130.25,286.05,246.5,70.3,316.8,-30.75,-2306.0,-2506.0,-106649.0,-98649.0,-98989.0
2026-02-18,2026-02-24,4,Wednesday,10:30,11:00,25677.1,25700,25700,0.089,0.062,0.264,0.427,15.04,130.6,149.2,279.8,146.55,126.1,272.65,7.15,536.0,336.0,14309.0,22309.0,21968.0
2026-02-18,2026-02-24,4,Wednesday,10:30,12:00,25677.1,25700,25700,0.089,0.062,0.264,0.427,15.04,130.6,149.2,279.8,141.0,122.1,263.1,16.7,1252.0,1052.0,44787.0,52787.0,52447.0
2026-02-18,2026-02-24,4,Wednesday,10:30,13:00,25677.1,25700,25700,0.089,0.062,0.264,0.427,15.04,130.6,149.2,279.8,157.85,104.3,262.15,17.65,1324.0,1124.0,47819.0,55819.0,55479.0
2026-02-18,2026-02-24,4,Wednesday,10:30,15:25,25677.1,25700,25700,0.089,0.062,0.264,0.427,15.04,130.6,149.2,279.8,210.5,83.7,294.2,-14.4,-1080.0,-1280.0,-54468.0,-46468.0,-46809.0
2026-03-04,2026-03-10,4,Wednesday,09:30,11:00,24482.0,24500,24400,0.335,-2.153,0.368,0.573,12.93,248.65,368.4,617.05,261.5,352.8,614.3,2.75,206.0,6.0,266.0,8266.0,7926.0
2026-03-04,2026-03-10,4,Wednesday,09:30,12:00,24482.0,24500,24400,0.335,-2.153,0.368,0.573,12.93,248.65,368.4,617.05,250.75,351.85,602.6,14.45,1084.0,884.0,37606.0,45606.0,45266.0
2026-03-04,2026-03-10,4,Wednesday,09:30,13:00,24482.0,24500,24400,0.335,-2.153,0.368,0.573,12.93,248.65,368.4,617.05,265.0,333.15,598.15,18.9,1417.0,1217.0,51809.0,59809.0,59468.0
2026-03-04,2026-03-10,4,Wednesday,09:30,15:25,24482.0,24500,24400,0.335,-2.153,0.368,0.573,12.93,248.65,368.4,617.05,301.35,319.2,620.55,-3.5,-262.0,-462.0,-19681.0,-11681.0,-12021.0
2026-03-04,2026-03-10,4,Wednesday,10:00,11:00,24438.2,24450,24400,0.156,-2.153,0.368,0.573,12.93,262.15,368.3,630.45,289.9,327.1,617.0,13.45,1009.0,809.0,34415.0,42415.0,42074.0
2026-03-04,2026-03-10,4,Wednesday,10:00,12:00,24438.2,24450,24400,0.156,-2.153,0.368,0.573,12.93,262.15,368.3,630.45,277.1,328.85,605.95,24.5,1838.0,1638.0,69681.0,77681.0,77340.0
2026-03-04,2026-03-10,4,Wednesday,10:00,13:00,24438.2,24450,24400,0.156,-2.153,0.368,0.573,12.93,262.15,368.3,630.45,293.2,310.8,604.0,26.45,1984.0,1784.0,75904.0,83904.0,83564.0
2026-03-04,2026-03-10,4,Wednesday,10:00,15:25,24438.2,24450,24400,0.156,-2.153,0.368,0.573,12.93,262.15,368.3,630.45,330.7,299.5,630.2,0.25,19.0,-181.0,-7713.0,287.0,-53.0
2026-03-04,2026-03-10,4,Wednesday,10:30,11:00,24533.0,24550,24400,0.542,-2.153,0.368,0.573,12.93,253.05,364.4,617.45,236.0,377.05,613.05,4.4,330.0,130.0,5532.0,13532.0,13191.0
2026-03-04,2026-03-10,4,Wednesday,10:30,12:00,24533.0,24550,24400,0.542,-2.153,0.368,0.573,12.93,253.05,364.4,617.45,225.7,377.25,602.95,14.5,1088.0,888.0,37766.0,45766.0,45426.0
2026-03-04,2026-03-10,4,Wednesday,10:30,13:00,24533.0,24550,24400,0.542,-2.153,0.368,0.573,12.93,253.05,364.4,617.45,239.45,357.2,596.65,20.8,1560.0,1360.0,57872.0,65872.0,65532.0
2026-03-04,2026-03-10,4,Wednesday,10:30,15:25,24533.0,24550,24400,0.542,-2.153,0.368,0.573,12.93,253.05,364.4,617.45,273.75,341.25,615.0,2.45,184.0,-16.0,-691.0,7309.0,6968.0
2026-03-11,2026-03-17,4,Wednesday,09:30,11:00,24304.9,24300,24300,0.02,-0.273,0.531,0.756,16.85,222.0,271.25,493.25,191.75,363.3,555.05,-61.8,-4635.0,-4835.0,-205745.0,-197745.0,-198085.0
2026-03-11,2026-03-17,4,Wednesday,09:30,12:00,24304.9,24300,24300,0.02,-0.273,0.531,0.756,16.85,222.0,271.25,493.25,165.65,455.85,621.5,-128.25,-9619.0,-9819.0,-417819.0,-409819.0,-410160.0
2026-03-11,2026-03-17,4,Wednesday,09:30,13:00,24304.9,24300,24300,0.02,-0.273,0.531,0.756,16.85,222.0,271.25,493.25,164.25,461.7,625.95,-132.7,-9953.0,-10153.0,-432021.0,-424021.0,-424362.0
2026-03-11,2026-03-17,4,Wednesday,09:30,15:25,24304.9,24300,24300,0.02,-0.273,0.531,0.756,16.85,222.0,271.25,493.25,116.3,533.8,650.1,-156.85,-11764.0,-11964.0,-509096.0,-501096.0,-501436.0
2026-03-11,2026-03-17,4,Wednesday,10:00,11:00,24231.5,24250,24300,0.283,-0.273,0.531,0.756,16.85,222.5,299.35,521.85,214.6,337.35,551.95,-30.1,-2258.0,-2458.0,-104574.0,-96574.0,-96915.0
2026-03-11,2026-03-17,4,Wednesday,10:00,12:00,24231.5,24250,24300,0.283,-0.273,0.531,0.756,16.85,222.5,299.35,521.85,186.1,425.7,611.8,-89.95,-6746.0,-6946.0,-295585.0,-287585.0,-287926.0
2026-03-11,2026-03-17,4,Wednesday,10:00,13:00,24231.5,24250,24300,0.283,-0.273,0.531,0.756,16.85,222.5,299.35,521.85,184.05,431.5,615.55,-93.7,-7027.0,-7227.0,-307553.0,-299553.0,-299894.0
2026-03-11,2026-03-17,4,Wednesday,10:00,15:25,24231.5,24250,24300,0.283,-0.273,0.531,0.756,16.85,222.5,299.35,521.85,131.35,496.1,627.45,-105.6,-7920.0,-8120.0,-345532.0,-337532.0,-337872.0
2026-03-11,2026-03-17,4,Wednesday,10:30,11:00,24218.1,24200,24300,0.338,-0.273,0.531,0.756,16.85,251.5,290.95,542.45,240.0,311.4,551.4,-8.95,-671.0,-871.0,-37074.0,-29074.0,-29415.0
2026-03-11,2026-03-17,4,Wednesday,10:30,12:00,24218.1,24200,24300,0.338,-0.273,0.531,0.756,16.85,251.5,290.95,542.45,208.2,397.9,606.1,-63.65,-4774.0,-4974.0,-211649.0,-203649.0,-203989.0
2026-03-11,2026-03-17,4,Wednesday,10:30,13:00,24218.1,24200,24300,0.338,-0.273,0.531,0.756,16.85,251.5,290.95,542.45,205.7,403.35,609.05,-66.6,-4995.0,-5195.0,-221064.0,-213064.0,-213404.0
2026-03-11,2026-03-17,4,Wednesday,10:30,15:25,24218.1,24200,24300,0.338,-0.273,0.531,0.756,16.85,251.5,290.95,542.45,147.9,465.85,613.75,-71.3,-5347.0,-5547.0,-236064.0,-228064.0,-228404.0
2026-03-18,2026-03-24,4,Wednesday,09:30,11:00,23748.0,23750,23700,0.202,0.208,0.331,0.529,18.95,206.75,230.1,436.85,238.5,210.55,449.05,-12.2,-915.0,-1115.0,-47447.0,-39447.0,-39787.0
2026-03-18,2026-03-24,4,Wednesday,09:30,12:00,23748.0,23750,23700,0.202,0.208,0.331,0.529,18.95,206.75,230.1,436.85,257.95,205.6,463.55,-26.7,-2002.0,-2202.0,-93723.0,-85723.0,-86064.0
2026-03-18,2026-03-24,4,Wednesday,09:30,13:00,23748.0,23750,23700,0.202,0.208,0.331,0.529,18.95,206.75,230.1,436.85,239.15,216.3,455.45,-18.6,-1395.0,-1595.0,-67872.0,-59872.0,-60213.0
2026-03-18,2026-03-24,4,Wednesday,09:30,15:25,23748.0,23750,23700,0.202,0.208,0.331,0.529,18.95,206.75,230.1,436.85,206.85,220.7,427.55,9.3,698.0,498.0,21170.0,29170.0,28830.0
2026-03-18,2026-03-24,4,Wednesday,10:00,11:00,23697.0,23700,23700,0.013,0.208,0.331,0.529,18.95,217.85,236.9,454.75,268.55,190.95,459.5,-4.75,-356.0,-556.0,-23670.0,-15670.0,-16011.0
2026-03-18,2026-03-24,4,Wednesday,10:00,12:00,23697.0,23700,23700,0.013,0.208,0.331,0.529,18.95,217.85,236.9,454.75,288.15,187.15,475.3,-20.55,-1541.0,-1741.0,-74096.0,-66096.0,-66436.0
2026-03-18,2026-03-24,4,Wednesday,10:00,13:00,23697.0,23700,23700,0.013,0.208,0.331,0.529,18.95,217.85,236.9,454.75,268.2,195.45,463.65,-8.9,-667.0,-867.0,-36915.0,-28915.0,-29255.0
2026-03-18,2026-03-24,4,Wednesday,10:00,15:25,23697.0,23700,23700,0.013,0.208,0.331,0.529,18.95,217.85,236.9,454.75,235.3,199.0,434.3,20.45,1534.0,1334.0,56755.0,64755.0,64415.0
2026-03-18,2026-03-24,4,Wednesday,10:30,11:00,23732.5,23750,23700,0.137,0.208,0.331,0.529,18.95,204.3,237.4,441.7,238.5,210.55,449.05,-7.35,-551.0,-751.0,-31968.0,-23968.0,-24309.0
2026-03-18,2026-03-24,4,Wednesday,10:30,12:00,23732.5,23750,23700,0.137,0.208,0.331,0.529,18.95,204.3,237.4,441.7,257.95,205.6,463.55,-21.85,-1639.0,-1839.0,-78245.0,-70245.0,-70585.0
2026-03-18,2026-03-24,4,Wednesday,10:30,13:00,23732.5,23750,23700,0.137,0.208,0.331,0.529,18.95,204.3,237.4,441.7,239.15,216.3,455.45,-13.75,-1031.0,-1231.0,-52394.0,-44394.0,-44734.0
2026-03-18,2026-03-24,4,Wednesday,10:30,15:25,23732.5,23750,23700,0.137,0.208,0.331,0.529,18.95,204.3,237.4,441.7,206.85,220.7,427.55,14.15,1061.0,861.0,36649.0,44649.0,44309.0
2026-04-01,2026-04-07,4,Wednesday,09:30,11:00,22995.0,23000,23000,0.022,2.328,0.164,0.832,26.76,275.6,345.0,620.6,215.55,416.0,631.55,-10.95,-821.0,-1021.0,-43457.0,-35457.0,-35798.0
2026-04-01,2026-04-07,4,Wednesday,09:30,12:00,22995.0,23000,23000,0.022,2.328,0.164,0.832,26.76,275.6,345.0,620.6,213.4,404.2,617.6,3.0,225.0,25.0,1064.0,9064.0,8723.0
2026-04-01,2026-04-07,4,Wednesday,09:30,13:00,22995.0,23000,23000,0.022,2.328,0.164,0.832,26.76,275.6,345.0,620.6,249.25,339.0,588.25,32.35,2426.0,2226.0,94734.0,102734.0,102394.0
2026-04-01,2026-04-07,4,Wednesday,09:30,15:25,22995.0,23000,23000,0.022,2.328,0.164,0.832,26.76,275.6,345.0,620.6,182.45,456.75,639.2,-18.6,-1395.0,-1595.0,-67872.0,-59872.0,-60213.0
2026-04-01,2026-04-07,4,Wednesday,10:00,11:00,22996.0,23000,23000,0.017,2.328,0.164,0.832,26.76,267.1,335.85,602.95,215.55,416.0,631.55,-28.6,-2145.0,-2345.0,-99787.0,-91787.0,-92128.0
2026-04-01,2026-04-07,4,Wednesday,10:00,12:00,22996.0,23000,23000,0.017,2.328,0.164,0.832,26.76,267.1,335.85,602.95,213.4,404.2,617.6,-14.65,-1099.0,-1299.0,-55266.0,-47266.0,-47606.0
2026-04-01,2026-04-07,4,Wednesday,10:00,13:00,22996.0,23000,23000,0.017,2.328,0.164,0.832,26.76,267.1,335.85,602.95,249.25,339.0,588.25,14.7,1103.0,903.0,38404.0,46404.0,46064.0
2026-04-01,2026-04-07,4,Wednesday,10:00,15:25,22996.0,23000,23000,0.017,2.328,0.164,0.832,26.76,267.1,335.85,602.95,182.45,456.75,639.2,-36.25,-2719.0,-2919.0,-124202.0,-116202.0,-116543.0
2026-04-01,2026-04-07,4,Wednesday,10:30,11:00,22893.0,22900,23000,0.467,2.328,0.164,0.832,26.76,273.65,351.25,624.9,260.5,361.25,621.75,3.15,236.0,36.0,1543.0,9543.0,9202.0
2026-04-01,2026-04-07,4,Wednesday,10:30,12:00,22893.0,22900,23000,0.467,2.328,0.164,0.832,26.76,273.65,351.25,624.9,258.35,349.85,608.2,16.7,1252.0,1052.0,44787.0,52787.0,52447.0
2026-04-01,2026-04-07,4,Wednesday,10:30,13:00,22893.0,22900,23000,0.467,2.328,0.164,0.832,26.76,273.65,351.25,624.9,299.8,289.85,589.65,35.25,2644.0,2444.0,103989.0,111989.0,111649.0
2026-04-01,2026-04-07,4,Wednesday,10:30,15:25,22893.0,22900,23000,0.467,2.328,0.164,0.832,26.76,273.65,351.25,624.9,222.25,397.9,620.15,4.75,356.0,156.0,6649.0,14649.0,14309.0
2026-04-15,2026-04-21,4,Wednesday,09:30,11:00,24219.1,24200,24200,0.079,1.468,0.334,0.56,31.78,232.1,228.75,460.85,243.75,211.95,455.7,5.15,386.0,186.0,7926.0,15926.0,15585.0
2026-04-15,2026-04-21,4,Wednesday,09:30,12:00,24219.1,24200,24200,0.079,1.468,0.334,0.56,31.78,232.1,228.75,460.85,246.65,206.1,452.75,8.1,608.0,408.0,17340.0,25340.0,25000.0
2026-04-15,2026-04-21,4,Wednesday,09:30,13:00,24219.1,24200,24200,0.079,1.468,0.334,0.56,31.78,232.1,228.75,460.85,231.85,219.05,450.9,9.95,746.0,546.0,23245.0,31245.0,30904.0
2026-04-15,2026-04-21,4,Wednesday,09:30,15:25,24219.1,24200,24200,0.079,1.468,0.334,0.56,31.78,232.1,228.75,460.85,235.0,213.95,448.95,11.9,893.0,693.0,29468.0,37468.0,37128.0
2026-04-15,2026-04-21,4,Wednesday,10:00,11:00,24250.0,24250,24200,0.206,1.468,0.334,0.56,31.78,219.05,233.75,452.8,216.6,233.7,450.3,2.5,188.0,-12.0,-532.0,7468.0,7128.0
2026-04-15,2026-04-21,4,Wednesday,10:00,12:00,24250.0,24250,24200,0.206,1.468,0.334,0.56,31.78,219.05,233.75,452.8,219.45,227.75,447.2,5.6,420.0,220.0,9362.0,17362.0,17021.0
2026-04-15,2026-04-21,4,Wednesday,10:00,13:00,24250.0,24250,24200,0.206,1.468,0.334,0.56,31.78,219.05,233.75,452.8,204.6,242.5,447.1,5.7,427.0,227.0,9681.0,17681.0,17340.0
2026-04-15,2026-04-21,4,Wednesday,10:00,15:25,24250.0,24250,24200,0.206,1.468,0.334,0.56,31.78,219.05,233.75,452.8,208.75,236.15,444.9,7.9,593.0,393.0,16702.0,24702.0,24362.0
2026-04-15,2026-04-21,4,Wednesday,10:30,11:00,24291.5,24300,24200,0.377,1.468,0.334,0.56,31.78,215.9,230.8,446.7,190.85,258.55,449.4,-2.7,-202.0,-402.0,-17128.0,-9128.0,-9468.0
2026-04-15,2026-04-21,4,Wednesday,10:30,12:00,24291.5,24300,24200,0.377,1.468,0.334,0.56,31.78,215.9,230.8,446.7,193.05,252.1,445.15,1.55,116.0,-84.0,-3564.0,4436.0,4096.0
2026-04-15,2026-04-21,4,Wednesday,10:30,13:00,24291.5,24300,24200,0.377,1.468,0.334,0.56,31.78,215.9,230.8,446.7,179.4,267.25,446.65,0.05,4.0,-196.0,-8351.0,-351.0,-691.0
2026-04-15,2026-04-21,4,Wednesday,10:30,15:25,24291.5,24300,24200,0.377,1.468,0.334,0.56,31.78,215.9,230.8,446.7,183.45,260.5,443.95,2.75,206.0,6.0,266.0,8266.0,7926.0
2026-04-29,2026-05-05,4,Wednesday,09:30,11:00,24201.0,24200,24100,0.417,0.558,1.044,1.16,30.09,159.0,218.2,377.2,273.65,141.4,415.05,-37.85,-2839.0,-3039.0,-129309.0,-121309.0,-121649.0
2026-04-29,2026-05-05,4,Wednesday,09:30,12:00,24201.0,24200,24100,0.417,0.558,1.044,1.16,30.09,159.0,218.2,377.2,261.0,138.65,399.65,-22.45,-1684.0,-1884.0,-80160.0,-72160.0,-72500.0
2026-04-29,2026-05-05,4,Wednesday,09:30,13:00,24201.0,24200,24100,0.417,0.558,1.044,1.16,30.09,159.0,218.2,377.2,283.75,123.35,407.1,-29.9,-2243.0,-2443.0,-103936.0,-95936.0,-96277.0
2026-04-29,2026-05-05,4,Wednesday,09:30,15:25,24201.0,24200,24100,0.417,0.558,1.044,1.16,30.09,159.0,218.2,377.2,177.4,198.75,376.15,1.05,79.0,-121.0,-5160.0,2840.0,2500.0
2026-04-29,2026-05-05,4,Wednesday,10:00,11:00,24292.0,24300,24100,0.79,0.558,1.044,1.16,30.09,148.9,224.6,373.5,214.2,181.05,395.25,-21.75,-1631.0,-1831.0,-77926.0,-69926.0,-70266.0
2026-04-29,2026-05-05,4,Wednesday,10:00,12:00,24292.0,24300,24100,0.79,0.558,1.044,1.16,30.09,148.9,224.6,373.5,201.5,179.65,381.15,-7.65,-574.0,-774.0,-32926.0,-24926.0,-25266.0
2026-04-29,2026-05-05,4,Wednesday,10:00,13:00,24292.0,24300,24100,0.79,0.558,1.044,1.16,30.09,148.9,224.6,373.5,221.1,160.75,381.85,-8.35,-626.0,-826.0,-35160.0,-27160.0,-27500.0
2026-04-29,2026-05-05,4,Wednesday,10:00,15:25,24292.0,24300,24100,0.79,0.558,1.044,1.16,30.09,148.9,224.6,373.5,132.6,254.0,386.6,-13.1,-983.0,-1183.0,-50319.0,-42319.0,-42660.0
2026-04-29,2026-05-05,4,Wednesday,10:30,11:00,24381.0,24400,24100,1.153,0.558,1.044,1.16,30.09,153.95,241.0,394.95,162.6,229.55,392.15,2.8,210.0,10.0,426.0,8426.0,8085.0
2026-04-29,2026-05-05,4,Wednesday,10:30,12:00,24381.0,24400,24100,1.153,0.558,1.044,1.16,30.09,153.95,241.0,394.95,150.7,228.35,379.05,15.9,1193.0,993.0,42234.0,50234.0,49894.0
2026-04-29,2026-05-05,4,Wednesday,10:30,13:00,24381.0,24400,24100,1.153,0.558,1.044,1.16,30.09,153.95,241.0,394.95,166.4,206.8,373.2,21.75,1631.0,1431.0,60904.0,68904.0,68564.0
2026-04-29,2026-05-05,4,Wednesday,10:30,15:25,24381.0,24400,24100,1.153,0.558,1.044,1.16,30.09,153.95,241.0,394.95,97.0,317.55,414.55,-19.6,-1470.0,-1670.0,-71064.0,-63064.0,-63404.0
