date,expiry,dte,weekday,entry_time,exit_time,spot_entry,atm_strike,mp_strike_proxy,mp_dist_pct,gap_pct,intraday_pct_to_1030,intraday_range_pct_to_1030,vix_proxy,ce_entry,pe_entry,entry_premium,ce_exit,pe_exit,exit_premium,pnl_per_share,pnl_per_lot_gross,pnl_per_lot_net,rs_per_cr,rs_per_cr_axis,rs_per_cr_monarch
2025-04-25,2025-04-30,3,Friday,09:30,12:00,24432.3,24450,24300,0.541,0.891,1.669,1.858,,118.95,240.9,359.85,31.05,593.55,624.6,-264.75,-19856.0,-20056.0,-853457.0,-845457.0,-845798.0
2025-05-12,2025-05-15,3,Monday,09:30,15:25,24660.0,24650,24000,2.676,1.594,1.289,1.716,13.84,108.8,180.0,288.8,411.55,98.5,510.05,-221.25,-16594.0,-16794.0,-714628.0,-706628.0,-706968.0
2026-02-19,2026-02-24,3,Thursday,09:30,15:25,25815.0,25800,25800,0.058,0.084,0.363,0.533,14.98,127.2,107.6,234.8,35.0,417.3,452.3,-217.5,-16312.0,-16512.0,-702660.0,-694660.0,-695000.0
2026-02-19,2026-02-24,3,Thursday,10:00,15:25,25781.1,25800,25800,0.073,0.084,0.363,0.533,14.98,112.35,126.6,238.95,35.0,417.3,452.3,-213.35,-16001.0,-16201.0,-689415.0,-681415.0,-681755.0
2025-04-25,2025-04-30,3,Friday,09:30,11:00,24432.3,24450,24300,0.541,0.891,1.669,1.858,,118.95,240.9,359.85,41.55,521.9,563.45,-203.6,-15270.0,-15470.0,-658298.0,-650298.0,-650638.0
2025-12-08,2025-12-09,1,Monday,09:30,15:25,26279.9,26300,26200,0.304,-0.038,0.3,0.387,10.12,21.25,159.6,180.85,4.5,358.25,362.75,-181.9,-13642.0,-13842.0,-589043.0,-581043.0,-581383.0
2026-02-19,2026-02-24,3,Thursday,10:30,15:25,25752.3,25750,25800,0.185,0.084,0.363,0.533,14.98,125.75,125.85,251.6,41.65,374.65,416.3,-164.7,-12352.0,-12552.0,-534149.0,-526149.0,-526489.0
2026-03-11,2026-03-17,4,Wednesday,09:30,15:25,24304.9,24300,24300,0.02,-0.273,0.531,0.756,16.85,222.0,271.25,493.25,116.3,533.8,650.1,-156.85,-11764.0,-11964.0,-509096.0,-501096.0,-501436.0
2025-04-25,2025-04-30,3,Friday,09:30,15:25,24432.3,24450,24300,0.541,0.891,1.669,1.858,,118.95,240.9,359.85,36.7,470.55,507.25,-147.4,-11055.0,-11255.0,-478936.0,-470936.0,-471277.0
2025-04-25,2025-04-30,3,Friday,09:30,13:00,24432.3,24450,24300,0.541,0.891,1.669,1.858,,118.95,240.9,359.85,45.85,459.7,505.55,-145.7,-10928.0,-11128.0,-473511.0,-465511.0,-465851.0
2025-05-02,2025-05-08,4,Friday,10:00,13:00,24709.0,24700,24400,1.251,0.08,0.968,1.305,15.87,152.3,220.65,372.95,46.35,472.0,518.35,-145.4,-10905.0,-11105.0,-472553.0,-464553.0,-464894.0
2025-05-12,2025-05-15,3,Monday,09:30,13:00,24660.0,24650,24000,2.676,1.594,1.289,1.716,13.84,108.8,180.0,288.8,296.6,132.8,429.4,-140.6,-10545.0,-10745.0,-457234.0,-449234.0,-449574.0
2025-12-08,2025-12-09,1,Monday,10:30,15:25,26242.0,26250,26200,0.16,-0.038,0.3,0.387,10.12,21.7,152.35,174.05,5.5,308.75,314.25,-140.2,-10515.0,-10715.0,-455957.0,-447957.0,-448298.0
2025-12-08,2025-12-09,1,Monday,10:00,15:25,26230.4,26250,26200,0.116,-0.038,0.3,0.387,10.12,21.75,159.1,180.85,5.5,308.75,314.25,-133.4,-10005.0,-10205.0,-434255.0,-426255.0,-426596.0
2026-01-09,2026-01-13,2,Friday,10:30,15:25,25990.0,26000,26000,0.038,0.004,0.124,0.366,9.01,53.95,135.85,189.8,22.9,300.25,323.15,-133.35,-10001.0,-10201.0,-434096.0,-426096.0,-426436.0
2026-03-11,2026-03-17,4,Wednesday,09:30,13:00,24304.9,24300,24300,0.02,-0.273,0.531,0.756,16.85,222.0,271.25,493.25,164.25,461.7,625.95,-132.7,-9953.0,-10153.0,-432021.0,-424021.0,-424362.0
2026-01-09,2026-01-13,2,Friday,10:00,15:25,26008.1,26000,26000,0.031,0.004,0.124,0.366,9.01,59.95,130.75,190.7,22.9,300.25,323.15,-132.45,-9934.0,-10134.0,-431223.0,-423223.0,-423564.0
2026-03-11,2026-03-17,4,Wednesday,09:30,12:00,24304.9,24300,24300,0.02,-0.273,0.531,0.756,16.85,222.0,271.25,493.25,165.65,455.85,621.5,-128.25,-9619.0,-9819.0,-417819.0,-409819.0,-410160.0
2026-01-09,2026-01-13,2,Friday,09:30,15:25,25978.9,26000,26000,0.081,0.004,0.124,0.366,9.01,51.15,145.95,197.1,22.9,300.25,323.15,-126.05,-9454.0,-9654.0,-410798.0,-402798.0,-403138.0
2026-03-13,2026-03-17,2,Friday,09:30,15:25,23552.9,23550,23500,0.225,-0.923,0.255,0.761,17.91,197.65,260.4,458.05,95.15,486.6,581.75,-123.7,-9278.0,-9478.0,-403298.0,-395298.0,-395638.0
2026-01-08,2026-01-13,3,Thursday,10:00,15:25,26176.2,26200,26200,0.091,-0.183,0.164,0.302,8.33,47.25,150.3,197.55,15.45,305.6,321.05,-123.5,-9262.0,-9462.0,-402660.0,-394660.0,-395000.0
2025-05-02,2025-05-08,4,Friday,09:30,13:00,24640.0,24650,24400,0.974,0.08,0.968,1.305,15.87,141.6,221.15,362.75,55.65,430.05,485.7,-122.95,-9221.0,-9421.0,-400904.0,-392904.0,-393245.0
2026-01-09,2026-01-13,2,Friday,10:30,13:00,25990.0,26000,26000,0.038,0.004,0.124,0.366,9.01,53.95,135.85,189.8,16.35,294.0,310.35,-120.55,-9041.0,-9241.0,-393245.0,-385245.0,-385585.0
2026-01-09,2026-01-13,2,Friday,10:00,13:00,26008.1,26000,26000,0.031,0.004,0.124,0.366,9.01,59.95,130.75,190.7,16.35,294.0,310.35,-119.65,-8974.0,-9174.0,-390372.0,-382372.0,-382713.0
2026-01-05,2026-01-06,1,Monday,10:30,15:25,26485.2,26500,26300,0.699,0.082,0.049,0.451,9.27,13.4,154.55,167.95,2.85,283.5,286.35,-118.4,-8880.0,-9080.0,-386383.0,-378383.0,-378723.0
2025-06-06,2025-06-12,4,Friday,09:30,12:00,24815.8,24800,24700,0.467,-0.077,0.258,0.713,18.86,142.25,203.5,345.75,363.0,99.3,462.3,-116.55,-8741.0,-8941.0,-380479.0,-372479.0,-372819.0
2026-01-09,2026-01-13,2,Friday,09:30,13:00,25978.9,26000,26000,0.081,0.004,0.124,0.366,9.01,51.15,145.95,197.1,16.35,294.0,310.35,-113.25,-8494.0,-8694.0,-369947.0,-361947.0,-362287.0
2026-01-08,2026-01-13,3,Thursday,10:00,13:00,26176.2,26200,26200,0.091,-0.183,0.164,0.302,8.33,47.25,150.3,197.55,28.2,278.45,306.65,-109.1,-8182.0,-8382.0,-356702.0,-348702.0,-349043.0
2026-03-11,2026-03-17,4,Wednesday,10:00,15:25,24231.5,24250,24300,0.283,-0.273,0.531,0.756,16.85,222.5,299.35,521.85,131.35,496.1,627.45,-105.6,-7920.0,-8120.0,-345532.0,-337532.0,-337872.0
2026-02-25,2026-03-02,3,Wednesday,10:30,13:00,25802.3,25800,25500,1.172,0.911,0.564,0.635,15.45,84.15,205.45,289.6,40.75,350.95,391.7,-102.1,-7657.0,-7857.0,-334362.0,-326362.0,-326702.0
2026-01-23,2026-01-27,2,Friday,10:30,15:25,25329.0,25350,25300,0.114,0.019,0.236,0.44,10.11,101.1,117.4,218.5,29.3,291.25,320.55,-102.05,-7654.0,-7854.0,-334202.0,-326202.0,-326543.0
2026-01-21,2026-01-27,4,Wednesday,09:30,11:00,25293.7,25300,26000,2.792,-0.125,0.367,0.768,9.53,148.5,153.9,302.4,67.85,336.05,403.9,-101.5,-7612.0,-7812.0,-332447.0,-324447.0,-324787.0
2025-06-06,2025-06-12,4,Friday,10:00,12:00,24792.5,24800,24700,0.373,-0.077,0.258,0.713,18.86,142.65,221.05,363.7,363.0,99.3,462.3,-98.6,-7395.0,-7595.0,-323191.0,-315191.0,-315532.0
2025-05-12,2025-05-15,3,Monday,10:00,15:25,24805.1,24800,24000,3.246,1.594,1.289,1.716,13.84,131.5,209.9,341.4,302.0,137.2,439.2,-97.8,-7335.0,-7535.0,-320638.0,-312638.0,-312979.0
2025-09-05,2025-09-09,2,Friday,10:00,13:00,24893.0,24900,24800,0.374,0.078,0.187,0.831,10.12,45.0,132.2,177.2,20.0,254.0,274.0,-96.8,-7260.0,-7460.0,-317447.0,-309447.0,-309787.0
2026-02-27,2026-03-02,1,Friday,09:30,15:25,25508.5,25500,25500,0.033,-0.261,0.415,0.634,15.58,60.4,181.0,241.4,24.5,312.4,336.9,-95.5,-7162.0,-7362.0,-313298.0,-305298.0,-305638.0
2026-01-08,2026-01-13,3,Thursday,09:30,15:25,26160.8,26150,26200,0.15,-0.183,0.164,0.302,8.33,61.6,127.2,188.8,21.7,261.3,283.0,-94.2,-7065.0,-7265.0,-309149.0,-301149.0,-301489.0
2026-03-11,2026-03-17,4,Wednesday,10:00,13:00,24231.5,24250,24300,0.283,-0.273,0.531,0.756,16.85,222.5,299.35,521.85,184.05,431.5,615.55,-93.7,-7027.0,-7227.0,-307553.0,-299553.0,-299894.0
2025-05-12,2025-05-15,3,Monday,10:30,15:25,24800.0,24800,24000,3.226,1.594,1.289,1.716,13.84,130.45,216.2,346.65,302.0,137.2,439.2,-92.55,-6941.0,-7141.0,-303883.0,-295883.0,-296223.0
2026-02-25,2026-03-02,3,Wednesday,10:30,15:25,25802.3,25800,25500,1.172,0.911,0.564,0.635,15.45,84.15,205.45,289.6,44.3,337.8,382.1,-92.5,-6938.0,-7138.0,-303723.0,-295723.0,-296064.0
2026-02-19,2026-02-24,3,Thursday,09:30,13:00,25815.0,25800,25800,0.058,0.084,0.363,0.533,14.98,127.2,107.6,234.8,68.7,257.15,325.85,-91.05,-6829.0,-7029.0,-299096.0,-291096.0,-291436.0
2026-03-11,2026-03-17,4,Wednesday,10:00,12:00,24231.5,24250,24300,0.283,-0.273,0.531,0.756,16.85,222.5,299.35,521.85,186.1,425.7,611.8,-89.95,-6746.0,-6946.0,-295585.0,-287585.0,-287926.0
2025-10-31,2025-11-04,2,Friday,10:00,15:25,26086.8,26100,26000,0.333,-0.097,0.058,0.574,13.39,56.45,183.15,239.6,23.85,305.05,328.9,-89.3,-6698.0,-6898.0,-293511.0,-285511.0,-285851.0
2025-09-05,2025-09-09,2,Friday,09:30,13:00,24892.4,24900,24800,0.371,0.078,0.187,0.831,10.12,49.3,135.75,185.05,20.0,254.0,274.0,-88.95,-6671.0,-6871.0,-292394.0,-284394.0,-284734.0
2026-03-13,2026-03-17,2,Friday,09:30,13:00,23552.9,23550,23500,0.225,-0.923,0.255,0.761,17.91,197.65,260.4,458.05,118.95,427.55,546.5,-88.45,-6634.0,-6834.0,-290798.0,-282798.0,-283138.0
2025-12-01,2025-12-02,1,Monday,09:30,13:00,26466.0,26450,26300,0.627,0.224,0.005,0.242,10.33,23.65,160.25,183.9,7.1,265.1,272.2,-88.3,-6623.0,-6823.0,-290319.0,-282319.0,-282660.0
2025-05-02,2025-05-08,4,Friday,10:00,15:25,24709.0,24700,24400,1.251,0.08,0.968,1.305,15.87,152.3,220.65,372.95,35.65,425.4,461.05,-88.1,-6607.0,-6807.0,-289681.0,-281681.0,-282021.0
2025-05-12,2025-05-15,3,Monday,09:30,12:00,24660.0,24650,24000,2.676,1.594,1.289,1.716,13.84,108.8,180.0,288.8,224.25,152.5,376.75,-87.95,-6596.0,-6796.0,-289202.0,-281202.0,-281543.0
2026-01-08,2026-01-13,3,Thursday,10:00,12:00,26176.2,26200,26200,0.091,-0.183,0.164,0.302,8.33,47.25,150.3,197.55,29.0,256.4,285.4,-87.85,-6589.0,-6789.0,-288883.0,-280883.0,-281223.0
2026-01-08,2026-01-13,3,Thursday,10:30,15:25,26140.1,26150,26200,0.229,-0.183,0.164,0.302,8.33,53.9,141.5,195.4,21.7,261.3,283.0,-87.6,-6570.0,-6770.0,-288085.0,-280085.0,-280426.0
2025-12-01,2025-12-02,1,Monday,10:30,13:00,26454.0,26450,26300,0.582,0.224,0.005,0.242,10.33,17.9,166.95,184.85,7.1,265.1,272.2,-87.35,-6551.0,-6751.0,-287287.0,-279287.0,-279628.0
2025-05-02,2025-05-08,4,Friday,10:30,13:00,24615.9,24600,24400,0.877,0.08,0.968,1.305,15.87,156.7,215.7,372.4,67.0,392.65,459.65,-87.25,-6544.0,-6744.0,-286968.0,-278968.0,-279309.0
2026-02-19,2026-02-24,3,Thursday,10:00,13:00,25781.1,25800,25800,0.073,0.084,0.363,0.533,14.98,112.35,126.6,238.95,68.7,257.15,325.85,-86.9,-6517.0,-6717.0,-285851.0,-277851.0,-278191.0
2026-01-08,2026-01-13,3,Thursday,09:30,13:00,26160.8,26150,26200,0.15,-0.183,0.164,0.302,8.33,61.6,127.2,188.8,37.65,237.9,275.55,-86.75,-6506.0,-6706.0,-285372.0,-277372.0,-277713.0
2025-12-01,2025-12-02,1,Monday,09:30,15:25,26466.0,26450,26300,0.627,0.224,0.005,0.242,10.33,23.65,160.25,183.9,5.0,264.95,269.95,-86.05,-6454.0,-6654.0,-283138.0,-275138.0,-275479.0
2026-05-04,2026-05-05,1,Monday,10:00,13:00,24345.4,24350,24200,0.597,0.394,0.359,0.662,27.97,88.95,144.9,233.85,41.7,277.35,319.05,-85.2,-6390.0,-6590.0,-280426.0,-272426.0,-272766.0
2025-12-01,2025-12-02,1,Monday,10:30,15:25,26454.0,26450,26300,0.582,0.224,0.005,0.242,10.33,17.9,166.95,184.85,5.0,264.95,269.95,-85.1,-6382.0,-6582.0,-280106.0,-272106.0,-272447.0
2026-01-23,2026-01-27,2,Friday,09:30,15:25,25348.8,25350,25300,0.193,0.019,0.236,0.44,10.11,118.9,116.8,235.7,29.3,291.25,320.55,-84.85,-6364.0,-6564.0,-279309.0,-271309.0,-271649.0
2025-06-20,2025-06-26,4,Friday,09:30,15:25,24852.0,24850,24800,0.209,0.19,0.895,1.029,10.91,163.65,158.4,322.05,328.7,77.55,406.25,-84.2,-6315.0,-6515.0,-277234.0,-269234.0,-269574.0
2025-09-05,2025-09-09,2,Friday,10:00,12:00,24893.0,24900,24800,0.374,0.078,0.187,0.831,10.12,45.0,132.2,177.2,23.55,237.3,260.85,-83.65,-6274.0,-6474.0,-275479.0,-267479.0,-267819.0
2025-05-14,2025-05-15,1,Wednesday,10:30,13:00,24785.5,24800,24700,0.345,0.095,0.551,0.768,21.36,67.1,155.3,222.4,25.8,278.85,304.65,-82.25,-6169.0,-6369.0,-271011.0,-263011.0,-263351.0
2025-12-10,2025-12-16,4,Wednesday,10:30,15:25,26039.8,26050,26000,0.153,-0.295,0.59,0.69,10.8,85.35,171.1,256.45,42.1,295.65,337.75,-81.3,-6098.0,-6298.0,-267979.0,-259979.0,-260319.0
2026-01-08,2026-01-13,3,Thursday,10:30,13:00,26140.1,26150,26200,0.229,-0.183,0.164,0.302,8.33,53.9,141.5,195.4,37.65,237.9,275.55,-80.15,-6011.0,-6211.0,-264309.0,-256309.0,-256649.0
2025-05-23,2025-05-29,4,Friday,09:30,11:00,24729.1,24750,25000,1.095,-0.035,0.598,0.949,19.21,182.55,207.3,389.85,331.8,137.7,469.5,-79.65,-5974.0,-6174.0,-262713.0,-254713.0,-255053.0
2026-01-22,2026-01-27,3,Thursday,10:00,12:00,25437.2,25450,26000,2.213,0.556,0.029,0.644,9.51,132.4,140.0,272.4,58.85,292.8,351.65,-79.25,-5944.0,-6144.0,-261436.0,-253436.0,-253777.0
2026-01-05,2026-01-06,1,Monday,10:00,15:25,26450.0,26450,26300,0.567,0.082,0.049,0.451,9.27,15.65,143.65,159.3,3.8,234.6,238.4,-79.1,-5932.0,-6132.0,-260957.0,-252957.0,-253298.0
2025-05-23,2025-05-29,4,Friday,09:30,13:00,24729.1,24750,25000,1.095,-0.035,0.598,0.949,19.21,182.55,207.3,389.85,321.65,146.9,468.55,-78.7,-5902.0,-6102.0,-259681.0,-251681.0,-252021.0
2026-02-25,2026-03-02,3,Wednesday,10:00,13:00,25770.0,25750,25500,1.048,0.911,0.564,0.635,15.45,90.9,192.7,283.6,51.3,310.8,362.1,-78.5,-5888.0,-6088.0,-259043.0,-251043.0,-251383.0
2025-05-20,2025-05-22,2,Tuesday,09:30,15:25,24988.3,25000,25000,0.047,0.301,0.353,0.539,20.13,103.05,170.25,273.3,41.15,310.5,351.65,-78.35,-5876.0,-6076.0,-258564.0,-250564.0,-250904.0
2025-10-31,2025-11-04,2,Friday,10:00,13:00,26086.8,26100,26000,0.333,-0.097,0.058,0.574,13.39,56.45,183.15,239.6,25.65,292.0,317.65,-78.05,-5854.0,-6054.0,-257606.0,-249606.0,-249947.0
2025-05-02,2025-05-08,4,Friday,10:00,12:00,24709.0,24700,24400,1.251,0.08,0.968,1.305,15.87,152.3,220.65,372.95,60.2,390.4,450.6,-77.65,-5824.0,-6024.0,-256330.0,-248330.0,-248670.0
2025-12-01,2025-12-02,1,Monday,10:00,13:00,26442.8,26450,26300,0.54,0.224,0.005,0.242,10.33,17.85,176.85,194.7,7.1,265.1,272.2,-77.5,-5813.0,-6013.0,-255851.0,-247851.0,-248191.0
2025-10-31,2025-11-04,2,Friday,10:00,11:00,26086.8,26100,26000,0.333,-0.097,0.058,0.574,13.39,56.45,183.15,239.6,29.05,287.65,316.7,-77.1,-5782.0,-5982.0,-254574.0,-246574.0,-246915.0
2025-09-05,2025-09-09,2,Friday,09:30,12:00,24892.4,24900,24800,0.371,0.078,0.187,0.831,10.12,49.3,135.75,185.05,23.55,237.3,260.85,-75.8,-5685.0,-5885.0,-250426.0,-242426.0,-242766.0
2025-08-12,2025-08-14,2,Tuesday,10:00,15:25,24739.3,24750,24600,0.563,-0.036,0.326,0.687,9.57,69.85,121.8,191.65,16.6,250.75,267.35,-75.7,-5678.0,-5878.0,-250106.0,-242106.0,-242447.0
2026-03-19,2026-03-24,3,Thursday,09:30,15:25,23319.0,23300,23300,0.081,-2.393,0.294,0.816,19.76,225.9,231.25,457.15,163.6,369.15,532.75,-75.6,-5670.0,-5870.0,-249787.0,-241787.0,-242128.0
2025-12-01,2025-12-02,1,Monday,10:00,15:25,26442.8,26450,26300,0.54,0.224,0.005,0.242,10.33,17.85,176.85,194.7,5.0,264.95,269.95,-75.25,-5644.0,-5844.0,-248670.0,-240670.0,-241011.0
2025-09-05,2025-09-09,2,Friday,10:00,11:00,24893.0,24900,24800,0.374,0.078,0.187,0.831,10.12,45.0,132.2,177.2,27.3,225.0,252.3,-75.1,-5633.0,-5833.0,-248191.0,-240191.0,-240532.0
2025-09-04,2025-09-09,3,Thursday,10:00,15:25,25009.1,25000,25000,0.036,0.428,0.062,0.491,10.22,71.2,134.4,205.6,27.0,252.95,279.95,-74.35,-5576.0,-5776.0,-245798.0,-237798.0,-238138.0
2025-12-08,2025-12-09,1,Monday,09:30,13:00,26279.9,26300,26200,0.304,-0.038,0.3,0.387,10.12,21.25,159.6,180.85,6.85,247.85,254.7,-73.85,-5539.0,-5739.0,-244202.0,-236202.0,-236543.0
2026-01-21,2026-01-27,4,Wednesday,10:30,13:00,25146.0,25150,26000,3.396,-0.125,0.367,0.768,9.53,148.55,156.45,305.0,275.3,101.75,377.05,-72.05,-5404.0,-5604.0,-238457.0,-230457.0,-230798.0
2025-08-01,2025-08-07,4,Friday,10:30,15:25,24827.0,24850,24700,0.512,-0.275,0.141,0.423,7.29,112.15,197.25,309.4,51.05,330.15,381.2,-71.8,-5385.0,-5585.0,-237660.0,-229660.0,-230000.0
2026-01-09,2026-01-13,2,Friday,10:30,12:00,25990.0,26000,26000,0.038,0.004,0.124,0.366,9.01,53.95,135.85,189.8,22.25,239.3,261.55,-71.75,-5381.0,-5581.0,-237500.0,-229500.0,-229840.0
2025-05-14,2025-05-15,1,Wednesday,10:00,13:00,24782.9,24800,24700,0.335,0.095,0.551,0.768,21.36,69.9,163.1,233.0,25.8,278.85,304.65,-71.65,-5374.0,-5574.0,-237181.0,-229181.0,-229521.0
2026-03-11,2026-03-17,4,Wednesday,10:30,15:25,24218.1,24200,24300,0.338,-0.273,0.531,0.756,16.85,251.5,290.95,542.45,147.9,465.85,613.75,-71.3,-5347.0,-5547.0,-236064.0,-228064.0,-228404.0
2026-01-09,2026-01-13,2,Friday,10:00,12:00,26008.1,26000,26000,0.031,0.004,0.124,0.366,9.01,59.95,130.75,190.7,22.25,239.3,261.55,-70.85,-5314.0,-5514.0,-234628.0,-226628.0,-226968.0
2026-02-25,2026-03-02,3,Wednesday,10:00,15:25,25770.0,25750,25500,1.048,0.911,0.564,0.635,15.45,90.9,192.7,283.6,55.4,298.65,354.05,-70.45,-5284.0,-5484.0,-233351.0,-225351.0,-225691.0
2025-06-20,2025-06-26,4,Friday,09:30,12:00,24852.0,24850,24800,0.209,0.19,0.895,1.029,10.91,163.65,158.4,322.05,307.4,85.0,392.4,-70.35,-5276.0,-5476.0,-233032.0,-225032.0,-225372.0
2025-06-03,2025-06-05,2,Tuesday,10:30,13:00,24855.1,24850,24800,0.222,0.105,0.029,0.861,19.23,171.0,255.6,426.6,97.9,396.45,494.35,-67.75,-5081.0,-5281.0,-224734.0,-216734.0,-217074.0
2025-09-05,2025-09-09,2,Friday,09:30,11:00,24892.4,24900,24800,0.371,0.078,0.187,0.831,10.12,49.3,135.75,185.05,27.3,225.0,252.3,-67.25,-5044.0,-5244.0,-223138.0,-215138.0,-215479.0
2026-02-27,2026-03-02,1,Friday,10:00,15:25,25470.0,25450,25500,0.118,-0.261,0.415,0.634,15.58,62.95,169.5,232.45,30.35,269.3,299.65,-67.2,-5040.0,-5240.0,-222979.0,-214979.0,-215319.0
2025-06-20,2025-06-26,4,Friday,10:00,15:25,24888.7,24900,24800,0.356,0.19,0.895,1.029,10.91,149.95,159.95,309.9,289.3,87.8,377.1,-67.2,-5040.0,-5240.0,-222979.0,-214979.0,-215319.0
2025-09-04,2025-09-09,3,Thursday,09:30,15:25,25009.9,25000,25000,0.04,0.428,0.062,0.491,10.22,71.0,142.0,213.0,27.0,252.95,279.95,-66.95,-5021.0,-5221.0,-222181.0,-214181.0,-214521.0
2026-03-06,2026-03-10,2,Friday,10:30,15:25,24728.0,24750,24600,0.518,-0.572,0.221,0.424,14.72,154.45,265.6,420.05,98.45,388.55,487.0,-66.95,-5021.0,-5221.0,-222181.0,-214181.0,-214521.0
2026-01-08,2026-01-13,3,Thursday,09:30,12:00,26160.8,26150,26200,0.15,-0.183,0.164,0.302,8.33,61.6,127.2,188.8,38.9,216.65,255.55,-66.75,-5006.0,-5206.0,-221543.0,-213543.0,-213883.0
2026-03-11,2026-03-17,4,Wednesday,10:30,13:00,24218.1,24200,24300,0.338,-0.273,0.531,0.756,16.85,251.5,290.95,542.45,205.7,403.35,609.05,-66.6,-4995.0,-5195.0,-221064.0,-213064.0,-213404.0
2025-09-22,2025-09-23,1,Monday,10:30,15:25,25389.6,25400,25300,0.353,-0.302,0.138,0.4,7.76,32.3,89.0,121.3,11.95,175.9,187.85,-66.55,-4991.0,-5191.0,-220904.0,-212904.0,-213245.0
2026-02-25,2026-03-02,3,Wednesday,09:30,13:00,25746.4,25750,25500,0.957,0.911,0.564,0.635,15.45,87.8,207.75,295.55,51.3,310.8,362.1,-66.55,-4991.0,-5191.0,-220904.0,-212904.0,-213245.0
2026-01-21,2026-01-27,4,Wednesday,10:00,11:00,25202.5,25200,26000,3.164,-0.125,0.367,0.768,9.53,149.5,150.2,299.7,97.8,267.75,365.55,-65.85,-4939.0,-5139.0,-218670.0,-210670.0,-211011.0
2026-01-09,2026-01-13,2,Friday,09:30,12:00,25978.9,26000,26000,0.081,0.004,0.124,0.366,9.01,51.15,145.95,197.1,22.25,239.3,261.55,-64.45,-4834.0,-5034.0,-214202.0,-206202.0,-206543.0
2025-07-02,2025-07-03,1,Wednesday,09:30,15:25,25660.2,25650,25600,0.235,-0.957,0.133,0.349,11.97,46.95,121.5,168.45,16.05,216.85,232.9,-64.45,-4834.0,-5034.0,-214202.0,-206202.0,-206543.0
2026-03-11,2026-03-17,4,Wednesday,10:30,12:00,24218.1,24200,24300,0.338,-0.273,0.531,0.756,16.85,251.5,290.95,542.45,208.2,397.9,606.1,-63.65,-4774.0,-4974.0,-211649.0,-203649.0,-203989.0
2025-09-22,2025-09-23,1,Monday,10:00,15:25,25386.0,25400,25300,0.339,-0.302,0.138,0.4,7.76,32.55,92.05,124.6,11.95,175.9,187.85,-63.25,-4744.0,-4944.0,-210372.0,-202372.0,-202713.0
2025-10-31,2025-11-04,2,Friday,10:00,12:00,26086.8,26100,26000,0.333,-0.097,0.058,0.574,13.39,56.45,183.15,239.6,30.0,272.85,302.85,-63.25,-4744.0,-4944.0,-210372.0,-202372.0,-202713.0
2025-05-02,2025-05-08,4,Friday,09:30,15:25,24640.0,24650,24400,0.974,0.08,0.968,1.305,15.87,141.6,221.15,362.75,43.75,382.0,425.75,-63.0,-4725.0,-4925.0,-209574.0,-201574.0,-201915.0
2025-07-18,2025-07-24,4,Friday,09:30,11:00,25133.2,25150,25200,0.266,-0.01,0.612,0.675,10.17,104.65,148.2,252.85,62.2,252.95,315.15,-62.3,-4672.0,-4872.0,-207340.0,-199340.0,-199681.0
2026-03-11,2026-03-17,4,Wednesday,09:30,11:00,24304.9,24300,24300,0.02,-0.273,0.531,0.756,16.85,222.0,271.25,493.25,191.75,363.3,555.05,-61.8,-4635.0,-4835.0,-205745.0,-197745.0,-198085.0
2026-04-16,2026-04-21,3,Thursday,09:30,13:00,24377.0,24400,25000,2.556,-0.718,0.186,0.509,32.17,176.25,200.0,376.25,84.15,353.55,437.7,-61.45,-4609.0,-4809.0,-204628.0,-196628.0,-196968.0
2025-05-12,2025-05-15,3,Monday,09:30,11:00,24660.0,24650,24000,2.676,1.594,1.289,1.716,13.84,108.8,180.0,288.8,193.75,156.35,350.1,-61.3,-4598.0,-4798.0,-204149.0,-196149.0,-196489.0
2025-05-02,2025-05-08,4,Friday,09:30,12:00,24640.0,24650,24400,0.974,0.08,0.968,1.305,15.87,141.6,221.15,362.75,72.9,351.05,423.95,-61.2,-4590.0,-4790.0,-203830.0,-195830.0,-196170.0
2026-03-06,2026-03-10,2,Friday,09:30,15:25,24744.9,24750,24600,0.586,-0.572,0.221,0.424,14.72,164.05,262.1,426.15,98.45,388.55,487.0,-60.85,-4564.0,-4764.0,-202713.0,-194713.0,-195053.0
2026-03-19,2026-03-24,3,Thursday,10:30,15:25,23275.0,23300,23300,0.107,-2.393,0.294,0.816,19.76,213.4,258.55,471.95,163.6,369.15,532.75,-60.8,-4560.0,-4760.0,-202553.0,-194553.0,-194894.0
2025-06-02,2025-06-05,3,Monday,10:00,13:00,24700.0,24700,24800,0.405,-0.213,0.419,0.806,19.39,147.7,238.5,386.2,224.75,222.2,446.95,-60.75,-4556.0,-4756.0,-202394.0,-194394.0,-194734.0
2026-02-26,2026-03-02,2,Thursday,10:30,13:00,25675.0,25700,25500,0.682,0.215,0.006,0.347,15.68,61.05,214.75,275.8,39.2,297.0,336.2,-60.4,-4530.0,-4730.0,-201277.0,-193277.0,-193617.0
2026-01-08,2026-01-13,3,Thursday,10:30,12:00,26140.1,26150,26200,0.229,-0.183,0.164,0.302,8.33,53.9,141.5,195.4,38.9,216.65,255.55,-60.15,-4511.0,-4711.0,-200479.0,-192479.0,-192819.0
2025-12-01,2025-12-02,1,Monday,09:30,12:00,26466.0,26450,26300,0.627,0.224,0.005,0.242,10.33,23.65,160.25,183.9,8.9,235.0,243.9,-60.0,-4500.0,-4700.0,-200000.0,-192000.0,-192340.0
2025-12-10,2025-12-16,4,Wednesday,10:30,13:00,26039.8,26050,26000,0.153,-0.295,0.59,0.69,10.8,85.35,171.1,256.45,45.75,270.55,316.3,-59.85,-4489.0,-4689.0,-199521.0,-191521.0,-191862.0
2025-06-20,2025-06-26,4,Friday,09:30,13:00,24852.0,24850,24800,0.209,0.19,0.895,1.029,10.91,163.65,158.4,322.05,298.6,83.1,381.7,-59.65,-4474.0,-4674.0,-198883.0,-190883.0,-191223.0
2025-12-01,2025-12-02,1,Monday,10:30,12:00,26454.0,26450,26300,0.582,0.224,0.005,0.242,10.33,17.9,166.95,184.85,8.9,235.0,243.9,-59.05,-4429.0,-4629.0,-196968.0,-188968.0,-189309.0
2026-01-22,2026-01-27,3,Thursday,09:30,12:00,25412.7,25400,26000,2.311,0.556,0.029,0.644,9.51,144.85,124.7,269.55,72.05,256.25,328.3,-58.75,-4406.0,-4606.0,-196011.0,-188011.0,-188351.0
2026-02-25,2026-03-02,3,Wednesday,09:30,15:25,25746.4,25750,25500,0.957,0.911,0.564,0.635,15.45,87.8,207.75,295.55,55.4,298.65,354.05,-58.5,-4387.0,-4587.0,-195213.0,-187213.0,-187553.0
2025-06-20,2025-06-26,4,Friday,10:00,12:00,24888.7,24900,24800,0.356,0.19,0.895,1.029,10.91,149.95,159.95,309.9,270.1,98.05,368.15,-58.25,-4369.0,-4569.0,-194415.0,-186415.0,-186755.0
2025-06-20,2025-06-26,4,Friday,09:30,11:00,24852.0,24850,24800,0.209,0.19,0.895,1.029,10.91,163.65,158.4,322.05,285.8,94.3,380.1,-58.05,-4354.0,-4554.0,-193777.0,-185777.0,-186117.0
2026-01-16,2026-01-20,2,Friday,10:30,15:25,25941.6,25950,25700,0.931,0.218,0.613,0.779,9.16,87.0,137.1,224.1,29.15,252.85,282.0,-57.9,-4342.0,-4542.0,-193298.0,-185298.0,-185638.0
2026-04-06,2026-04-07,1,Monday,10:00,15:25,22659.0,22650,22700,0.181,-0.101,0.118,0.812,29.04,169.25,251.05,420.3,397.75,80.1,477.85,-57.55,-4316.0,-4516.0,-192181.0,-184181.0,-184521.0
2025-07-02,2025-07-03,1,Wednesday,10:00,15:25,25643.0,25650,25600,0.168,-0.957,0.133,0.349,11.97,39.0,136.5,175.5,16.05,216.85,232.9,-57.4,-4305.0,-4505.0,-191702.0,-183702.0,-184043.0
2026-02-19,2026-02-24,3,Thursday,09:30,12:00,25815.0,25800,25800,0.058,0.084,0.363,0.533,14.98,127.2,107.6,234.8,82.95,209.2,292.15,-57.35,-4301.0,-4501.0,-191543.0,-183543.0,-183883.0
2026-01-21,2026-01-27,4,Wednesday,10:00,13:00,25202.5,25200,26000,3.164,-0.125,0.367,0.768,9.53,149.5,150.2,299.7,239.75,117.15,356.9,-57.2,-4290.0,-4490.0,-191064.0,-183064.0,-183404.0
2025-06-06,2025-06-12,4,Friday,09:30,13:00,24815.8,24800,24700,0.467,-0.077,0.258,0.713,18.86,142.25,203.5,345.75,301.6,101.3,402.9,-57.15,-4286.0,-4486.0,-190904.0,-182904.0,-183245.0
2026-01-23,2026-01-27,2,Friday,10:00,15:25,25323.8,25300,25300,0.094,0.019,0.236,0.44,10.11,126.95,103.0,229.95,37.3,249.5,286.8,-56.85,-4264.0,-4464.0,-189947.0,-181947.0,-182287.0
2026-01-22,2026-01-27,3,Thursday,10:00,13:00,25437.2,25450,26000,2.213,0.556,0.029,0.644,9.51,132.4,140.0,272.4,57.6,271.55,329.15,-56.75,-4256.0,-4456.0,-189628.0,-181628.0,-181968.0
2026-02-27,2026-03-02,1,Friday,10:30,15:25,25457.0,25450,25500,0.169,-0.261,0.415,0.634,15.58,59.05,183.9,242.95,30.35,269.3,299.65,-56.7,-4253.0,-4453.0,-189468.0,-181468.0,-181809.0
2026-02-20,2026-02-24,2,Friday,09:30,12:00,25440.0,25450,25500,0.236,0.02,0.583,0.766,16.08,123.6,133.9,257.5,241.2,72.95,314.15,-56.65,-4249.0,-4449.0,-189309.0,-181309.0,-181649.0
2026-03-13,2026-03-17,2,Friday,10:30,15:25,23437.0,23450,23500,0.269,-0.923,0.255,0.761,17.91,200.15,282.9,483.05,124.05,414.7,538.75,-55.7,-4178.0,-4378.0,-186277.0,-178277.0,-178617.0
2026-02-19,2026-02-24,3,Thursday,10:30,13:00,25752.3,25750,25800,0.185,0.084,0.363,0.533,14.98,125.75,125.85,251.6,84.6,222.4,307.0,-55.4,-4155.0,-4355.0,-185319.0,-177319.0,-177660.0
2025-10-31,2025-11-04,2,Friday,09:30,15:25,26074.4,26050,26000,0.285,-0.097,0.058,0.574,13.39,77.8,160.6,238.4,30.9,262.75,293.65,-55.25,-4144.0,-4344.0,-184840.0,-176840.0,-177181.0
2025-06-06,2025-06-12,4,Friday,10:30,12:00,24936.6,24950,24700,0.949,-0.077,0.258,0.713,18.86,134.0,224.75,358.75,263.8,149.9,413.7,-54.95,-4121.0,-4321.0,-183883.0,-175883.0,-176223.0
2026-01-22,2026-01-27,3,Thursday,10:00,11:00,25437.2,25450,26000,2.213,0.556,0.029,0.644,9.51,132.4,140.0,272.4,59.65,267.65,327.3,-54.9,-4117.0,-4317.0,-183723.0,-175723.0,-176064.0
2025-05-23,2025-05-29,4,Friday,09:30,12:00,24729.1,24750,25000,1.095,-0.035,0.598,0.949,19.21,182.55,207.3,389.85,282.0,162.35,444.35,-54.5,-4088.0,-4288.0,-182447.0,-174447.0,-174787.0
2025-06-06,2025-06-12,4,Friday,09:30,11:00,24815.8,24800,24700,0.467,-0.077,0.258,0.713,18.86,142.25,203.5,345.75,284.4,115.25,399.65,-53.9,-4042.0,-4242.0,-180532.0,-172532.0,-172872.0
2025-06-02,2025-06-05,3,Monday,10:00,12:00,24700.0,24700,24800,0.405,-0.213,0.419,0.806,19.39,147.7,238.5,386.2,206.05,233.55,439.6,-53.4,-4005.0,-4205.0,-178936.0,-170936.0,-171277.0
2026-02-19,2026-02-24,3,Thursday,10:00,12:00,25781.1,25800,25800,0.073,0.084,0.363,0.533,14.98,112.35,126.6,238.95,82.95,209.2,292.15,-53.2,-3990.0,-4190.0,-178298.0,-170298.0,-170638.0
2026-01-21,2026-01-27,4,Wednesday,09:30,12:00,25293.7,25300,26000,2.792,-0.125,0.367,0.768,9.53,148.5,153.9,302.4,83.15,272.1,355.25,-52.85,-3964.0,-4164.0,-177181.0,-169181.0,-169521.0
2026-02-13,2026-02-17,2,Friday,09:30,15:25,25630.0,25650,26000,1.444,-0.48,0.432,0.557,14.61,79.95,134.2,214.15,55.2,211.7,266.9,-52.75,-3956.0,-4156.0,-176862.0,-168862.0,-169202.0
2026-02-20,2026-02-24,2,Friday,09:30,11:00,25440.0,25450,25500,0.236,0.02,0.583,0.766,16.08,123.6,133.9,257.5,230.8,79.2,310.0,-52.5,-3938.0,-4138.0,-176064.0,-168064.0,-168404.0
2025-05-12,2025-05-15,3,Monday,10:00,13:00,24805.1,24800,24000,3.246,1.594,1.289,1.716,13.84,131.5,209.9,341.4,204.55,189.3,393.85,-52.45,-3934.0,-4134.0,-175904.0,-167904.0,-168245.0
2025-12-10,2025-12-16,4,Wednesday,10:00,15:25,25995.3,26000,26000,0.018,-0.295,0.59,0.69,10.8,91.9,166.95,258.85,53.15,257.8,310.95,-52.1,-3907.0,-4107.0,-174787.0,-166787.0,-167128.0
2025-11-24,2025-11-25,1,Monday,10:30,15:25,26141.6,26150,26100,0.159,0.142,0.136,0.264,11.4,73.5,77.6,151.1,17.05,186.0,203.05,-51.95,-3896.0,-4096.0,-174309.0,-166309.0,-166649.0
2025-04-23,2025-04-24,1,Wednesday,10:00,11:00,24306.5,24300,24300,0.027,0.604,0.309,0.678,,83.4,73.65,157.05,34.65,174.15,208.8,-51.75,-3881.0,-4081.0,-173670.0,-165670.0,-166011.0
2026-02-20,2026-02-24,2,Friday,09:30,13:00,25440.0,25450,25500,0.236,0.02,0.583,0.766,16.08,123.6,133.9,257.5,235.7,72.7,308.4,-50.9,-3817.0,-4017.0,-170957.0,-162957.0,-163298.0
2025-06-24,2025-06-26,2,Tuesday,09:30,12:00,25211.3,25200,25000,0.838,0.321,0.295,0.591,10.66,123.45,108.1,231.55,204.95,77.45,282.4,-50.85,-3814.0,-4014.0,-170798.0,-162798.0,-163138.0
2025-05-20,2025-05-22,2,Tuesday,09:30,13:00,24988.3,25000,25000,0.047,0.301,0.353,0.539,20.13,103.05,170.25,273.3,68.65,255.35,324.0,-50.7,-3802.0,-4002.0,-170319.0,-162319.0,-162660.0
2025-06-20,2025-06-26,4,Friday,10:00,11:00,24888.7,24900,24800,0.356,0.19,0.895,1.029,10.91,149.95,159.95,309.9,250.9,109.2,360.1,-50.2,-3765.0,-3965.0,-168723.0,-160723.0,-161064.0
2026-05-04,2026-05-05,1,Monday,10:30,13:00,24308.0,24300,24200,0.444,0.394,0.359,0.662,27.97,96.95,143.8,240.75,52.75,238.15,290.9,-50.15,-3761.0,-3961.0,-168564.0,-160564.0,-160904.0
2025-07-28,2025-07-31,3,Monday,10:30,15:25,24925.0,24900,25000,0.301,-0.557,0.467,0.701,9.17,127.25,101.2,228.45,44.0,234.15,278.15,-49.7,-3727.0,-3927.0,-167128.0,-159128.0,-159468.0
2025-05-23,2025-05-29,4,Friday,10:00,13:00,24820.1,24800,25000,0.725,-0.035,0.598,0.949,19.21,213.8,191.65,405.45,289.8,165.3,455.1,-49.65,-3724.0,-3924.0,-166968.0,-158968.0,-159309.0
2025-06-02,2025-06-05,3,Monday,10:00,11:00,24700.0,24700,24800,0.405,-0.213,0.419,0.806,19.39,147.7,238.5,386.2,183.55,251.95,435.5,-49.3,-3698.0,-3898.0,-165851.0,-157851.0,-158191.0
2025-12-01,2025-12-02,1,Monday,10:00,12:00,26442.8,26450,26300,0.54,0.224,0.005,0.242,10.33,17.85,176.85,194.7,8.9,235.0,243.9,-49.2,-3690.0,-3890.0,-165532.0,-157532.0,-157872.0
2025-10-17,2025-10-20,1,Friday,10:00,12:00,25668.0,25650,25600,0.265,-0.104,0.41,0.578,10.7,77.0,99.9,176.9,177.65,47.95,225.6,-48.7,-3653.0,-3853.0,-163936.0,-155936.0,-156277.0
2025-08-08,2025-08-14,4,Friday,09:30,15:25,24584.2,24600,24600,0.064,-0.186,0.523,0.726,8.53,105.65,166.1,271.75,56.8,263.1,319.9,-48.15,-3611.0,-3811.0,-162181.0,-154181.0,-154521.0
2025-10-08,2025-10-14,4,Wednesday,10:00,12:00,25252.5,25250,25200,0.208,-0.088,0.056,0.424,9.35,78.25,135.0,213.25,44.9,216.3,261.2,-47.95,-3596.0,-3796.0,-161543.0,-153543.0,-153883.0
2025-06-20,2025-06-26,4,Friday,10:00,13:00,24888.7,24900,24800,0.356,0.19,0.895,1.029,10.91,149.95,159.95,309.9,261.5,96.2,357.7,-47.8,-3585.0,-3785.0,-161064.0,-153064.0,-153404.0
2025-05-23,2025-05-29,4,Friday,10:30,13:00,24815.0,24800,25000,0.746,-0.035,0.598,0.949,19.21,211.4,196.25,407.65,289.8,165.3,455.1,-47.45,-3559.0,-3759.0,-159947.0,-151947.0,-152287.0
2026-01-21,2026-01-27,4,Wednesday,10:30,11:00,25146.0,25150,26000,3.396,-0.125,0.367,0.768,9.53,148.55,156.45,305.0,116.9,235.45,352.35,-47.35,-3551.0,-3751.0,-159628.0,-151628.0,-151968.0
2025-05-20,2025-05-22,2,Tuesday,10:30,15:25,24958.4,24950,25000,0.167,0.301,0.353,0.539,20.13,113.7,158.5,272.2,49.95,269.6,319.55,-47.35,-3551.0,-3751.0,-159628.0,-151628.0,-151968.0
2025-05-12,2025-05-15,3,Monday,10:30,13:00,24800.0,24800,24000,3.226,1.594,1.289,1.716,13.84,130.45,216.2,346.65,204.55,189.3,393.85,-47.2,-3540.0,-3740.0,-159149.0,-151149.0,-151489.0
2025-06-06,2025-06-12,4,Friday,09:30,15:25,24815.8,24800,24700,0.467,-0.077,0.258,0.713,18.86,142.25,203.5,345.75,310.05,82.85,392.9,-47.15,-3536.0,-3736.0,-158989.0,-150989.0,-151330.0
2026-02-16,2026-02-17,1,Monday,10:00,15:25,25530.0,25550,25500,0.118,-0.102,0.452,0.664,15.54,59.45,108.15,167.6,180.25,34.35,214.6,-47.0,-3525.0,-3725.0,-158511.0,-150511.0,-150851.0
2025-10-17,2025-10-20,1,Friday,09:30,12:00,25661.9,25650,25600,0.241,-0.104,0.41,0.578,10.7,76.2,102.5,178.7,177.65,47.95,225.6,-46.9,-3518.0,-3718.0,-158191.0,-150191.0,-150532.0
2025-05-23,2025-05-29,4,Friday,10:00,11:00,24820.1,24800,25000,0.725,-0.035,0.598,0.949,19.21,213.8,191.65,405.45,297.6,154.7,452.3,-46.85,-3514.0,-3714.0,-158032.0,-150032.0,-150372.0
2025-09-26,2025-09-30,2,Friday,10:30,15:25,24844.0,24850,25000,0.628,-0.129,0.32,0.437,6.7,83.3,90.25,173.55,33.5,186.85,220.35,-46.8,-3510.0,-3710.0,-157872.0,-149872.0,-150213.0
2026-05-04,2026-05-05,1,Monday,09:30,13:00,24316.5,24300,24200,0.479,0.394,0.359,0.662,27.97,106.9,137.25,244.15,52.75,238.15,290.9,-46.75,-3506.0,-3706.0,-157713.0,-149713.0,-150053.0
2026-01-05,2026-01-06,1,Monday,09:30,15:25,26415.3,26400,26300,0.436,0.082,0.049,0.451,9.27,21.95,124.35,146.3,6.15,186.9,193.05,-46.75,-3506.0,-3706.0,-157713.0,-149713.0,-150053.0
2025-10-08,2025-10-14,4,Wednesday,09:30,12:00,25270.1,25250,25200,0.277,-0.088,0.056,0.424,9.35,87.9,127.0,214.9,44.9,216.3,261.2,-46.3,-3472.0,-3672.0,-156277.0,-148277.0,-148617.0
2026-01-12,2026-01-13,1,Monday,10:30,12:00,25688.8,25700,25700,0.044,-0.732,0.329,0.593,8.78,38.1,138.6,176.7,17.15,205.4,222.55,-45.85,-3439.0,-3639.0,-154840.0,-146840.0,-147181.0
2025-06-02,2025-06-05,3,Monday,10:00,15:25,24700.0,24700,24800,0.405,-0.213,0.419,0.806,19.39,147.7,238.5,386.2,220.6,211.4,432.0,-45.8,-3435.0,-3635.0,-154681.0,-146681.0,-147021.0
2025-06-02,2025-06-05,3,Monday,09:30,13:00,24657.9,24650,24800,0.576,-0.213,0.419,0.806,19.39,155.35,247.75,403.1,249.9,198.8,448.7,-45.6,-3420.0,-3620.0,-154043.0,-146043.0,-146383.0
2025-10-31,2025-11-04,2,Friday,09:30,11:00,26074.4,26050,26000,0.285,-0.097,0.058,0.574,13.39,77.8,160.6,238.4,37.8,246.15,283.95,-45.55,-3416.0,-3616.0,-153883.0,-145883.0,-146223.0
2025-10-08,2025-10-14,4,Wednesday,10:00,15:25,25252.5,25250,25200,0.208,-0.088,0.056,0.424,9.35,78.25,135.0,213.25,34.35,224.25,258.6,-45.35,-3401.0,-3601.0,-153245.0,-145245.0,-145585.0
2025-07-29,2025-07-31,2,Tuesday,10:30,15:25,24655.5,24650,25000,1.397,-0.284,0.102,0.507,8.19,102.65,94.3,196.95,221.15,21.05,242.2,-45.25,-3394.0,-3594.0,-152926.0,-144926.0,-145266.0
2026-03-06,2026-03-10,2,Friday,10:00,15:25,24723.2,24700,24600,0.498,-0.572,0.221,0.424,14.72,180.15,245.65,425.8,115.0,356.0,471.0,-45.2,-3390.0,-3590.0,-152766.0,-144766.0,-145106.0
2025-12-10,2025-12-16,4,Wednesday,09:30,15:25,25999.5,26000,26000,0.002,-0.295,0.59,0.69,10.8,95.65,170.1,265.75,53.15,257.8,310.95,-45.2,-3390.0,-3590.0,-152766.0,-144766.0,-145106.0
2025-10-31,2025-11-04,2,Friday,09:30,13:00,26074.4,26050,26000,0.285,-0.097,0.058,0.574,13.39,77.8,160.6,238.4,33.55,250.0,283.55,-45.15,-3386.0,-3586.0,-152606.0,-144606.0,-144947.0
2026-02-16,2026-02-17,1,Monday,10:30,15:25,25561.6,25550,25500,0.241,-0.102,0.452,0.664,15.54,77.85,91.75,169.6,180.25,34.35,214.6,-45.0,-3375.0,-3575.0,-152128.0,-144128.0,-144468.0
2025-11-24,2025-11-25,1,Monday,09:30,15:25,26142.0,26150,26100,0.161,0.142,0.136,0.264,11.4,76.05,82.15,158.2,17.05,186.0,203.05,-44.85,-3364.0,-3564.0,-151649.0,-143649.0,-143989.0
2025-05-23,2025-05-29,4,Friday,10:30,11:00,24815.0,24800,25000,0.746,-0.035,0.598,0.949,19.21,211.4,196.25,407.65,297.6,154.7,452.3,-44.65,-3349.0,-3549.0,-151011.0,-143011.0,-143351.0
2025-07-18,2025-07-24,4,Friday,10:00,11:00,25095.0,25100,25200,0.418,-0.01,0.612,0.675,10.17,111.75,140.4,252.15,77.25,219.55,296.8,-44.65,-3349.0,-3549.0,-151011.0,-143011.0,-143351.0
2025-12-10,2025-12-16,4,Wednesday,10:30,11:00,26039.8,26050,26000,0.153,-0.295,0.59,0.69,10.8,85.35,171.1,256.45,57.05,243.75,300.8,-44.35,-3326.0,-3526.0,-150053.0,-142053.0,-142394.0
2026-04-02,2026-04-07,3,Thursday,10:30,15:25,22315.9,22300,23000,3.066,-2.217,0.61,0.906,29.36,268.3,337.3,605.6,502.0,147.5,649.5,-43.9,-3292.0,-3492.0,-148617.0,-140617.0,-140957.0
2025-09-04,2025-09-09,3,Thursday,10:00,12:00,25009.1,25000,25000,0.036,0.428,0.062,0.491,10.22,71.2,134.4,205.6,47.4,202.0,249.4,-43.8,-3285.0,-3485.0,-148298.0,-140298.0,-140638.0
2025-10-08,2025-10-14,4,Wednesday,09:30,15:25,25270.1,25250,25200,0.277,-0.088,0.056,0.424,9.35,87.9,127.0,214.9,34.35,224.25,258.6,-43.7,-3278.0,-3478.0,-147979.0,-139979.0,-140319.0
2025-12-08,2025-12-09,1,Monday,09:30,12:00,26279.9,26300,26200,0.304,-0.038,0.3,0.387,10.12,21.25,159.6,180.85,9.2,215.3,224.5,-43.65,-3274.0,-3474.0,-147819.0,-139819.0,-140160.0
2025-12-08,2025-12-09,1,Monday,09:30,11:00,26279.9,26300,26200,0.304,-0.038,0.3,0.387,10.12,21.25,159.6,180.85,9.95,214.45,224.4,-43.55,-3266.0,-3466.0,-147500.0,-139500.0,-139840.0
2026-02-26,2026-03-02,2,Thursday,10:30,12:00,25675.0,25700,25500,0.682,0.215,0.006,0.347,15.68,61.05,214.75,275.8,45.2,273.9,319.1,-43.3,-3247.0,-3447.0,-146702.0,-138702.0,-139043.0
2026-02-26,2026-03-02,2,Thursday,10:00,13:00,25665.6,25650,25500,0.645,0.215,0.006,0.347,15.68,78.4,188.05,266.45,49.9,259.55,309.45,-43.0,-3225.0,-3425.0,-145745.0,-137745.0,-138085.0
2025-04-29,2025-04-30,1,Tuesday,09:30,12:00,24512.0,24500,24400,0.457,0.126,0.221,0.62,18.12,44.15,147.1,191.25,16.85,217.0,233.85,-42.6,-3195.0,-3395.0,-144468.0,-136468.0,-136809.0
2025-07-18,2025-07-24,4,Friday,09:30,12:00,25133.2,25150,25200,0.266,-0.01,0.612,0.675,10.17,104.65,148.2,252.85,66.15,229.3,295.45,-42.6,-3195.0,-3395.0,-144468.0,-136468.0,-136809.0
2025-09-26,2025-09-30,2,Friday,10:00,15:25,24851.3,24850,25000,0.598,-0.129,0.32,0.437,6.7,89.8,88.05,177.85,33.5,186.85,220.35,-42.5,-3188.0,-3388.0,-144149.0,-136149.0,-136489.0
2025-08-12,2025-08-14,2,Tuesday,10:00,11:00,24739.3,24750,24600,0.563,-0.036,0.326,0.687,9.57,69.85,121.8,191.65,38.15,195.5,233.65,-42.0,-3150.0,-3350.0,-142553.0,-134553.0,-134894.0
2026-04-16,2026-04-21,3,Thursday,09:30,12:00,24377.0,24400,25000,2.556,-0.718,0.186,0.509,32.17,176.25,200.0,376.25,101.6,316.4,418.0,-41.75,-3131.0,-3331.0,-141755.0,-133755.0,-134096.0
2026-02-27,2026-03-02,1,Friday,09:30,13:00,25508.5,25500,25500,0.033,-0.261,0.415,0.634,15.58,60.4,181.0,241.4,35.7,246.85,282.55,-41.15,-3086.0,-3286.0,-139840.0,-131840.0,-132181.0
2025-09-26,2025-09-30,2,Friday,09:30,15:25,24838.9,24850,25000,0.649,-0.129,0.32,0.437,6.7,81.55,97.95,179.5,33.5,186.85,220.35,-40.85,-3064.0,-3264.0,-138883.0,-130883.0,-131223.0
2025-12-10,2025-12-16,4,Wednesday,10:30,12:00,26039.8,26050,26000,0.153,-0.295,0.59,0.69,10.8,85.35,171.1,256.45,54.3,242.85,297.15,-40.7,-3052.0,-3252.0,-138404.0,-130404.0,-130745.0
2025-07-18,2025-07-24,4,Friday,09:30,13:00,25133.2,25150,25200,0.266,-0.01,0.612,0.675,10.17,104.65,148.2,252.85,66.25,227.2,293.45,-40.6,-3045.0,-3245.0,-138085.0,-130085.0,-130426.0
2025-06-16,2025-06-19,3,Monday,10:00,15:25,24785.0,24800,24800,0.061,0.078,0.512,0.614,11.07,114.5,164.95,279.45,235.75,84.15,319.9,-40.45,-3034.0,-3234.0,-137606.0,-129606.0,-129947.0
2026-04-06,2026-04-07,1,Monday,10:30,15:25,22697.9,22700,22700,0.009,-0.101,0.118,0.812,29.04,159.4,249.5,408.9,358.25,90.9,449.15,-40.25,-3019.0,-3219.0,-136968.0,-128968.0,-129309.0
2026-05-04,2026-05-05,1,Monday,10:00,15:25,24345.4,24350,24200,0.597,0.394,0.359,0.662,27.97,88.95,144.9,233.85,44.25,229.55,273.8,-39.95,-2996.0,-3196.0,-136011.0,-128011.0,-128351.0
2026-03-23,2026-03-24,1,Monday,09:30,13:00,22723.1,22700,22700,0.102,-1.404,1.163,1.262,21.75,222.15,218.65,440.8,139.0,341.7,480.7,-39.9,-2992.0,-3192.0,-135851.0,-127851.0,-128191.0
2025-08-12,2025-08-14,2,Tuesday,10:00,12:00,24739.3,24750,24600,0.563,-0.036,0.326,0.687,9.57,69.85,121.8,191.65,33.05,198.4,231.45,-39.8,-2985.0,-3185.0,-135532.0,-127532.0,-127872.0
2025-06-18,2025-06-19,1,Wednesday,10:00,12:00,24946.0,24950,24900,0.184,-0.079,0.3,0.659,11.63,81.75,111.6,193.35,31.4,201.25,232.65,-39.3,-2948.0,-3148.0,-133936.0,-125936.0,-126277.0
2025-12-08,2025-12-09,1,Monday,10:30,13:00,26242.0,26250,26200,0.16,-0.038,0.3,0.387,10.12,21.7,152.35,174.05,11.45,201.85,213.3,-39.25,-2944.0,-3144.0,-133777.0,-125777.0,-126117.0
2025-06-06,2025-06-12,4,Friday,10:00,13:00,24792.5,24800,24700,0.373,-0.077,0.258,0.713,18.86,142.65,221.05,363.7,301.6,101.3,402.9,-39.2,-2940.0,-3140.0,-133617.0,-125617.0,-125957.0
2026-02-16,2026-02-17,1,Monday,09:30,15:25,25526.0,25550,25500,0.102,-0.102,0.452,0.664,15.54,60.4,115.0,175.4,180.25,34.35,214.6,-39.2,-2940.0,-3140.0,-133617.0,-125617.0,-125957.0
2026-01-22,2026-01-27,3,Thursday,09:30,13:00,25412.7,25400,26000,2.311,0.556,0.029,0.644,9.51,144.85,124.7,269.55,71.4,236.6,308.0,-38.45,-2884.0,-3084.0,-131223.0,-123223.0,-123564.0
2025-07-02,2025-07-03,1,Wednesday,09:30,13:00,25660.2,25650,25600,0.235,-0.957,0.133,0.349,11.97,46.95,121.5,168.45,18.0,188.8,206.8,-38.35,-2876.0,-3076.0,-130904.0,-122904.0,-123245.0
2026-04-29,2026-05-05,4,Wednesday,09:30,11:00,24201.0,24200,24100,0.417,0.558,1.044,1.16,30.09,159.0,218.2,377.2,273.65,141.4,415.05,-37.85,-2839.0,-3039.0,-129309.0,-121309.0,-121649.0
2025-06-18,2025-06-19,1,Wednesday,10:00,13:00,24946.0,24950,24900,0.184,-0.079,0.3,0.659,11.63,81.75,111.6,193.35,27.7,203.15,230.85,-37.5,-2812.0,-3012.0,-128191.0,-120191.0,-120532.0
2025-05-27,2025-05-29,2,Tuesday,10:30,12:00,24775.5,24800,25000,0.906,-0.49,0.892,1.076,18.95,198.25,221.25,419.5,324.55,132.25,456.8,-37.3,-2798.0,-2998.0,-127553.0,-119553.0,-119894.0
2026-03-13,2026-03-17,2,Friday,10:00,15:25,23417.0,23400,23500,0.354,-0.923,0.255,0.761,17.91,221.3,263.9,485.2,140.85,381.65,522.5,-37.3,-2798.0,-2998.0,-127553.0,-119553.0,-119894.0
2026-03-16,2026-03-17,1,Monday,09:30,11:00,23262.1,23250,23200,0.267,0.029,0.612,1.171,18.55,151.35,196.6,347.95,89.0,296.2,385.2,-37.25,-2794.0,-2994.0,-127394.0,-119394.0,-119734.0
2026-01-22,2026-01-27,3,Thursday,09:30,11:00,25412.7,25400,26000,2.311,0.556,0.029,0.644,9.51,144.85,124.7,269.55,74.1,232.55,306.65,-37.1,-2782.0,-2982.0,-126915.0,-118915.0,-119255.0
2025-09-29,2025-09-30,1,Monday,10:00,13:00,24812.0,24800,24700,0.451,0.223,0.264,0.498,7.39,70.65,58.3,128.95,21.75,144.2,165.95,-37.0,-2775.0,-2975.0,-126596.0,-118596.0,-118936.0
2025-05-20,2025-05-22,2,Tuesday,10:00,15:25,24954.0,24950,25000,0.184,0.301,0.353,0.539,20.13,115.7,167.2,282.9,49.95,269.6,319.55,-36.65,-2749.0,-2949.0,-125479.0,-117479.0,-117819.0
2025-05-13,2025-05-15,2,Tuesday,09:30,13:00,24832.3,24850,26000,4.702,-0.363,0.877,1.214,20.6,139.2,247.5,386.7,85.0,338.25,423.25,-36.55,-2741.0,-2941.0,-125160.0,-117160.0,-117500.0
2025-10-27,2025-10-28,1,Monday,09:30,12:00,25954.1,25950,25900,0.208,0.336,0.531,0.671,12.57,80.0,76.8,156.8,149.95,43.4,193.35,-36.55,-2741.0,-2941.0,-125160.0,-117160.0,-117500.0
2025-09-04,2025-09-09,3,Thursday,09:30,12:00,25009.9,25000,25000,0.04,0.428,0.062,0.491,10.22,71.0,142.0,213.0,47.4,202.0,249.4,-36.4,-2730.0,-2930.0,-124681.0,-116681.0,-117021.0
2026-04-01,2026-04-07,4,Wednesday,10:00,15:25,22996.0,23000,23000,0.017,2.328,0.164,0.832,26.76,267.1,335.85,602.95,182.45,456.75,639.2,-36.25,-2719.0,-2919.0,-124202.0,-116202.0,-116543.0
2025-04-29,2025-04-30,1,Tuesday,10:00,12:00,24485.0,24500,24400,0.347,0.126,0.221,0.62,18.12,34.3,163.4,197.7,16.85,217.0,233.85,-36.15,-2711.0,-2911.0,-123883.0,-115883.0,-116223.0
2025-07-11,2025-07-17,4,Friday,10:00,12:00,25341.0,25350,25500,0.627,-0.311,0.118,0.363,11.45,102.7,149.4,252.1,67.25,220.85,288.1,-36.0,-2700.0,-2900.0,-123404.0,-115404.0,-115745.0
2025-06-06,2025-06-12,4,Friday,10:00,11:00,24792.5,24800,24700,0.373,-0.077,0.258,0.713,18.86,142.65,221.05,363.7,284.4,115.25,399.65,-35.95,-2696.0,-2896.0,-123245.0,-115245.0,-115585.0
2025-06-02,2025-06-05,3,Monday,09:30,12:00,24657.9,24650,24800,0.576,-0.213,0.419,0.806,19.39,155.35,247.75,403.1,230.6,208.25,438.85,-35.75,-2681.0,-2881.0,-122606.0,-114606.0,-114947.0
2025-06-18,2025-06-19,1,Wednesday,09:30,12:00,24931.8,24950,24900,0.128,-0.079,0.3,0.659,11.63,74.8,122.15,196.95,31.4,201.25,232.65,-35.7,-2678.0,-2878.0,-122447.0,-114447.0,-114787.0
2025-05-23,2025-05-29,4,Friday,09:30,15:25,24729.1,24750,25000,1.095,-0.035,0.598,0.949,19.21,182.55,207.3,389.85,274.0,151.5,425.5,-35.65,-2674.0,-2874.0,-122287.0,-114287.0,-114628.0
2025-12-10,2025-12-16,4,Wednesday,10:00,13:00,25995.3,26000,26000,0.018,-0.295,0.59,0.69,10.8,91.9,166.95,258.85,58.7,235.6,294.3,-35.45,-2659.0,-2859.0,-121649.0,-113649.0,-113989.0
2025-12-12,2025-12-16,2,Friday,09:30,11:00,26133.9,26150,26000,0.512,0.331,0.119,0.416,11.12,51.2,150.95,202.15,29.4,207.95,237.35,-35.2,-2640.0,-2840.0,-120851.0,-112851.0,-113191.0
2026-02-13,2026-02-17,2,Friday,10:30,15:25,25615.0,25600,26000,1.503,-0.48,0.432,0.557,14.61,95.5,115.35,210.85,69.3,176.5,245.8,-34.95,-2621.0,-2821.0,-120053.0,-112053.0,-112394.0
2026-03-13,2026-03-17,2,Friday,10:30,13:00,23437.0,23450,23500,0.269,-0.923,0.255,0.761,17.91,200.15,282.9,483.05,154.3,363.7,518.0,-34.95,-2621.0,-2821.0,-120053.0,-112053.0,-112394.0
2025-06-16,2025-06-19,3,Monday,10:00,13:00,24785.0,24800,24800,0.061,0.078,0.512,0.614,11.07,114.5,164.95,279.45,225.5,88.8,314.3,-34.85,-2614.0,-2814.0,-119734.0,-111734.0,-112074.0
2025-05-06,2025-05-08,2,Tuesday,10:30,15:25,24480.0,24500,24500,0.082,0.032,0.38,0.475,14.22,32.45,136.45,168.9,22.75,180.9,203.65,-34.75,-2606.0,-2806.0,-119415.0,-111415.0,-111755.0
2026-02-26,2026-03-02,2,Thursday,09:30,13:00,25659.6,25650,25500,0.622,0.215,0.006,0.347,15.68,80.6,194.1,274.7,49.9,259.55,309.45,-34.75,-2606.0,-2806.0,-119415.0,-111415.0,-111755.0
2025-09-04,2025-09-09,3,Thursday,10:00,11:00,25009.1,25000,25000,0.036,0.428,0.062,0.491,10.22,71.2,134.4,205.6,49.85,190.0,239.85,-34.25,-2569.0,-2769.0,-117819.0,-109819.0,-110160.0
2025-06-16,2025-06-19,3,Monday,10:00,11:00,24785.0,24800,24800,0.061,0.078,0.512,0.614,11.07,114.5,164.95,279.45,205.9,107.75,313.65,-34.2,-2565.0,-2765.0,-117660.0,-109660.0,-110000.0
2025-06-24,2025-06-26,2,Tuesday,10:00,12:00,25224.3,25200,25000,0.889,0.321,0.295,0.591,10.66,134.7,113.6,248.3,204.95,77.45,282.4,-34.1,-2557.0,-2757.0,-117340.0,-109340.0,-109681.0
2025-06-18,2025-06-19,1,Wednesday,09:30,13:00,24931.8,24950,24900,0.128,-0.079,0.3,0.659,11.63,74.8,122.15,196.95,27.7,203.15,230.85,-33.9,-2543.0,-2743.0,-116702.0,-108702.0,-109043.0
2025-10-17,2025-10-20,1,Friday,10:00,11:00,25668.0,25650,25600,0.265,-0.104,0.41,0.578,10.7,77.0,99.9,176.9,161.3,49.4,210.7,-33.8,-2535.0,-2735.0,-116383.0,-108383.0,-108723.0
2026-01-12,2026-01-13,1,Monday,10:00,15:25,25670.0,25650,25700,0.117,-0.732,0.329,0.593,8.78,51.6,115.3,166.9,182.25,18.35,200.6,-33.7,-2527.0,-2727.0,-116064.0,-108064.0,-108404.0
2025-10-27,2025-10-28,1,Monday,09:30,11:00,25954.1,25950,25900,0.208,0.336,0.531,0.671,12.57,80.0,76.8,156.8,136.4,53.8,190.2,-33.4,-2505.0,-2705.0,-115106.0,-107106.0,-107447.0
2025-09-29,2025-09-30,1,Monday,10:30,13:00,24818.2,24800,24700,0.476,0.223,0.264,0.498,7.39,74.6,57.95,132.55,21.75,144.2,165.95,-33.4,-2505.0,-2705.0,-115106.0,-107106.0,-107447.0
2025-04-21,2025-04-24,3,Monday,09:30,13:00,23914.5,23900,23500,1.733,0.113,0.73,0.818,,175.0,165.2,340.2,329.75,43.75,373.5,-33.3,-2498.0,-2698.0,-114787.0,-106787.0,-107128.0
2025-07-11,2025-07-17,4,Friday,10:00,11:00,25341.0,25350,25500,0.627,-0.311,0.118,0.363,11.45,102.7,149.4,252.1,70.25,215.15,285.4,-33.3,-2497.0,-2697.0,-114787.0,-106787.0,-107128.0
2025-05-21,2025-05-22,1,Wednesday,09:30,11:00,24782.1,24800,25000,0.879,-0.108,0.827,1.07,20.41,88.5,152.4,240.9,200.85,73.35,274.2,-33.3,-2497.0,-2697.0,-114787.0,-106787.0,-107128.0
2025-05-26,2025-05-29,3,Monday,10:00,13:00,25099.5,25100,25000,0.396,0.241,0.22,0.756,19.27,200.55,201.0,401.55,165.5,269.3,434.8,-33.25,-2494.0,-2694.0,-114628.0,-106628.0,-106968.0
2026-02-13,2026-02-17,2,Friday,10:00,15:25,25609.9,25600,26000,1.523,-0.48,0.432,0.557,14.61,93.9,118.7,212.6,69.3,176.5,245.8,-33.2,-2490.0,-2690.0,-114468.0,-106468.0,-106809.0
2025-05-30,2025-06-05,4,Friday,10:00,11:00,24925.3,24950,24800,0.503,0.437,0.246,0.52,19.53,154.15,268.35,422.5,150.85,304.85,455.7,-33.2,-2490.0,-2690.0,-114468.0,-106468.0,-106809.0
2026-04-02,2026-04-07,3,Thursday,10:00,15:25,22307.0,22300,23000,3.107,-2.217,0.61,0.906,29.36,270.5,345.95,616.45,502.0,147.5,649.5,-33.05,-2479.0,-2679.0,-113989.0,-105989.0,-106330.0
2025-10-31,2025-11-04,2,Friday,09:30,12:00,26074.4,26050,26000,0.285,-0.097,0.058,0.574,13.39,77.8,160.6,238.4,39.4,231.85,271.25,-32.85,-2464.0,-2664.0,-113351.0,-105351.0,-105691.0
2025-06-16,2025-06-19,3,Monday,09:30,15:25,24822.0,24800,24800,0.089,0.078,0.512,0.614,11.07,135.4,151.65,287.05,235.75,84.15,319.9,-32.85,-2464.0,-2664.0,-113351.0,-105351.0,-105691.0
2025-05-02,2025-05-08,4,Friday,10:30,12:00,24615.9,24600,24400,0.877,0.08,0.968,1.305,15.87,156.7,215.7,372.4,88.0,317.2,405.2,-32.8,-2460.0,-2660.0,-113191.0,-105191.0,-105532.0
2026-04-30,2026-05-05,3,Thursday,09:30,11:00,23945.3,23950,24000,0.228,-0.689,0.699,0.962,30.22,148.25,223.25,371.5,134.4,269.9,404.3,-32.8,-2460.0,-2660.0,-113191.0,-105191.0,-105532.0
2025-08-01,2025-08-07,4,Friday,10:30,13:00,24827.0,24850,24700,0.512,-0.275,0.141,0.423,7.29,112.15,197.25,309.4,71.2,270.95,342.15,-32.75,-2456.0,-2656.0,-113032.0,-105032.0,-105372.0
2025-07-11,2025-07-17,4,Friday,09:30,12:00,25356.5,25350,25500,0.566,-0.311,0.118,0.363,11.45,114.0,141.35,255.35,67.25,220.85,288.1,-32.75,-2456.0,-2656.0,-113032.0,-105032.0,-105372.0
2025-07-11,2025-07-17,4,Friday,10:00,15:25,25341.0,25350,25500,0.627,-0.311,0.118,0.363,11.45,102.7,149.4,252.1,58.95,225.65,284.6,-32.5,-2438.0,-2638.0,-112234.0,-104234.0,-104574.0
2025-12-08,2025-12-09,1,Monday,10:00,13:00,26230.4,26250,26200,0.116,-0.038,0.3,0.387,10.12,21.75,159.1,180.85,11.45,201.85,213.3,-32.45,-2434.0,-2634.0,-112074.0,-104074.0,-104415.0
2026-03-19,2026-03-24,3,Thursday,10:00,15:25,23236.4,23250,23300,0.274,-2.393,0.294,0.816,19.76,227.5,265.2,492.7,183.0,342.1,525.1,-32.4,-2430.0,-2630.0,-111915.0,-103915.0,-104255.0
2025-07-02,2025-07-03,1,Wednesday,10:30,15:25,25620.0,25600,25600,0.078,-0.957,0.133,0.349,11.97,46.35,118.75,165.1,23.1,174.25,197.35,-32.25,-2419.0,-2619.0,-111436.0,-103436.0,-103777.0
2025-09-04,2025-09-09,3,Thursday,10:30,15:25,24946.5,24950,25000,0.214,0.428,0.062,0.491,10.22,68.9,147.05,215.95,36.4,211.7,248.1,-32.15,-2411.0,-2611.0,-111117.0,-103117.0,-103457.0
2025-06-18,2025-06-19,1,Wednesday,10:30,12:00,24908.0,24900,24900,0.032,-0.079,0.3,0.659,11.63,76.25,99.8,176.05,43.65,164.5,208.15,-32.1,-2407.0,-2607.0,-110957.0,-102957.0,-103298.0
2025-10-17,2025-10-20,1,Friday,09:30,11:00,25661.9,25650,25600,0.241,-0.104,0.41,0.578,10.7,76.2,102.5,178.7,161.3,49.4,210.7,-32.0,-2400.0,-2600.0,-110638.0,-102638.0,-102979.0
2025-08-01,2025-08-07,4,Friday,10:00,15:25,24761.7,24750,24700,0.249,-0.275,0.141,0.423,7.29,128.75,174.3,303.05,77.55,257.2,334.75,-31.7,-2377.0,-2577.0,-109681.0,-101681.0,-102021.0
2025-08-12,2025-08-14,2,Tuesday,10:30,15:25,24676.1,24700,24600,0.308,-0.036,0.326,0.687,9.57,61.55,137.45,199.0,23.55,207.05,230.6,-31.6,-2370.0,-2570.0,-109362.0,-101362.0,-101702.0
2026-01-12,2026-01-13,1,Monday,09:30,15:25,25672.5,25650,25700,0.107,-0.732,0.329,0.593,8.78,58.65,110.45,169.1,182.25,18.35,200.6,-31.5,-2362.0,-2562.0,-109043.0,-101043.0,-101383.0
2025-06-02,2025-06-05,3,Monday,09:30,15:25,24657.9,24650,24800,0.576,-0.213,0.419,0.806,19.39,155.35,247.75,403.1,247.3,187.3,434.6,-31.5,-2362.0,-2562.0,-109043.0,-101043.0,-101383.0
2025-11-13,2025-11-18,3,Thursday,10:30,15:25,26001.5,26000,25800,0.775,-0.104,0.177,0.4,13.49,99.75,149.0,248.75,96.8,183.3,280.1,-31.35,-2351.0,-2551.0,-108564.0,-100564.0,-100904.0
2025-07-02,2025-07-03,1,Wednesday,10:00,13:00,25643.0,25650,25600,0.168,-0.957,0.133,0.349,11.97,39.0,136.5,175.5,18.0,188.8,206.8,-31.3,-2348.0,-2548.0,-108404.0,-100404.0,-100745.0
2025-07-11,2025-07-17,4,Friday,10:00,13:00,25341.0,25350,25500,0.627,-0.311,0.118,0.363,11.45,102.7,149.4,252.1,65.35,218.0,283.35,-31.25,-2344.0,-2544.0,-108245.0,-100245.0,-100585.0
2026-01-16,2026-01-20,2,Friday,10:30,13:00,25941.6,25950,25700,0.931,0.218,0.613,0.779,9.16,87.0,137.1,224.1,39.1,216.05,255.15,-31.05,-2329.0,-2529.0,-107606.0,-99606.0,-99947.0
2025-06-16,2025-06-19,3,Monday,10:00,12:00,24785.0,24800,24800,0.061,0.078,0.512,0.614,11.07,114.5,164.95,279.45,210.25,100.2,310.45,-31.0,-2325.0,-2525.0,-107447.0,-99447.0,-99787.0
2025-07-21,2025-07-24,3,Monday,09:30,11:00,24949.8,24950,25000,0.201,-0.23,0.521,0.807,10.39,96.9,119.65,216.55,192.1,55.4,247.5,-30.95,-2321.0,-2521.0,-107287.0,-99287.0,-99628.0
2026-04-16,2026-04-21,3,Thursday,09:30,15:25,24377.0,24400,25000,2.556,-0.718,0.186,0.509,32.17,176.25,200.0,376.25,96.5,310.7,407.2,-30.95,-2321.0,-2521.0,-107287.0,-99287.0,-99628.0
2026-02-18,2026-02-24,4,Wednesday,10:00,15:25,25672.2,25650,25700,0.108,0.062,0.264,0.427,15.04,155.8,130.25,286.05,246.5,70.3,316.8,-30.75,-2306.0,-2506.0,-106649.0,-98649.0,-98989.0
2026-01-08,2026-01-13,3,Thursday,10:00,11:00,26176.2,26200,26200,0.091,-0.183,0.164,0.302,8.33,47.25,150.3,197.55,37.0,191.25,228.25,-30.7,-2302.0,-2502.0,-106489.0,-98489.0,-98830.0
2025-10-23,2025-10-28,3,Thursday,10:30,15:25,26136.0,26150,26000,0.52,1.144,0.079,0.665,12.89,114.7,128.0,242.7,43.3,230.05,273.35,-30.65,-2299.0,-2499.0,-106330.0,-98330.0,-98670.0
2025-07-02,2025-07-03,1,Wednesday,09:30,12:00,25660.2,25650,25600,0.235,-0.957,0.133,0.349,11.97,46.95,121.5,168.45,23.35,175.75,199.1,-30.65,-2299.0,-2499.0,-106330.0,-98330.0,-98670.0
2025-05-27,2025-05-29,2,Tuesday,10:00,12:00,24788.3,24800,25000,0.854,-0.49,0.892,1.076,18.95,205.5,220.8,426.3,324.55,132.25,456.8,-30.5,-2288.0,-2488.0,-105851.0,-97851.0,-98191.0
2026-01-21,2026-01-27,4,Wednesday,10:00,12:00,25202.5,25200,26000,3.164,-0.125,0.367,0.768,9.53,149.5,150.2,299.7,120.35,209.6,329.95,-30.25,-2269.0,-2469.0,-105053.0,-97053.0,-97394.0
2026-03-11,2026-03-17,4,Wednesday,10:00,11:00,24231.5,24250,24300,0.283,-0.273,0.531,0.756,16.85,222.5,299.35,521.85,214.6,337.35,551.95,-30.1,-2258.0,-2458.0,-104574.0,-96574.0,-96915.0
2026-03-16,2026-03-17,1,Monday,10:00,11:00,23250.7,23250,23200,0.218,0.029,0.612,1.171,18.55,150.75,204.4,355.15,89.0,296.2,385.2,-30.05,-2254.0,-2454.0,-104415.0,-96415.0,-96755.0
2025-07-11,2025-07-17,4,Friday,09:30,11:00,25356.5,25350,25500,0.566,-0.311,0.118,0.363,11.45,114.0,141.35,255.35,70.25,215.15,285.4,-30.05,-2254.0,-2454.0,-104415.0,-96415.0,-96755.0
2025-04-29,2025-04-30,1,Tuesday,09:30,11:00,24512.0,24500,24400,0.457,0.126,0.221,0.62,18.12,44.15,147.1,191.25,21.15,200.1,221.25,-30.0,-2250.0,-2450.0,-104255.0,-96255.0,-96596.0
2025-08-29,2025-09-02,2,Friday,10:30,15:25,24664.0,24650,24500,0.665,0.612,0.016,0.387,10.6,55.05,154.8,209.85,28.4,211.35,239.75,-29.9,-2242.0,-2442.0,-103936.0,-95936.0,-96277.0
2026-04-29,2026-05-05,4,Wednesday,09:30,13:00,24201.0,24200,24100,0.417,0.558,1.044,1.16,30.09,159.0,218.2,377.2,283.75,123.35,407.1,-29.9,-2243.0,-2443.0,-103936.0,-95936.0,-96277.0
2026-01-21,2026-01-27,4,Wednesday,09:30,13:00,25293.7,25300,26000,2.792,-0.125,0.367,0.768,9.53,148.5,153.9,302.4,178.35,153.9,332.25,-29.85,-2239.0,-2439.0,-103777.0,-95777.0,-96117.0
2025-05-20,2025-05-22,2,Tuesday,10:30,13:00,24958.4,24950,25000,0.167,0.301,0.353,0.539,20.13,113.7,158.5,272.2,83.1,218.85,301.95,-29.75,-2231.0,-2431.0,-103457.0,-95457.0,-95798.0
2025-05-26,2025-05-29,3,Monday,09:30,13:00,25086.5,25100,25000,0.345,0.241,0.22,0.756,19.27,197.9,207.35,405.25,165.5,269.3,434.8,-29.55,-2216.0,-2416.0,-102819.0,-94819.0,-95160.0
2025-06-30,2025-07-03,3,Monday,09:30,15:25,25727.0,25750,25600,0.494,0.031,0.284,0.432,11.55,81.25,202.45,283.7,49.4,263.75,313.15,-29.45,-2209.0,-2409.0,-102500.0,-94500.0,-94840.0
2026-02-19,2026-02-24,3,Thursday,10:30,12:00,25752.3,25750,25800,0.185,0.084,0.363,0.533,14.98,125.75,125.85,251.6,102.0,178.85,280.85,-29.25,-2194.0,-2394.0,-101862.0,-93862.0,-94202.0
2025-07-11,2025-07-17,4,Friday,09:30,15:25,25356.5,25350,25500,0.566,-0.311,0.118,0.363,11.45,114.0,141.35,255.35,58.95,225.65,284.6,-29.25,-2194.0,-2394.0,-101862.0,-93862.0,-94202.0
2025-06-06,2025-06-12,4,Friday,10:00,15:25,24792.5,24800,24700,0.373,-0.077,0.258,0.713,18.86,142.65,221.05,363.7,310.05,82.85,392.9,-29.2,-2190.0,-2390.0,-101702.0,-93702.0,-94043.0
2025-05-02,2025-05-08,4,Friday,10:00,11:00,24709.0,24700,24400,1.251,0.08,0.968,1.305,15.87,152.3,220.65,372.95,78.7,323.2,401.9,-28.95,-2171.0,-2371.0,-100904.0,-92904.0,-93245.0
2025-04-23,2025-04-24,1,Wednesday,09:30,11:00,24279.9,24300,24300,0.083,0.604,0.309,0.678,,78.65,101.25,179.9,34.65,174.15,208.8,-28.9,-2168.0,-2368.0,-100745.0,-92745.0,-93085.0
2025-06-02,2025-06-05,3,Monday,10:30,13:00,24705.0,24700,24800,0.385,-0.213,0.419,0.806,19.39,165.7,252.45,418.15,224.75,222.2,446.95,-28.8,-2160.0,-2360.0,-100426.0,-92426.0,-92766.0
2025-05-23,2025-05-29,4,Friday,10:00,12:00,24820.1,24800,25000,0.725,-0.035,0.598,0.949,19.21,213.8,191.65,405.45,251.35,182.9,434.25,-28.8,-2160.0,-2360.0,-100426.0,-92426.0,-92766.0
2026-04-01,2026-04-07,4,Wednesday,10:00,11:00,22996.0,23000,23000,0.017,2.328,0.164,0.832,26.76,267.1,335.85,602.95,215.55,416.0,631.55,-28.6,-2145.0,-2345.0,-99787.0,-91787.0,-92128.0
2025-06-02,2025-06-05,3,Monday,09:30,11:00,24657.9,24650,24800,0.576,-0.213,0.419,0.806,19.39,155.35,247.75,403.1,206.95,224.75,431.7,-28.6,-2145.0,-2345.0,-99787.0,-91787.0,-92128.0
2025-09-22,2025-09-23,1,Monday,09:30,15:25,25347.4,25350,25300,0.187,-0.302,0.138,0.4,7.76,37.55,83.2,120.75,17.85,131.45,149.3,-28.55,-2141.0,-2341.0,-99628.0,-91628.0,-91968.0
2025-12-10,2025-12-16,4,Wednesday,09:30,13:00,25999.5,26000,26000,0.002,-0.295,0.59,0.69,10.8,95.65,170.1,265.75,58.7,235.6,294.3,-28.55,-2141.0,-2341.0,-99628.0,-91628.0,-91968.0
2025-09-04,2025-09-09,3,Thursday,10:00,13:00,25009.1,25000,25000,0.036,0.428,0.062,0.491,10.22,71.2,134.4,205.6,48.35,185.7,234.05,-28.45,-2134.0,-2334.0,-99309.0,-91309.0,-91649.0
2026-02-27,2026-03-02,1,Friday,09:30,11:00,25508.5,25500,25500,0.033,-0.261,0.415,0.634,15.58,60.4,181.0,241.4,41.25,228.35,269.6,-28.2,-2115.0,-2315.0,-98511.0,-90511.0,-90851.0
2025-10-16,2025-10-20,2,Thursday,10:00,15:25,25517.1,25500,25400,0.459,0.106,0.279,0.304,10.33,80.9,102.6,183.5,158.5,53.1,211.6,-28.1,-2107.0,-2307.0,-98191.0,-90191.0,-90532.0
2025-07-11,2025-07-17,4,Friday,09:30,13:00,25356.5,25350,25500,0.566,-0.311,0.118,0.363,11.45,114.0,141.35,255.35,65.35,218.0,283.35,-28.0,-2100.0,-2300.0,-97872.0,-89872.0,-90213.0
2025-12-01,2025-12-02,1,Monday,09:30,11:00,26466.0,26450,26300,0.627,0.224,0.005,0.242,10.33,23.65,160.25,183.9,11.75,199.85,211.6,-27.7,-2077.0,-2277.0,-96915.0,-88915.0,-89255.0
2025-10-08,2025-10-14,4,Wednesday,10:30,12:00,25212.5,25200,25200,0.05,-0.088,0.056,0.424,9.35,81.75,131.1,212.85,59.15,181.3,240.45,-27.6,-2070.0,-2270.0,-96596.0,-88596.0,-88936.0
2025-10-16,2025-10-20,2,Thursday,09:30,15:25,25509.6,25500,25400,0.43,0.106,0.279,0.304,10.33,81.1,103.05,184.15,158.5,53.1,211.6,-27.45,-2059.0,-2259.0,-96117.0,-88117.0,-88457.0
2025-07-02,2025-07-03,1,Wednesday,09:30,11:00,25660.2,25650,25600,0.235,-0.957,0.133,0.349,11.97,46.95,121.5,168.45,24.0,171.9,195.9,-27.45,-2059.0,-2259.0,-96117.0,-88117.0,-88457.0
2025-05-06,2025-05-08,2,Tuesday,10:00,15:25,24480.6,24500,24500,0.079,0.032,0.38,0.475,14.22,33.7,142.55,176.25,22.75,180.9,203.65,-27.4,-2055.0,-2255.0,-95957.0,-87957.0,-88298.0
2025-06-16,2025-06-19,3,Monday,09:30,13:00,24822.0,24800,24800,0.089,0.078,0.512,0.614,11.07,135.4,151.65,287.05,225.5,88.8,314.3,-27.25,-2044.0,-2244.0,-95479.0,-87479.0,-87819.0
2025-12-29,2025-12-30,1,Monday,10:30,15:25,26035.0,26050,26000,0.134,0.084,0.168,0.274,7.56,42.15,57.85,100.0,19.95,107.15,127.1,-27.1,-2033.0,-2233.0,-95000.0,-87000.0,-87340.0
2025-09-04,2025-09-09,3,Thursday,09:30,11:00,25009.9,25000,25000,0.04,0.428,0.062,0.491,10.22,71.0,142.0,213.0,49.85,190.0,239.85,-26.85,-2014.0,-2214.0,-94202.0,-86202.0,-86543.0
2025-12-01,2025-12-02,1,Monday,10:30,11:00,26454.0,26450,26300,0.582,0.224,0.005,0.242,10.33,17.9,166.95,184.85,11.75,199.85,211.6,-26.75,-2006.0,-2206.0,-93883.0,-85883.0,-86223.0
2026-03-18,2026-03-24,4,Wednesday,09:30,12:00,23748.0,23750,23700,0.202,0.208,0.331,0.529,18.95,206.75,230.1,436.85,257.95,205.6,463.55,-26.7,-2002.0,-2202.0,-93723.0,-85723.0,-86064.0
2025-12-04,2025-12-09,3,Thursday,10:30,13:00,26220.0,26200,26000,0.839,-0.144,0.441,0.589,10.06,71.25,162.05,233.3,43.1,216.9,260.0,-26.7,-2002.0,-2202.0,-93723.0,-85723.0,-86064.0
2026-02-26,2026-03-02,2,Thursday,10:00,12:00,25665.6,25650,25500,0.645,0.215,0.006,0.347,15.68,78.4,188.05,266.45,58.1,235.0,293.1,-26.65,-1999.0,-2199.0,-93564.0,-85564.0,-85904.0
2025-06-16,2025-06-19,3,Monday,09:30,11:00,24822.0,24800,24800,0.089,0.078,0.512,0.614,11.07,135.4,151.65,287.05,205.9,107.75,313.65,-26.6,-1995.0,-2195.0,-93404.0,-85404.0,-85745.0
2025-05-23,2025-05-29,4,Friday,10:30,12:00,24815.0,24800,25000,0.746,-0.035,0.598,0.949,19.21,211.4,196.25,407.65,251.35,182.9,434.25,-26.6,-1995.0,-2195.0,-93404.0,-85404.0,-85745.0
2025-06-18,2025-06-19,1,Wednesday,10:30,13:00,24908.0,24900,24900,0.032,-0.079,0.3,0.659,11.63,76.25,99.8,176.05,38.8,163.75,202.55,-26.5,-1988.0,-2188.0,-93085.0,-85085.0,-85426.0
2025-05-06,2025-05-08,2,Tuesday,09:30,15:25,24519.3,24500,24500,0.079,0.032,0.38,0.475,14.22,56.4,120.8,177.2,22.75,180.9,203.65,-26.45,-1984.0,-2184.0,-92926.0,-84926.0,-85266.0
2025-06-30,2025-07-03,3,Monday,09:30,13:00,25727.0,25750,25600,0.494,0.031,0.284,0.432,11.55,81.25,202.45,283.7,48.35,261.75,310.1,-26.4,-1980.0,-2180.0,-92766.0,-84766.0,-85106.0
2025-07-28,2025-07-31,3,Monday,10:30,13:00,24925.0,24900,25000,0.301,-0.557,0.467,0.701,9.17,127.25,101.2,228.45,55.1,199.65,254.75,-26.3,-1973.0,-2173.0,-92447.0,-84447.0,-84787.0
2025-08-01,2025-08-07,4,Friday,10:30,12:00,24827.0,24850,24700,0.512,-0.275,0.141,0.423,7.29,112.15,197.25,309.4,78.35,257.2,335.55,-26.15,-1961.0,-2161.0,-91968.0,-83968.0,-84309.0
2025-07-28,2025-07-31,3,Monday,09:30,15:25,24825.6,24850,25000,0.703,-0.557,0.467,0.701,9.17,101.55,123.75,225.3,55.25,196.15,251.4,-26.1,-1957.0,-2157.0,-91809.0,-83809.0,-84149.0
2026-01-22,2026-01-27,3,Thursday,10:30,12:00,25303.0,25300,26000,2.755,0.556,0.029,0.644,9.51,138.95,134.7,273.65,107.5,192.1,299.6,-25.95,-1946.0,-2146.0,-91330.0,-83330.0,-83670.0
2025-07-25,2025-07-31,4,Friday,09:30,12:00,25011.7,25000,25000,0.047,-0.283,0.476,0.572,9.15,131.4,122.75,254.15,73.95,206.15,280.1,-25.95,-1946.0,-2146.0,-91330.0,-83330.0,-83670.0
2025-08-08,2025-08-14,4,Friday,10:00,15:25,24543.0,24550,24600,0.232,-0.186,0.523,0.726,8.53,108.3,164.0,272.3,70.45,227.75,298.2,-25.9,-1942.0,-2142.0,-91170.0,-83170.0,-83511.0
2025-05-02,2025-05-08,4,Friday,10:30,15:25,24615.9,24600,24400,0.877,0.08,0.968,1.305,15.87,156.7,215.7,372.4,53.65,344.35,398.0,-25.6,-1920.0,-2120.0,-90213.0,-82213.0,-82553.0
2025-10-08,2025-10-14,4,Wednesday,10:00,13:00,25252.5,25250,25200,0.208,-0.088,0.056,0.424,9.35,78.25,135.0,213.25,53.4,185.35,238.75,-25.5,-1912.0,-2112.0,-89894.0,-81894.0,-82234.0
2025-07-18,2025-07-24,4,Friday,10:00,12:00,25095.0,25100,25200,0.418,-0.01,0.612,0.675,10.17,111.75,140.4,252.15,82.25,195.3,277.55,-25.4,-1905.0,-2105.0,-89574.0,-81574.0,-81915.0
2026-04-02,2026-04-07,3,Thursday,09:30,15:25,22366.3,22350,23000,2.833,-2.217,0.61,0.906,29.36,264.7,338.9,603.6,467.4,161.35,628.75,-25.15,-1886.0,-2086.0,-88777.0,-80777.0,-81117.0
2025-11-13,2025-11-18,3,Thursday,10:00,15:25,25961.0,25950,25800,0.62,-0.104,0.177,0.4,13.49,106.7,143.15,249.85,118.85,156.0,274.85,-25.0,-1875.0,-2075.0,-88298.0,-80298.0,-80638.0
2026-02-20,2026-02-24,2,Friday,09:30,15:25,25440.0,25450,25500,0.236,0.02,0.583,0.766,16.08,123.6,133.9,257.5,209.4,73.05,282.45,-24.95,-1871.0,-2071.0,-88138.0,-80138.0,-80479.0
2025-05-12,2025-05-15,3,Monday,10:00,12:00,24805.1,24800,24000,3.246,1.594,1.289,1.716,13.84,131.5,209.9,341.4,144.25,222.0,366.25,-24.85,-1864.0,-2064.0,-87819.0,-79819.0,-80160.0
2026-05-04,2026-05-05,1,Monday,10:00,11:00,24345.4,24350,24200,0.597,0.394,0.359,0.662,27.97,88.95,144.9,233.85,67.6,191.0,258.6,-24.75,-1856.0,-2056.0,-87500.0,-79500.0,-79840.0
2025-08-01,2025-08-07,4,Friday,09:30,15:25,24753.0,24750,24700,0.214,-0.275,0.141,0.423,7.29,125.85,184.15,310.0,77.55,257.2,334.75,-24.75,-1856.0,-2056.0,-87500.0,-79500.0,-79840.0
2025-07-25,2025-07-31,4,Friday,09:30,13:00,25011.7,25000,25000,0.047,-0.283,0.476,0.572,9.15,131.4,122.75,254.15,71.8,207.05,278.85,-24.7,-1853.0,-2053.0,-87340.0,-79340.0,-79681.0
2026-03-13,2026-03-17,2,Friday,09:30,11:00,23552.9,23550,23500,0.225,-0.923,0.255,0.761,17.91,197.65,260.4,458.05,162.55,320.05,482.6,-24.55,-1841.0,-2041.0,-86862.0,-78862.0,-79202.0
2025-10-17,2025-10-20,1,Friday,10:00,13:00,25668.0,25650,25600,0.265,-0.104,0.41,0.578,10.7,77.0,99.9,176.9,134.85,66.1,200.95,-24.05,-1804.0,-2004.0,-85266.0,-77266.0,-77606.0
2025-10-08,2025-10-14,4,Wednesday,09:30,13:00,25270.1,25250,25200,0.277,-0.088,0.056,0.424,9.35,87.9,127.0,214.9,53.4,185.35,238.75,-23.85,-1789.0,-1989.0,-84628.0,-76628.0,-76968.0
2025-05-26,2025-05-29,3,Monday,10:00,12:00,25099.5,25100,25000,0.396,0.241,0.22,0.756,19.27,200.55,201.0,401.55,182.1,243.3,425.4,-23.85,-1789.0,-1989.0,-84628.0,-76628.0,-76968.0
2025-10-23,2025-10-28,3,Thursday,10:00,15:25,26138.0,26150,26000,0.528,1.144,0.079,0.665,12.89,121.7,127.8,249.5,43.3,230.05,273.35,-23.85,-1789.0,-1989.0,-84628.0,-76628.0,-76968.0
2025-05-30,2025-06-05,4,Friday,09:30,11:00,24958.0,24950,24800,0.633,0.437,0.246,0.52,19.53,175.2,256.65,431.85,150.85,304.85,455.7,-23.85,-1789.0,-1989.0,-84628.0,-76628.0,-76968.0
2025-11-06,2025-11-11,3,Thursday,10:00,11:00,25760.0,25750,25700,0.233,0.16,0.368,0.641,13.94,85.2,157.1,242.3,56.6,209.5,266.1,-23.8,-1785.0,-1985.0,-84468.0,-76468.0,-76809.0
2025-12-29,2025-12-30,1,Monday,10:00,15:25,26039.7,26050,26000,0.152,0.084,0.168,0.274,7.56,46.1,57.35,103.45,19.95,107.15,127.1,-23.65,-1774.0,-1974.0,-83989.0,-75989.0,-76330.0
2025-07-02,2025-07-03,1,Wednesday,10:00,12:00,25643.0,25650,25600,0.168,-0.957,0.133,0.349,11.97,39.0,136.5,175.5,23.35,175.75,199.1,-23.6,-1770.0,-1970.0,-83830.0,-75830.0,-76170.0
2026-01-09,2026-01-13,2,Friday,10:30,11:00,25990.0,26000,26000,0.038,0.004,0.124,0.366,9.01,53.95,135.85,189.8,36.8,176.6,213.4,-23.6,-1770.0,-1970.0,-83830.0,-75830.0,-76170.0
2025-04-29,2025-04-30,1,Tuesday,10:00,11:00,24485.0,24500,24400,0.347,0.126,0.221,0.62,18.12,34.3,163.4,197.7,21.15,200.1,221.25,-23.55,-1766.0,-1966.0,-83670.0,-75670.0,-76011.0
2025-06-24,2025-06-26,2,Tuesday,10:30,12:00,25258.9,25250,25000,1.025,0.321,0.295,0.591,10.66,124.65,114.5,239.15,169.15,93.55,262.7,-23.55,-1766.0,-1966.0,-83670.0,-75670.0,-76011.0
2025-10-08,2025-10-14,4,Wednesday,10:00,11:00,25252.5,25250,25200,0.208,-0.088,0.056,0.424,9.35,78.25,135.0,213.25,51.5,185.3,236.8,-23.55,-1766.0,-1966.0,-83670.0,-75670.0,-76011.0
2025-04-25,2025-04-30,3,Friday,10:00,12:00,24156.4,24150,24300,0.594,0.891,1.669,1.858,,152.95,246.65,399.6,81.0,342.15,423.15,-23.55,-1766.0,-1966.0,-83670.0,-75670.0,-76011.0
2025-07-25,2025-07-31,4,Friday,09:30,11:00,25011.7,25000,25000,0.047,-0.283,0.476,0.572,9.15,131.4,122.75,254.15,79.95,197.7,277.65,-23.5,-1762.0,-1962.0,-83511.0,-75511.0,-75851.0
2026-03-23,2026-03-24,1,Monday,09:30,11:00,22723.1,22700,22700,0.102,-1.404,1.163,1.262,21.75,222.15,218.65,440.8,147.8,316.5,464.3,-23.5,-1762.0,-1962.0,-83511.0,-75511.0,-75851.0
2026-03-13,2026-03-17,2,Friday,10:00,13:00,23417.0,23400,23500,0.354,-0.923,0.255,0.761,17.91,221.3,263.9,485.2,174.65,334.0,508.65,-23.45,-1759.0,-1959.0,-83351.0,-75351.0,-75691.0
2025-07-11,2025-07-17,4,Friday,10:30,12:00,25295.8,25300,25500,0.807,-0.311,0.118,0.363,11.45,104.75,144.05,248.8,83.8,188.4,272.2,-23.4,-1755.0,-1955.0,-83191.0,-75191.0,-75532.0
2025-06-16,2025-06-19,3,Monday,09:30,12:00,24822.0,24800,24800,0.089,0.078,0.512,0.614,11.07,135.4,151.65,287.05,210.25,100.2,310.45,-23.4,-1755.0,-1955.0,-83191.0,-75191.0,-75532.0
2026-03-13,2026-03-17,2,Friday,09:30,12:00,23552.9,23550,23500,0.225,-0.923,0.255,0.761,17.91,197.65,260.4,458.05,151.9,329.55,481.45,-23.4,-1755.0,-1955.0,-83191.0,-75191.0,-75532.0
2025-05-13,2025-05-15,2,Tuesday,10:00,13:00,24811.0,24800,26000,4.792,-0.363,0.877,1.214,20.6,151.9,230.5,382.4,99.8,306.0,405.8,-23.4,-1755.0,-1955.0,-83191.0,-75191.0,-75532.0
2025-07-18,2025-07-24,4,Friday,09:30,15:25,25133.2,25150,25200,0.266,-0.01,0.612,0.675,10.17,104.65,148.2,252.85,74.5,201.65,276.15,-23.3,-1747.0,-1947.0,-82872.0,-74872.0,-75213.0
2025-07-28,2025-07-31,3,Monday,10:00,15:25,24838.0,24850,25000,0.652,-0.557,0.467,0.701,9.17,105.3,122.9,228.2,55.25,196.15,251.4,-23.2,-1740.0,-1940.0,-82553.0,-74553.0,-74894.0
2025-05-14,2025-05-15,1,Wednesday,09:30,13:00,24754.9,24750,24700,0.222,0.095,0.551,0.768,21.36,89.45,159.95,249.4,34.6,237.95,272.55,-23.15,-1736.0,-1936.0,-82394.0,-74394.0,-74734.0
2025-11-19,2025-11-25,4,Wednesday,10:00,15:25,25948.6,25950,26000,0.198,0.024,0.154,0.438,11.59,144.05,142.15,286.2,212.9,96.4,309.3,-23.1,-1732.0,-1932.0,-82234.0,-74234.0,-74574.0
2025-10-31,2025-11-04,2,Friday,10:30,15:25,25990.0,26000,26000,0.038,-0.097,0.058,0.574,13.39,58.4,181.7,240.1,40.5,222.6,263.1,-23.0,-1725.0,-1925.0,-81915.0,-73915.0,-74255.0
2025-07-18,2025-07-24,4,Friday,10:00,13:00,25095.0,25100,25200,0.418,-0.01,0.612,0.675,10.17,111.75,140.4,252.15,82.0,193.1,275.1,-22.95,-1721.0,-1921.0,-81755.0,-73755.0,-74096.0
2026-02-27,2026-03-02,1,Friday,09:30,12:00,25508.5,25500,25500,0.033,-0.261,0.415,0.634,15.58,60.4,181.0,241.4,40.75,223.55,264.3,-22.9,-1718.0,-1918.0,-81596.0,-73596.0,-73936.0
2025-12-10,2025-12-16,4,Wednesday,10:00,11:00,25995.3,26000,26000,0.018,-0.295,0.59,0.69,10.8,91.9,166.95,258.85,72.35,209.3,281.65,-22.8,-1710.0,-1910.0,-81277.0,-73277.0,-73617.0
2026-01-12,2026-01-13,1,Monday,10:00,12:00,25670.0,25650,25700,0.117,-0.732,0.329,0.593,8.78,51.6,115.3,166.9,25.55,164.1,189.65,-22.75,-1706.0,-1906.0,-81117.0,-73117.0,-73457.0
2025-08-08,2025-08-14,4,Friday,10:30,15:25,24535.4,24550,24600,0.263,-0.186,0.523,0.726,8.53,106.45,169.0,275.45,70.45,227.75,298.2,-22.75,-1706.0,-1906.0,-81117.0,-73117.0,-73457.0
2026-02-19,2026-02-24,3,Thursday,09:30,11:00,25815.0,25800,25800,0.058,0.084,0.363,0.533,14.98,127.2,107.6,234.8,101.75,155.75,257.5,-22.7,-1702.0,-1902.0,-80957.0,-72957.0,-73298.0
2026-01-09,2026-01-13,2,Friday,10:00,11:00,26008.1,26000,26000,0.031,0.004,0.124,0.366,9.01,59.95,130.75,190.7,36.8,176.6,213.4,-22.7,-1702.0,-1902.0,-80957.0,-72957.0,-73298.0
2025-11-06,2025-11-11,3,Thursday,10:00,15:25,25760.0,25750,25700,0.233,0.16,0.368,0.641,13.94,85.2,157.1,242.3,35.6,229.15,264.75,-22.45,-1684.0,-1884.0,-80160.0,-72160.0,-72500.0
2026-04-29,2026-05-05,4,Wednesday,09:30,12:00,24201.0,24200,24100,0.417,0.558,1.044,1.16,30.09,159.0,218.2,377.2,261.0,138.65,399.65,-22.45,-1684.0,-1884.0,-80160.0,-72160.0,-72500.0
2025-10-23,2025-10-28,3,Thursday,09:30,15:25,26146.0,26150,26000,0.558,1.144,0.079,0.665,12.89,124.2,126.7,250.9,43.3,230.05,273.35,-22.45,-1684.0,-1884.0,-80160.0,-72160.0,-72500.0
2025-08-20,2025-08-21,1,Wednesday,09:30,12:00,24971.8,24950,25000,0.113,-0.244,0.217,0.285,10.82,63.85,73.0,136.85,125.35,33.95,159.3,-22.45,-1684.0,-1884.0,-80160.0,-72160.0,-72500.0
2025-05-02,2025-05-08,4,Friday,09:30,11:00,24640.0,24650,24400,0.974,0.08,0.968,1.305,15.87,141.6,221.15,362.75,94.75,290.4,385.15,-22.4,-1680.0,-1880.0,-80000.0,-72000.0,-72340.0
2025-07-25,2025-07-31,4,Friday,09:30,15:25,25011.7,25000,25000,0.047,-0.283,0.476,0.572,9.15,131.4,122.75,254.15,66.3,210.2,276.5,-22.35,-1676.0,-1876.0,-79840.0,-71840.0,-72181.0
2025-10-17,2025-10-20,1,Friday,09:30,13:00,25661.9,25650,25600,0.241,-0.104,0.41,0.578,10.7,76.2,102.5,178.7,134.85,66.1,200.95,-22.25,-1669.0,-1869.0,-79521.0,-71521.0,-71862.0
2025-08-20,2025-08-21,1,Wednesday,09:30,13:00,24971.8,24950,25000,0.113,-0.244,0.217,0.285,10.82,63.85,73.0,136.85,132.6,26.4,159.0,-22.15,-1661.0,-1861.0,-79202.0,-71202.0,-71543.0
2025-07-11,2025-07-17,4,Friday,10:30,11:00,25295.8,25300,25500,0.807,-0.311,0.118,0.363,11.45,104.75,144.05,248.8,88.05,182.8,270.85,-22.05,-1654.0,-1854.0,-78883.0,-70883.0,-71223.0
2025-10-08,2025-10-14,4,Wednesday,09:30,11:00,25270.1,25250,25200,0.277,-0.088,0.056,0.424,9.35,87.9,127.0,214.9,51.5,185.3,236.8,-21.9,-1643.0,-1843.0,-78404.0,-70404.0,-70745.0
2025-10-30,2025-11-04,3,Thursday,09:30,11:00,26120.3,26100,26000,0.461,-0.234,0.456,0.68,13.5,89.6,180.3,269.9,69.5,222.25,291.75,-21.85,-1639.0,-1839.0,-78245.0,-70245.0,-70585.0
2026-03-18,2026-03-24,4,Wednesday,10:30,12:00,23732.5,23750,23700,0.137,0.208,0.331,0.529,18.95,204.3,237.4,441.7,257.95,205.6,463.55,-21.85,-1639.0,-1839.0,-78245.0,-70245.0,-70585.0
2026-04-29,2026-05-05,4,Wednesday,10:00,11:00,24292.0,24300,24100,0.79,0.558,1.044,1.16,30.09,148.9,224.6,373.5,214.2,181.05,395.25,-21.75,-1631.0,-1831.0,-77926.0,-69926.0,-70266.0
2025-06-18,2025-06-19,1,Wednesday,10:00,15:25,24946.0,24950,24900,0.184,-0.079,0.3,0.659,11.63,81.75,111.6,193.35,29.7,185.3,215.0,-21.65,-1624.0,-1824.0,-77606.0,-69606.0,-69947.0
2025-05-26,2025-05-29,3,Monday,10:00,11:00,25099.5,25100,25000,0.396,0.241,0.22,0.756,19.27,200.55,201.0,401.55,170.7,252.5,423.2,-21.65,-1624.0,-1824.0,-77606.0,-69606.0,-69947.0
2025-08-08,2025-08-14,4,Friday,09:30,11:00,24584.2,24600,24600,0.064,-0.186,0.523,0.726,8.53,105.65,166.1,271.75,76.15,217.15,293.3,-21.55,-1616.0,-1816.0,-77287.0,-69287.0,-69628.0
2025-06-02,2025-06-05,3,Monday,10:30,12:00,24705.0,24700,24800,0.385,-0.213,0.419,0.806,19.39,165.7,252.45,418.15,206.05,233.55,439.6,-21.45,-1609.0,-1809.0,-76968.0,-68968.0,-69309.0
2026-02-27,2026-03-02,1,Friday,10:00,13:00,25470.0,25450,25500,0.118,-0.261,0.415,0.634,15.58,62.95,169.5,232.45,47.0,206.85,253.85,-21.4,-1605.0,-1805.0,-76809.0,-68809.0,-69149.0
2025-07-14,2025-07-17,3,Monday,10:00,12:00,25192.0,25200,25500,1.223,-0.297,0.241,0.534,11.05,89.6,139.35,228.95,55.25,195.0,250.25,-21.3,-1598.0,-1798.0,-76489.0,-68489.0,-68830.0
2025-11-06,2025-11-11,3,Thursday,10:00,12:00,25760.0,25750,25700,0.233,0.16,0.368,0.641,13.94,85.2,157.1,242.3,52.9,210.65,263.55,-21.25,-1594.0,-1794.0,-76330.0,-68330.0,-68670.0
2025-09-04,2025-09-09,3,Thursday,09:30,13:00,25009.9,25000,25000,0.04,0.428,0.062,0.491,10.22,71.0,142.0,213.0,48.35,185.7,234.05,-21.05,-1579.0,-1779.0,-75691.0,-67691.0,-68032.0
2025-05-14,2025-05-15,1,Wednesday,10:30,12:00,24785.5,24800,24700,0.345,0.095,0.551,0.768,21.36,67.1,155.3,222.4,44.7,198.75,243.45,-21.05,-1579.0,-1779.0,-75691.0,-67691.0,-68032.0
2026-01-21,2026-01-27,4,Wednesday,10:30,12:00,25146.0,25150,26000,3.396,-0.125,0.367,0.768,9.53,148.55,156.45,305.0,143.35,182.7,326.05,-21.05,-1579.0,-1779.0,-75691.0,-67691.0,-68032.0
2026-02-02,2026-02-03,1,Monday,10:30,11:00,24911.7,24900,25500,2.362,-2.458,0.416,0.915,10.89,99.3,158.9,258.2,68.75,210.3,279.05,-20.85,-1564.0,-1764.0,-75053.0,-67053.0,-67394.0
2025-12-12,2025-12-16,2,Friday,10:00,11:00,26117.0,26100,26000,0.448,0.331,0.119,0.416,11.12,61.0,130.35,191.35,41.7,170.4,212.1,-20.75,-1556.0,-1756.0,-74734.0,-66734.0,-67074.0
2026-04-16,2026-04-21,3,Thursday,10:30,13:00,24310.0,24300,25000,2.838,-0.718,0.186,0.509,32.17,190.3,192.9,383.2,117.7,286.15,403.85,-20.65,-1549.0,-1749.0,-74415.0,-66415.0,-66755.0
2025-05-14,2025-05-15,1,Wednesday,10:30,11:00,24785.5,24800,24700,0.345,0.095,0.551,0.768,21.36,67.1,155.3,222.4,52.2,190.8,243.0,-20.6,-1545.0,-1745.0,-74255.0,-66255.0,-66596.0
2026-01-12,2026-01-13,1,Monday,09:30,12:00,25672.5,25650,25700,0.107,-0.732,0.329,0.593,8.78,58.65,110.45,169.1,25.55,164.1,189.65,-20.55,-1541.0,-1741.0,-74096.0,-66096.0,-66436.0
2026-03-18,2026-03-24,4,Wednesday,10:00,12:00,23697.0,23700,23700,0.013,0.208,0.331,0.529,18.95,217.85,236.9,454.75,288.15,187.15,475.3,-20.55,-1541.0,-1741.0,-74096.0,-66096.0,-66436.0
2025-07-02,2025-07-03,1,Wednesday,10:00,11:00,25643.0,25650,25600,0.168,-0.957,0.133,0.349,11.97,39.0,136.5,175.5,24.0,171.9,195.9,-20.4,-1530.0,-1730.0,-73617.0,-65617.0,-65957.0
2025-05-27,2025-05-29,2,Tuesday,09:30,12:00,24814.0,24800,25000,0.75,-0.49,0.892,1.076,18.95,225.9,210.6,436.5,324.55,132.25,456.8,-20.3,-1523.0,-1723.0,-73298.0,-65298.0,-65638.0
2025-07-21,2025-07-24,3,Monday,09:30,15:25,24949.8,24950,25000,0.201,-0.23,0.521,0.807,10.39,96.9,119.65,216.55,199.65,37.15,236.8,-20.25,-1519.0,-1719.0,-73138.0,-65138.0,-65479.0
2025-05-26,2025-05-29,3,Monday,09:30,12:00,25086.5,25100,25000,0.345,0.241,0.22,0.756,19.27,197.9,207.35,405.25,182.1,243.3,425.4,-20.15,-1511.0,-1711.0,-72819.0,-64819.0,-65160.0
2025-08-06,2025-08-07,1,Wednesday,10:30,11:00,24682.7,24700,24700,0.07,-0.033,0.085,0.34,8.46,44.75,123.95,168.7,32.3,156.1,188.4,-19.7,-1477.0,-1677.0,-71383.0,-63383.0,-63723.0
2025-05-12,2025-05-15,3,Monday,10:30,12:00,24800.0,24800,24000,3.226,1.594,1.289,1.716,13.84,130.45,216.2,346.65,144.25,222.0,366.25,-19.6,-1470.0,-1670.0,-71064.0,-63064.0,-63404.0
2026-04-29,2026-05-05,4,Wednesday,10:30,15:25,24381.0,24400,24100,1.153,0.558,1.044,1.16,30.09,153.95,241.0,394.95,97.0,317.55,414.55,-19.6,-1470.0,-1670.0,-71064.0,-63064.0,-63404.0
2025-06-03,2025-06-05,2,Tuesday,10:30,12:00,24855.1,24850,24800,0.222,0.105,0.029,0.861,19.23,171.0,255.6,426.6,123.0,323.2,446.2,-19.6,-1470.0,-1670.0,-71064.0,-63064.0,-63404.0
2026-04-30,2026-05-05,3,Thursday,09:30,12:00,23945.3,23950,24000,0.228,-0.689,0.699,0.962,30.22,148.25,223.25,371.5,137.55,253.4,390.95,-19.45,-1459.0,-1659.0,-70585.0,-62585.0,-62926.0
2025-05-13,2025-05-15,2,Tuesday,09:30,11:00,24832.3,24850,26000,4.702,-0.363,0.877,1.214,20.6,139.2,247.5,386.7,153.25,252.9,406.15,-19.45,-1459.0,-1659.0,-70585.0,-62585.0,-62926.0
2025-11-13,2025-11-18,3,Thursday,09:30,15:25,25962.0,25950,25800,0.624,-0.104,0.177,0.4,13.49,111.6,143.9,255.5,118.85,156.0,274.85,-19.35,-1451.0,-1651.0,-70266.0,-62266.0,-62606.0
2025-05-20,2025-05-22,2,Tuesday,10:00,13:00,24954.0,24950,25000,0.184,0.301,0.353,0.539,20.13,115.7,167.2,282.9,83.1,218.85,301.95,-19.05,-1429.0,-1629.0,-69309.0,-61309.0,-61649.0
2025-05-13,2025-05-15,2,Tuesday,10:00,11:00,24811.0,24800,26000,4.792,-0.363,0.877,1.214,20.6,151.9,230.5,382.4,176.2,225.2,401.4,-19.0,-1425.0,-1625.0,-69149.0,-61149.0,-61489.0
2025-09-19,2025-09-23,2,Friday,09:30,12:00,25418.2,25400,25400,0.072,-0.141,0.311,0.51,7.74,63.15,86.25,149.4,46.95,121.45,168.4,-19.0,-1425.0,-1625.0,-69149.0,-61149.0,-61489.0
2025-10-08,2025-10-14,4,Wednesday,10:30,15:25,25212.5,25200,25200,0.05,-0.088,0.056,0.424,9.35,81.75,131.1,212.85,45.9,185.9,231.8,-18.95,-1421.0,-1621.0,-68989.0,-60989.0,-61330.0
2025-10-24,2025-10-28,2,Friday,10:00,15:25,25949.4,25950,26000,0.195,0.116,0.42,0.547,12.63,106.0,104.15,210.15,44.2,184.85,229.05,-18.9,-1418.0,-1618.0,-68830.0,-60830.0,-61170.0
2026-04-09,2026-04-13,2,Thursday,09:30,11:00,24000.1,24000,24000,0.0,-0.528,0.261,0.833,32.52,179.8,224.0,403.8,133.05,289.45,422.5,-18.7,-1402.0,-1602.0,-68191.0,-60191.0,-60532.0
2025-07-11,2025-07-17,4,Friday,10:30,13:00,25295.8,25300,25500,0.807,-0.311,0.118,0.363,11.45,104.75,144.05,248.8,82.4,185.05,267.45,-18.65,-1399.0,-1599.0,-68032.0,-60032.0,-60372.0
2026-01-05,2026-01-06,1,Monday,10:30,12:00,26485.2,26500,26300,0.699,0.082,0.049,0.451,9.27,13.4,154.55,167.95,8.5,178.1,186.6,-18.65,-1399.0,-1599.0,-68032.0,-60032.0,-60372.0
2025-12-10,2025-12-16,4,Wednesday,10:00,12:00,25995.3,26000,26000,0.018,-0.295,0.59,0.69,10.8,91.9,166.95,258.85,69.45,208.0,277.45,-18.6,-1395.0,-1595.0,-67872.0,-59872.0,-60213.0
2026-04-01,2026-04-07,4,Wednesday,09:30,15:25,22995.0,23000,23000,0.022,2.328,0.164,0.832,26.76,275.6,345.0,620.6,182.45,456.75,639.2,-18.6,-1395.0,-1595.0,-67872.0,-59872.0,-60213.0
2026-03-18,2026-03-24,4,Wednesday,09:30,13:00,23748.0,23750,23700,0.202,0.208,0.331,0.529,18.95,206.75,230.1,436.85,239.15,216.3,455.45,-18.6,-1395.0,-1595.0,-67872.0,-59872.0,-60213.0
2026-02-19,2026-02-24,3,Thursday,10:00,11:00,25781.1,25800,25800,0.073,0.084,0.363,0.533,14.98,112.35,126.6,238.95,101.75,155.75,257.5,-18.55,-1391.0,-1591.0,-67713.0,-59713.0,-60053.0
2025-07-30,2025-07-31,1,Wednesday,10:30,12:00,24809.1,24800,24800,0.037,0.006,0.145,0.333,7.33,75.1,63.05,138.15,122.8,33.8,156.6,-18.45,-1384.0,-1584.0,-67394.0,-59394.0,-59734.0
2026-02-26,2026-03-02,2,Thursday,09:30,12:00,25659.6,25650,25500,0.622,0.215,0.006,0.347,15.68,80.6,194.1,274.7,58.1,235.0,293.1,-18.4,-1380.0,-1580.0,-67234.0,-59234.0,-59574.0
2025-10-30,2025-11-04,3,Thursday,09:30,12:00,26120.3,26100,26000,0.461,-0.234,0.456,0.68,13.5,89.6,180.3,269.9,67.2,221.05,288.25,-18.35,-1376.0,-1576.0,-67074.0,-59074.0,-59415.0
2025-10-27,2025-10-28,1,Monday,09:30,13:00,25954.1,25950,25900,0.208,0.336,0.531,0.671,12.57,80.0,76.8,156.8,122.55,52.55,175.1,-18.3,-1372.0,-1572.0,-66915.0,-58915.0,-59255.0
2025-10-31,2025-11-04,2,Friday,10:30,11:00,25990.0,26000,26000,0.038,-0.097,0.058,0.574,13.39,58.4,181.7,240.1,49.5,208.8,258.3,-18.2,-1365.0,-1565.0,-66596.0,-58596.0,-58936.0
2025-10-30,2025-11-04,3,Thursday,09:30,13:00,26120.3,26100,26000,0.461,-0.234,0.456,0.68,13.5,89.6,180.3,269.9,64.55,223.5,288.05,-18.15,-1361.0,-1561.0,-66436.0,-58436.0,-58777.0
2025-06-18,2025-06-19,1,Wednesday,09:30,15:25,24931.8,24950,24900,0.128,-0.079,0.3,0.659,11.63,74.8,122.15,196.95,29.7,185.3,215.0,-18.05,-1354.0,-1554.0,-66117.0,-58117.0,-58457.0
2026-03-16,2026-03-17,1,Monday,10:30,15:25,23120.3,23100,23200,0.345,0.029,0.612,1.171,18.55,165.55,199.0,364.55,313.3,69.25,382.55,-18.0,-1350.0,-1550.0,-65957.0,-57957.0,-58298.0
2025-05-26,2025-05-29,3,Monday,09:30,11:00,25086.5,25100,25000,0.345,0.241,0.22,0.756,19.27,197.9,207.35,405.25,170.7,252.5,423.2,-17.95,-1346.0,-1546.0,-65798.0,-57798.0,-58138.0
2025-07-14,2025-07-17,3,Monday,10:00,13:00,25192.0,25200,25500,1.223,-0.297,0.241,0.534,11.05,89.6,139.35,228.95,54.45,192.45,246.9,-17.95,-1346.0,-1546.0,-65798.0,-57798.0,-58138.0
2025-05-07,2025-05-08,1,Wednesday,09:30,11:00,24503.7,24500,24400,0.423,-0.291,0.307,0.935,14.19,52.85,141.4,194.25,18.0,194.0,212.0,-17.75,-1331.0,-1531.0,-65160.0,-57160.0,-57500.0
2026-01-08,2026-01-13,3,Thursday,09:30,11:00,26160.8,26150,26200,0.15,-0.183,0.164,0.302,8.33,61.6,127.2,188.8,50.95,155.45,206.4,-17.6,-1320.0,-1520.0,-64681.0,-56681.0,-57021.0
2025-12-04,2025-12-09,3,Thursday,10:30,12:00,26220.0,26200,26000,0.839,-0.144,0.441,0.589,10.06,71.25,162.05,233.3,50.4,200.5,250.9,-17.6,-1320.0,-1520.0,-64681.0,-56681.0,-57021.0
2025-09-05,2025-09-09,2,Friday,10:00,15:25,24893.0,24900,24800,0.374,0.078,0.187,0.831,10.12,45.0,132.2,177.2,36.0,158.65,194.65,-17.45,-1309.0,-1509.0,-64202.0,-56202.0,-56543.0
2026-01-21,2026-01-27,4,Wednesday,09:30,15:25,25293.7,25300,26000,2.792,-0.125,0.367,0.768,9.53,148.5,153.9,302.4,90.85,229.0,319.85,-17.45,-1309.0,-1509.0,-64202.0,-56202.0,-56543.0
2025-04-29,2025-04-30,1,Tuesday,09:30,15:25,24512.0,24500,24400,0.457,0.126,0.221,0.62,18.12,44.15,147.1,191.25,13.0,195.65,208.65,-17.4,-1305.0,-1505.0,-64043.0,-56043.0,-56383.0
2025-06-02,2025-06-05,3,Monday,10:30,11:00,24705.0,24700,24800,0.385,-0.213,0.419,0.806,19.39,165.7,252.45,418.15,183.55,251.95,435.5,-17.35,-1301.0,-1501.0,-63883.0,-55883.0,-56223.0
2025-12-29,2025-12-30,1,Monday,09:30,15:25,26072.7,26050,26000,0.279,0.084,0.168,0.274,7.56,67.15,42.65,109.8,19.95,107.15,127.1,-17.3,-1297.0,-1497.0,-63723.0,-55723.0,-56064.0
2025-05-30,2025-06-05,4,Friday,10:00,13:00,24925.3,24950,24800,0.503,0.437,0.246,0.52,19.53,154.15,268.35,422.5,139.65,300.0,439.65,-17.15,-1286.0,-1486.0,-63245.0,-55245.0,-55585.0
2025-08-12,2025-08-14,2,Tuesday,10:00,13:00,24739.3,24750,24600,0.563,-0.036,0.326,0.687,9.57,69.85,121.8,191.65,35.0,173.7,208.7,-17.05,-1279.0,-1479.0,-62926.0,-54926.0,-55266.0
2025-05-13,2025-05-15,2,Tuesday,09:30,12:00,24832.3,24850,26000,4.702,-0.363,0.877,1.214,20.6,139.2,247.5,386.7,127.5,276.15,403.65,-16.95,-1271.0,-1471.0,-62606.0,-54606.0,-54947.0
2025-12-01,2025-12-02,1,Monday,10:00,11:00,26442.8,26450,26300,0.54,0.224,0.005,0.242,10.33,17.85,176.85,194.7,11.75,199.85,211.6,-16.9,-1268.0,-1468.0,-62447.0,-54447.0,-54787.0
2026-01-05,2026-01-06,1,Monday,10:30,13:00,26485.2,26500,26300,0.699,0.082,0.049,0.451,9.27,13.4,154.55,167.95,7.5,177.35,184.85,-16.9,-1267.0,-1467.0,-62447.0,-54447.0,-54787.0
2025-09-29,2025-09-30,1,Monday,10:00,12:00,24812.0,24800,24700,0.451,0.223,0.264,0.498,7.39,70.65,58.3,128.95,33.35,112.45,145.8,-16.85,-1264.0,-1464.0,-62287.0,-54287.0,-54628.0
2026-02-20,2026-02-24,2,Friday,10:00,11:00,25527.6,25550,25500,0.108,0.02,0.583,0.766,16.08,119.4,141.7,261.1,164.5,112.95,277.45,-16.35,-1226.0,-1426.0,-60691.0,-52691.0,-53032.0
2026-01-09,2026-01-13,2,Friday,09:30,11:00,25978.9,26000,26000,0.081,0.004,0.124,0.366,9.01,51.15,145.95,197.1,36.8,176.6,213.4,-16.3,-1222.0,-1422.0,-60532.0,-52532.0,-52872.0
2025-11-27,2025-12-02,3,Thursday,10:00,12:00,26465.7,26450,26000,1.76,0.042,0.242,0.301,11.09,63.15,189.25,252.4,41.9,226.75,268.65,-16.25,-1219.0,-1419.0,-60372.0,-52372.0,-52713.0
2026-04-30,2026-05-05,3,Thursday,10:00,11:00,23910.0,23900,24000,0.376,-0.689,0.699,0.962,30.22,166.05,213.6,379.65,155.2,240.55,395.75,-16.1,-1208.0,-1408.0,-59894.0,-51894.0,-52234.0
2026-01-12,2026-01-13,1,Monday,10:00,13:00,25670.0,25650,25700,0.117,-0.732,0.329,0.593,8.78,51.6,115.3,166.9,128.5,54.5,183.0,-16.1,-1207.0,-1407.0,-59894.0,-51894.0,-52234.0
2025-12-29,2025-12-30,1,Monday,10:30,13:00,26035.0,26050,26000,0.134,0.084,0.168,0.274,7.56,42.15,57.85,100.0,22.55,93.45,116.0,-16.0,-1200.0,-1400.0,-59574.0,-51574.0,-51915.0
2025-05-13,2025-05-15,2,Tuesday,09:30,15:25,24832.3,24850,26000,4.702,-0.363,0.877,1.214,20.6,139.2,247.5,386.7,49.95,352.7,402.65,-15.95,-1196.0,-1396.0,-59415.0,-51415.0,-51755.0
2025-09-19,2025-09-23,2,Friday,09:30,11:00,25418.2,25400,25400,0.072,-0.141,0.311,0.51,7.74,63.15,86.25,149.4,50.4,114.9,165.3,-15.9,-1193.0,-1393.0,-59255.0,-51255.0,-51596.0
2025-12-10,2025-12-16,4,Wednesday,09:30,11:00,25999.5,26000,26000,0.002,-0.295,0.59,0.69,10.8,95.65,170.1,265.75,72.35,209.3,281.65,-15.9,-1192.0,-1392.0,-59255.0,-51255.0,-51596.0
2025-04-23,2025-04-24,1,Wednesday,10:30,11:00,24245.2,24250,24300,0.226,0.604,0.309,0.678,,81.1,85.55,166.65,46.35,136.1,182.45,-15.8,-1185.0,-1385.0,-58936.0,-50936.0,-51277.0
2025-11-27,2025-12-02,3,Thursday,10:00,13:00,26465.7,26450,26000,1.76,0.042,0.242,0.301,11.09,63.15,189.25,252.4,40.05,228.1,268.15,-15.75,-1181.0,-1381.0,-58777.0,-50777.0,-51117.0
2026-03-19,2026-03-24,3,Thursday,09:30,12:00,23319.0,23300,23300,0.081,-2.393,0.294,0.816,19.76,225.9,231.25,457.15,194.55,278.25,472.8,-15.65,-1174.0,-1374.0,-58457.0,-50457.0,-50798.0
2025-07-21,2025-07-24,3,Monday,09:30,12:00,24949.8,24950,25000,0.201,-0.23,0.521,0.807,10.39,96.9,119.65,216.55,177.4,54.8,232.2,-15.65,-1174.0,-1374.0,-58457.0,-50457.0,-50798.0
2025-06-03,2025-06-05,2,Tuesday,10:30,11:00,24855.1,24850,24800,0.222,0.105,0.029,0.861,19.23,171.0,255.6,426.6,127.65,314.6,442.25,-15.65,-1174.0,-1374.0,-58457.0,-50457.0,-50798.0
2025-06-24,2025-06-26,2,Tuesday,09:30,11:00,25211.3,25200,25000,0.838,0.321,0.295,0.591,10.66,123.45,108.1,231.55,149.6,97.55,247.15,-15.6,-1170.0,-1370.0,-58298.0,-50298.0,-50638.0
2026-01-16,2026-01-20,2,Friday,10:30,12:00,25941.6,25950,25700,0.931,0.218,0.613,0.779,9.16,87.0,137.1,224.1,48.1,191.55,239.65,-15.55,-1166.0,-1366.0,-58138.0,-50138.0,-50479.0
2025-07-09,2025-07-10,1,Wednesday,10:30,15:25,25621.0,25600,25500,0.472,-0.125,0.079,0.28,12.46,46.0,98.9,144.9,28.2,132.15,160.35,-15.45,-1159.0,-1359.0,-57819.0,-49819.0,-50160.0
2025-07-11,2025-07-17,4,Friday,10:30,15:25,25295.8,25300,25500,0.807,-0.311,0.118,0.363,11.45,104.75,144.05,248.8,74.0,190.2,264.2,-15.4,-1155.0,-1355.0,-57660.0,-49660.0,-50000.0
2026-01-16,2026-01-20,2,Friday,10:00,11:00,25812.7,25800,25700,0.437,0.218,0.613,0.779,9.16,91.95,118.05,210.0,146.8,78.25,225.05,-15.05,-1129.0,-1329.0,-56543.0,-48543.0,-48883.0
2025-06-03,2025-06-05,2,Tuesday,10:00,13:00,24753.8,24750,24800,0.187,0.105,0.029,0.861,19.23,174.1,267.65,441.75,129.0,327.8,456.8,-15.05,-1129.0,-1329.0,-56543.0,-48543.0,-48883.0
2025-07-25,2025-07-31,4,Friday,10:00,12:00,24951.8,24950,25000,0.193,-0.283,0.476,0.572,9.15,124.8,126.05,250.85,91.85,174.0,265.85,-15.0,-1125.0,-1325.0,-56383.0,-48383.0,-48723.0
2025-11-19,2025-11-25,4,Wednesday,10:00,13:00,25948.6,25950,26000,0.198,0.024,0.154,0.438,11.59,144.05,142.15,286.2,197.75,103.3,301.05,-14.85,-1114.0,-1314.0,-55904.0,-47904.0,-48245.0
2025-08-29,2025-09-02,2,Friday,09:30,15:25,24654.0,24650,24500,0.625,0.612,0.016,0.387,10.6,64.65,160.3,224.95,28.4,211.35,239.75,-14.8,-1110.0,-1310.0,-55745.0,-47745.0,-48085.0
2026-03-23,2026-03-24,1,Monday,09:30,12:00,22723.1,22700,22700,0.102,-1.404,1.163,1.262,21.75,222.15,218.65,440.8,150.95,304.55,455.5,-14.7,-1102.0,-1302.0,-55426.0,-47426.0,-47766.0
2025-07-25,2025-07-31,4,Friday,10:00,11:00,24951.8,24950,25000,0.193,-0.283,0.476,0.572,9.15,124.8,126.05,250.85,98.9,166.65,265.55,-14.7,-1103.0,-1303.0,-55426.0,-47426.0,-47766.0
2026-04-01,2026-04-07,4,Wednesday,10:00,12:00,22996.0,23000,23000,0.017,2.328,0.164,0.832,26.76,267.1,335.85,602.95,213.4,404.2,617.6,-14.65,-1099.0,-1299.0,-55266.0,-47266.0,-47606.0
2025-11-27,2025-12-02,3,Thursday,10:30,12:00,26455.0,26450,26000,1.72,0.042,0.242,0.301,11.09,55.65,198.5,254.15,41.9,226.75,268.65,-14.5,-1087.0,-1287.0,-54787.0,-46787.0,-47128.0
2026-03-19,2026-03-24,3,Thursday,09:30,11:00,23319.0,23300,23300,0.081,-2.393,0.294,0.816,19.76,225.9,231.25,457.15,206.85,264.8,471.65,-14.5,-1088.0,-1288.0,-54787.0,-46787.0,-47128.0
2025-11-19,2025-11-25,4,Wednesday,09:30,15:25,25938.0,25950,26000,0.239,0.024,0.154,0.438,11.59,141.4,153.5,294.9,212.9,96.4,309.3,-14.4,-1080.0,-1280.0,-54468.0,-46468.0,-46809.0
2026-02-18,2026-02-24,4,Wednesday,10:30,15:25,25677.1,25700,25700,0.089,0.062,0.264,0.427,15.04,130.6,149.2,279.8,210.5,83.7,294.2,-14.4,-1080.0,-1280.0,-54468.0,-46468.0,-46809.0
2025-12-29,2025-12-30,1,Monday,10:30,12:00,26035.0,26050,26000,0.134,0.084,0.168,0.274,7.56,42.15,57.85,100.0,28.6,85.7,114.3,-14.3,-1073.0,-1273.0,-54149.0,-46149.0,-46489.0
2026-02-20,2026-02-24,2,Friday,10:00,12:00,25527.6,25550,25500,0.108,0.02,0.583,0.766,16.08,119.4,141.7,261.1,172.05,103.25,275.3,-14.2,-1065.0,-1265.0,-53830.0,-45830.0,-46170.0
2026-01-30,2026-02-03,2,Friday,10:00,12:00,25387.7,25400,25300,0.345,-0.495,0.144,0.405,10.85,152.95,251.8,404.75,143.9,275.0,418.9,-14.15,-1061.0,-1261.0,-53670.0,-45670.0,-46011.0
2025-12-08,2025-12-09,1,Monday,10:30,11:00,26242.0,26250,26200,0.16,-0.038,0.3,0.387,10.12,21.7,152.35,174.05,16.8,171.25,188.05,-14.0,-1050.0,-1250.0,-53191.0,-45191.0,-45532.0
2025-10-31,2025-11-04,2,Friday,10:30,13:00,25990.0,26000,26000,0.038,-0.097,0.058,0.574,13.39,58.4,181.7,240.1,44.1,210.0,254.1,-14.0,-1050.0,-1250.0,-53191.0,-45191.0,-45532.0
2025-11-27,2025-12-02,3,Thursday,10:30,13:00,26455.0,26450,26000,1.72,0.042,0.242,0.301,11.09,55.65,198.5,254.15,40.05,228.1,268.15,-14.0,-1050.0,-1250.0,-53191.0,-45191.0,-45532.0
2026-01-12,2026-01-13,1,Monday,09:30,13:00,25672.5,25650,25700,0.107,-0.732,0.329,0.593,8.78,58.65,110.45,169.1,128.5,54.5,183.0,-13.9,-1043.0,-1243.0,-52872.0,-44872.0,-45213.0
2026-02-27,2026-03-02,1,Friday,10:00,11:00,25470.0,25450,25500,0.118,-0.261,0.415,0.634,15.58,62.95,169.5,232.45,54.65,191.7,246.35,-13.9,-1043.0,-1243.0,-52872.0,-44872.0,-45213.0
2025-06-02,2025-06-05,3,Monday,10:30,15:25,24705.0,24700,24800,0.385,-0.213,0.419,0.806,19.39,165.7,252.45,418.15,220.6,211.4,432.0,-13.85,-1039.0,-1239.0,-52713.0,-44713.0,-45053.0
2025-09-29,2025-09-30,1,Monday,10:00,15:25,24812.0,24800,24700,0.451,0.223,0.264,0.498,7.39,70.65,58.3,128.95,18.1,124.65,142.75,-13.8,-1035.0,-1235.0,-52553.0,-44553.0,-44894.0
2026-01-23,2026-01-27,2,Friday,10:30,12:00,25329.0,25350,25300,0.114,0.019,0.236,0.44,10.11,101.1,117.4,218.5,59.25,173.0,232.25,-13.75,-1031.0,-1231.0,-52394.0,-44394.0,-44734.0
2026-03-18,2026-03-24,4,Wednesday,10:30,13:00,23732.5,23750,23700,0.137,0.208,0.331,0.529,18.95,204.3,237.4,441.7,239.15,216.3,455.45,-13.75,-1031.0,-1231.0,-52394.0,-44394.0,-44734.0
2025-06-06,2025-06-12,4,Friday,10:30,11:00,24936.6,24950,24700,0.949,-0.077,0.258,0.713,18.86,134.0,224.75,358.75,195.8,176.6,372.4,-13.65,-1024.0,-1224.0,-52074.0,-44074.0,-44415.0
2026-01-29,2026-02-03,3,Thursday,09:30,11:00,25371.5,25350,25300,0.282,-0.22,0.423,0.603,12.15,167.85,233.2,401.05,157.7,256.95,414.65,-13.6,-1020.0,-1220.0,-51915.0,-43915.0,-44255.0
2025-09-04,2025-09-09,3,Thursday,10:30,12:00,24946.5,24950,25000,0.214,0.428,0.062,0.491,10.22,68.9,147.05,215.95,62.8,166.7,229.5,-13.55,-1016.0,-1216.0,-51755.0,-43755.0,-44096.0
2025-08-12,2025-08-14,2,Tuesday,10:30,11:00,24676.1,24700,24600,0.308,-0.036,0.326,0.687,9.57,61.55,137.45,199.0,52.65,159.9,212.55,-13.55,-1016.0,-1216.0,-51755.0,-43755.0,-44096.0
2025-05-21,2025-05-22,1,Wednesday,10:30,13:00,24967.9,24950,25000,0.129,-0.108,0.827,1.07,20.41,125.8,147.25,273.05,58.7,227.85,286.55,-13.5,-1012.0,-1212.0,-51596.0,-43596.0,-43936.0
2025-08-05,2025-08-07,2,Tuesday,09:30,11:00,24731.1,24750,24700,0.126,-0.113,0.365,0.499,8.45,74.05,144.2,218.25,54.0,177.75,231.75,-13.5,-1012.0,-1212.0,-51596.0,-43596.0,-43936.0
2025-05-14,2025-05-15,1,Wednesday,10:30,15:25,24785.5,24800,24700,0.345,0.095,0.551,0.768,21.36,67.1,155.3,222.4,39.1,196.7,235.8,-13.4,-1005.0,-1205.0,-51277.0,-43277.0,-43617.0
2025-07-04,2025-07-10,4,Friday,10:30,12:00,25497.0,25500,25500,0.012,0.0,0.008,0.298,12.47,111.2,185.85,297.05,80.8,229.65,310.45,-13.4,-1005.0,-1205.0,-51277.0,-43277.0,-43617.0
2025-11-19,2025-11-25,4,Wednesday,10:30,15:25,25990.0,26000,26000,0.038,0.024,0.154,0.438,11.59,137.95,145.4,283.35,181.75,114.9,296.65,-13.3,-997.0,-1197.0,-50957.0,-42957.0,-43298.0
2025-09-29,2025-09-30,1,Monday,10:30,12:00,24818.2,24800,24700,0.476,0.223,0.264,0.498,7.39,74.6,57.95,132.55,33.35,112.45,145.8,-13.25,-994.0,-1194.0,-50798.0,-42798.0,-43138.0
2025-07-29,2025-07-31,2,Tuesday,10:00,11:00,24727.5,24750,25000,1.102,-0.284,0.102,0.507,8.19,87.35,111.55,198.9,65.2,146.9,212.1,-13.2,-990.0,-1190.0,-50638.0,-42638.0,-42979.0
2026-04-06,2026-04-07,1,Monday,09:30,15:25,22679.2,22700,22700,0.092,-0.101,0.118,0.812,29.04,170.35,265.65,436.0,358.25,90.9,449.15,-13.15,-986.0,-1186.0,-50479.0,-42479.0,-42819.0
2026-04-29,2026-05-05,4,Wednesday,10:00,15:25,24292.0,24300,24100,0.79,0.558,1.044,1.16,30.09,148.9,224.6,373.5,132.6,254.0,386.6,-13.1,-983.0,-1183.0,-50319.0,-42319.0,-42660.0
2025-07-25,2025-07-31,4,Friday,10:00,13:00,24951.8,24950,25000,0.193,-0.283,0.476,0.572,9.15,124.8,126.05,250.85,89.55,174.4,263.95,-13.1,-982.0,-1182.0,-50319.0,-42319.0,-42660.0
2025-12-08,2025-12-09,1,Monday,10:30,12:00,26242.0,26250,26200,0.16,-0.038,0.3,0.387,10.12,21.7,152.35,174.05,15.55,171.55,187.1,-13.05,-979.0,-1179.0,-50160.0,-42160.0,-42500.0
2025-11-13,2025-11-18,3,Thursday,10:00,12:00,25961.0,25950,25800,0.62,-0.104,0.177,0.4,13.49,106.7,143.15,249.85,166.75,96.05,262.8,-12.95,-971.0,-1171.0,-49840.0,-41840.0,-42181.0
2025-09-01,2025-09-02,1,Monday,10:00,12:00,24678.9,24700,24500,0.725,0.015,0.346,0.451,10.69,18.75,148.9,167.65,12.35,168.05,180.4,-12.75,-956.0,-1156.0,-49202.0,-41202.0,-41543.0
2025-12-29,2025-12-30,1,Monday,10:00,13:00,26039.7,26050,26000,0.152,0.084,0.168,0.274,7.56,46.1,57.35,103.45,22.55,93.45,116.0,-12.55,-941.0,-1141.0,-48564.0,-40564.0,-40904.0
2026-04-30,2026-05-05,3,Thursday,10:00,15:25,23910.0,23900,24000,0.376,-0.689,0.699,0.962,30.22,166.05,213.6,379.65,277.5,114.7,392.2,-12.55,-941.0,-1141.0,-48564.0,-40564.0,-40904.0
2025-08-08,2025-08-14,4,Friday,09:30,12:00,24584.2,24600,24600,0.064,-0.186,0.523,0.726,8.53,105.65,166.1,271.75,78.5,205.75,284.25,-12.5,-938.0,-1138.0,-48404.0,-40404.0,-40745.0
2026-04-16,2026-04-21,3,Thursday,10:30,12:00,24310.0,24300,25000,2.838,-0.718,0.186,0.509,32.17,190.3,192.9,383.2,140.45,255.25,395.7,-12.5,-937.0,-1137.0,-48404.0,-40404.0,-40745.0
2025-08-12,2025-08-14,2,Tuesday,09:30,15:25,24670.1,24650,24600,0.284,-0.036,0.326,0.687,9.57,80.35,107.5,187.85,33.15,167.15,200.3,-12.45,-934.0,-1134.0,-48245.0,-40245.0,-40585.0
2025-06-11,2025-06-12,1,Wednesday,10:30,12:00,25205.5,25200,25100,0.419,0.119,0.084,0.325,11.68,38.1,115.0,153.1,87.9,77.65,165.55,-12.45,-934.0,-1134.0,-48245.0,-40245.0,-40585.0
2025-08-26,2025-08-28,2,Tuesday,10:30,15:25,24803.8,24800,25000,0.791,-0.357,0.41,0.703,9.45,72.4,69.0,141.4,42.0,111.8,153.8,-12.4,-930.0,-1130.0,-48085.0,-40085.0,-40426.0
2025-08-13,2025-08-14,1,Wednesday,10:30,12:00,24680.0,24700,24600,0.324,0.305,0.204,0.34,9.58,39.65,118.85,158.5,23.85,147.0,170.85,-12.35,-926.0,-1126.0,-47926.0,-39926.0,-40266.0
2026-03-18,2026-03-24,4,Wednesday,09:30,11:00,23748.0,23750,23700,0.202,0.208,0.331,0.529,18.95,206.75,230.1,436.85,238.5,210.55,449.05,-12.2,-915.0,-1115.0,-47447.0,-39447.0,-39787.0
2026-03-09,2026-03-10,1,Monday,10:30,13:00,23864.4,23850,25000,4.759,-2.932,0.105,1.051,14.7,176.6,242.0,418.6,247.65,183.05,430.7,-12.1,-908.0,-1108.0,-47128.0,-39128.0,-39468.0
2025-06-11,2025-06-12,1,Wednesday,10:00,12:00,25215.0,25200,25100,0.456,0.119,0.084,0.325,11.68,46.55,107.15,153.7,87.9,77.65,165.55,-11.85,-889.0,-1089.0,-46330.0,-38330.0,-38670.0
2025-08-12,2025-08-14,2,Tuesday,09:30,11:00,24670.1,24650,24600,0.284,-0.036,0.326,0.687,9.57,80.35,107.5,187.85,70.9,128.7,199.6,-11.75,-881.0,-1081.0,-46011.0,-38011.0,-38351.0
2025-12-10,2025-12-16,4,Wednesday,09:30,12:00,25999.5,26000,26000,0.002,-0.295,0.59,0.69,10.8,95.65,170.1,265.75,69.45,208.0,277.45,-11.7,-877.0,-1077.0,-45851.0,-37851.0,-38191.0
2025-06-30,2025-07-03,3,Monday,10:30,15:25,25692.0,25700,25600,0.358,0.031,0.284,0.432,11.55,85.95,191.6,277.55,62.45,226.55,289.0,-11.45,-859.0,-1059.0,-45053.0,-37053.0,-37394.0
2026-02-26,2026-03-02,2,Thursday,10:30,11:00,25675.0,25700,25500,0.682,0.215,0.006,0.347,15.68,61.05,214.75,275.8,55.1,232.15,287.25,-11.45,-859.0,-1059.0,-45053.0,-37053.0,-37394.0
2025-09-19,2025-09-23,2,Friday,09:30,13:00,25418.2,25400,25400,0.072,-0.141,0.311,0.51,7.74,63.15,86.25,149.4,51.85,108.95,160.8,-11.4,-855.0,-1055.0,-44894.0,-36894.0,-37234.0
2025-05-12,2025-05-15,3,Monday,10:00,11:00,24805.1,24800,24000,3.246,1.594,1.289,1.716,13.84,131.5,209.9,341.4,120.3,232.5,352.8,-11.4,-855.0,-1055.0,-44894.0,-36894.0,-37234.0
2025-06-18,2025-06-19,1,Wednesday,10:30,15:25,24908.0,24900,24900,0.032,-0.079,0.3,0.659,11.63,76.25,99.8,176.05,40.85,146.55,187.4,-11.35,-851.0,-1051.0,-44734.0,-36734.0,-37074.0
2025-06-30,2025-07-03,3,Monday,10:00,15:25,25694.4,25700,25600,0.367,0.031,0.284,0.432,11.55,89.5,188.15,277.65,62.45,226.55,289.0,-11.35,-851.0,-1051.0,-44734.0,-36734.0,-37074.0
2025-10-24,2025-10-28,2,Friday,09:30,15:25,25943.7,25950,26000,0.217,0.116,0.42,0.547,12.63,106.85,110.9,217.75,44.2,184.85,229.05,-11.3,-848.0,-1048.0,-44574.0,-36574.0,-36915.0
2026-02-05,2026-02-10,3,Thursday,10:30,11:00,25753.0,25750,25800,0.183,-0.12,0.178,0.476,15.07,113.55,173.35,286.9,97.25,200.9,298.15,-11.25,-844.0,-1044.0,-44415.0,-36415.0,-36755.0
2025-12-18,2025-12-23,3,Thursday,10:00,11:00,25815.0,25800,25800,0.058,-0.135,0.144,0.479,10.29,94.8,122.3,217.1,157.85,70.45,228.3,-11.2,-840.0,-1040.0,-44255.0,-36255.0,-36596.0
2025-06-16,2025-06-19,3,Monday,10:30,11:00,24896.5,24900,24800,0.388,0.078,0.512,0.614,11.07,119.85,163.05,282.9,146.5,147.55,294.05,-11.15,-836.0,-1036.0,-44096.0,-36096.0,-36436.0
2025-09-08,2025-09-09,1,Monday,10:00,11:00,24914.5,24900,24800,0.46,0.157,0.014,0.324,10.05,38.3,103.2,141.5,27.25,125.3,152.55,-11.05,-829.0,-1029.0,-43777.0,-35777.0,-36117.0
2026-01-08,2026-01-13,3,Thursday,10:30,11:00,26140.1,26150,26200,0.229,-0.183,0.164,0.302,8.33,53.9,141.5,195.4,50.95,155.45,206.4,-11.0,-825.0,-1025.0,-43617.0,-35617.0,-35957.0
2026-04-01,2026-04-07,4,Wednesday,09:30,11:00,22995.0,23000,23000,0.022,2.328,0.164,0.832,26.76,275.6,345.0,620.6,215.55,416.0,631.55,-10.95,-821.0,-1021.0,-43457.0,-35457.0,-35798.0
2025-04-29,2025-04-30,1,Tuesday,10:00,15:25,24485.0,24500,24400,0.347,0.126,0.221,0.62,18.12,34.3,163.4,197.7,13.0,195.65,208.65,-10.95,-821.0,-1021.0,-43457.0,-35457.0,-35798.0
2026-02-27,2026-03-02,1,Friday,10:30,13:00,25457.0,25450,25500,0.169,-0.261,0.415,0.634,15.58,59.05,183.9,242.95,47.0,206.85,253.85,-10.9,-818.0,-1018.0,-43298.0,-35298.0,-35638.0
2025-12-29,2025-12-30,1,Monday,10:00,12:00,26039.7,26050,26000,0.152,0.084,0.168,0.274,7.56,46.1,57.35,103.45,28.6,85.7,114.3,-10.85,-814.0,-1014.0,-43138.0,-35138.0,-35479.0
2026-01-12,2026-01-13,1,Monday,10:30,11:00,25688.8,25700,25700,0.044,-0.732,0.329,0.593,8.78,38.1,138.6,176.7,24.5,162.95,187.45,-10.75,-806.0,-1006.0,-42819.0,-34819.0,-35160.0
2025-06-30,2025-07-03,3,Monday,10:30,13:00,25692.0,25700,25600,0.358,0.031,0.284,0.432,11.55,85.95,191.6,277.55,62.3,225.75,288.05,-10.5,-788.0,-988.0,-42021.0,-34021.0,-34362.0
2025-10-03,2025-10-07,2,Friday,10:00,11:00,24947.3,24950,24800,0.59,-0.13,0.058,0.327,9.06,40.2,141.85,182.05,30.3,162.25,192.55,-10.5,-788.0,-988.0,-42021.0,-34021.0,-34362.0
2025-05-14,2025-05-15,1,Wednesday,10:00,12:00,24782.9,24800,24700,0.335,0.095,0.551,0.768,21.36,69.9,163.1,233.0,44.7,198.75,243.45,-10.45,-784.0,-984.0,-41862.0,-33862.0,-34202.0
2025-11-24,2025-11-25,1,Monday,10:00,15:25,26117.2,26100,26100,0.066,0.142,0.136,0.264,11.4,90.25,70.2,160.45,26.3,144.6,170.9,-10.45,-784.0,-984.0,-41862.0,-33862.0,-34202.0
2025-11-27,2025-12-02,3,Thursday,10:00,15:25,26465.7,26450,26000,1.76,0.042,0.242,0.301,11.09,63.15,189.25,252.4,31.3,231.5,262.8,-10.4,-780.0,-980.0,-41702.0,-33702.0,-34043.0
2025-06-30,2025-07-03,3,Monday,10:00,13:00,25694.4,25700,25600,0.367,0.031,0.284,0.432,11.55,89.5,188.15,277.65,62.3,225.75,288.05,-10.4,-780.0,-980.0,-41702.0,-33702.0,-34043.0
2025-08-13,2025-08-14,1,Wednesday,10:00,12:00,24688.0,24700,24600,0.356,0.305,0.204,0.34,9.58,43.0,117.45,160.45,23.85,147.0,170.85,-10.4,-780.0,-980.0,-41702.0,-33702.0,-34043.0
2025-05-13,2025-05-15,2,Tuesday,10:00,12:00,24811.0,24800,26000,4.792,-0.363,0.877,1.214,20.6,151.9,230.5,382.4,148.0,244.65,392.65,-10.25,-769.0,-969.0,-41223.0,-33223.0,-33564.0
2025-04-29,2025-04-30,1,Tuesday,09:30,13:00,24512.0,24500,24400,0.457,0.126,0.221,0.62,18.12,44.15,147.1,191.25,18.95,182.55,201.5,-10.25,-769.0,-969.0,-41223.0,-33223.0,-33564.0
2025-09-29,2025-09-30,1,Monday,10:30,15:25,24818.2,24800,24700,0.476,0.223,0.264,0.498,7.39,74.6,57.95,132.55,18.1,124.65,142.75,-10.2,-765.0,-965.0,-41064.0,-33064.0,-33404.0
2025-07-04,2025-07-10,4,Friday,09:30,12:00,25501.1,25500,25500,0.004,0.0,0.008,0.298,12.47,115.0,185.3,300.3,80.8,229.65,310.45,-10.15,-761.0,-961.0,-40904.0,-32904.0,-33245.0
2025-12-18,2025-12-23,3,Thursday,10:00,12:00,25815.0,25800,25800,0.058,-0.135,0.144,0.479,10.29,94.8,122.3,217.1,167.05,60.2,227.25,-10.15,-761.0,-961.0,-40904.0,-32904.0,-33245.0
2025-10-16,2025-10-20,2,Thursday,10:30,15:25,25527.8,25550,25400,0.501,0.106,0.279,0.304,10.33,62.5,120.3,182.8,124.2,68.65,192.85,-10.05,-754.0,-954.0,-40585.0,-32585.0,-32926.0
2025-08-20,2025-08-21,1,Wednesday,09:30,15:25,24971.8,24950,25000,0.113,-0.244,0.217,0.285,10.82,63.85,73.0,136.85,122.4,24.5,146.9,-10.05,-754.0,-954.0,-40585.0,-32585.0,-32926.0
2025-10-03,2025-10-07,2,Friday,10:30,11:00,24939.0,24950,24800,0.557,-0.13,0.058,0.327,9.06,36.4,146.1,182.5,30.3,162.25,192.55,-10.05,-754.0,-954.0,-40585.0,-32585.0,-32926.0
2025-05-14,2025-05-15,1,Wednesday,10:00,11:00,24782.9,24800,24700,0.335,0.095,0.551,0.768,21.36,69.9,163.1,233.0,52.2,190.8,243.0,-10.0,-750.0,-950.0,-40426.0,-32426.0,-32766.0
2025-09-19,2025-09-23,2,Friday,10:30,12:00,25402.0,25400,25400,0.008,-0.141,0.311,0.51,7.74,58.1,100.4,158.5,46.95,121.45,168.4,-9.9,-743.0,-943.0,-40106.0,-32106.0,-32447.0
2026-02-20,2026-02-24,2,Friday,10:00,13:00,25527.6,25550,25500,0.108,0.02,0.583,0.766,16.08,119.4,141.7,261.1,167.0,103.95,270.95,-9.85,-739.0,-939.0,-39947.0,-31947.0,-32287.0
2025-06-24,2025-06-26,2,Tuesday,10:30,15:25,25258.9,25250,25000,1.025,0.321,0.295,0.591,10.66,124.65,114.5,239.15,45.55,203.4,248.95,-9.8,-735.0,-935.0,-39787.0,-31787.0,-32128.0
2025-05-23,2025-05-29,4,Friday,10:00,15:25,24820.1,24800,25000,0.725,-0.035,0.598,0.949,19.21,213.8,191.65,405.45,243.8,171.35,415.15,-9.7,-727.0,-927.0,-39468.0,-31468.0,-31809.0
2025-10-13,2025-10-14,1,Monday,10:30,11:00,25290.9,25300,25200,0.359,-0.295,0.205,0.414,9.77,38.05,116.2,154.25,30.95,133.0,163.95,-9.7,-727.0,-927.0,-39468.0,-31468.0,-31809.0
2025-08-04,2025-08-07,3,Monday,09:30,11:00,24744.0,24750,24700,0.178,0.049,0.254,0.467,7.93,102.3,170.45,272.75,85.3,197.15,282.45,-9.7,-727.0,-927.0,-39468.0,-31468.0,-31809.0
2025-07-28,2025-07-31,3,Monday,09:30,13:00,24825.6,24850,25000,0.703,-0.557,0.467,0.701,9.17,101.55,123.75,225.3,69.6,165.35,234.95,-9.65,-724.0,-924.0,-39309.0,-31309.0,-31649.0
2025-09-05,2025-09-09,2,Friday,09:30,15:25,24892.4,24900,24800,0.371,0.078,0.187,0.831,10.12,49.3,135.75,185.05,36.0,158.65,194.65,-9.6,-720.0,-920.0,-39149.0,-31149.0,-31489.0
2026-02-25,2026-03-02,3,Wednesday,10:30,12:00,25802.3,25800,25500,1.172,0.911,0.564,0.635,15.45,84.15,205.45,289.6,64.55,234.5,299.05,-9.45,-709.0,-909.0,-38670.0,-30670.0,-31011.0
2025-07-18,2025-07-24,4,Friday,10:00,15:25,25095.0,25100,25200,0.418,-0.01,0.612,0.675,10.17,111.75,140.4,252.15,91.5,170.1,261.6,-9.45,-709.0,-909.0,-38670.0,-30670.0,-31011.0
2025-10-15,2025-10-20,3,Wednesday,10:00,13:00,25318.9,25300,25200,0.47,0.3,0.469,0.534,9.69,102.65,122.65,225.3,167.45,67.25,234.7,-9.4,-705.0,-905.0,-38511.0,-30511.0,-30851.0
2025-05-19,2025-05-22,3,Monday,10:30,15:25,25078.0,25100,25000,0.311,-0.533,0.099,0.398,19.98,132.5,202.0,334.5,88.55,255.3,343.85,-9.35,-701.0,-901.0,-38351.0,-30351.0,-30691.0
2025-11-06,2025-11-11,3,Thursday,09:30,11:00,25749.4,25750,25700,0.192,0.16,0.368,0.641,13.94,86.85,169.95,256.8,56.6,209.5,266.1,-9.3,-698.0,-898.0,-38191.0,-30191.0,-30532.0
2025-09-18,2025-09-23,3,Thursday,10:30,13:00,25503.0,25500,25400,0.404,0.229,0.088,0.137,7.67,66.5,106.25,172.75,55.15,126.9,182.05,-9.3,-698.0,-898.0,-38191.0,-30191.0,-30532.0
2026-01-22,2026-01-27,3,Thursday,10:30,11:00,25303.0,25300,26000,2.755,0.556,0.029,0.644,9.51,138.95,134.7,273.65,112.45,170.5,282.95,-9.3,-698.0,-898.0,-38191.0,-30191.0,-30532.0
2026-03-16,2026-03-17,1,Monday,09:30,12:00,23262.1,23250,23200,0.267,0.029,0.612,1.171,18.55,151.35,196.6,347.95,131.85,225.4,357.25,-9.3,-698.0,-898.0,-38191.0,-30191.0,-30532.0
2026-01-30,2026-02-03,2,Friday,10:30,12:00,25375.0,25400,25300,0.296,-0.495,0.144,0.405,10.85,148.7,260.9,409.6,143.9,275.0,418.9,-9.3,-698.0,-898.0,-38191.0,-30191.0,-30532.0
2025-06-11,2025-06-12,1,Wednesday,10:30,15:25,25205.5,25200,25100,0.419,0.119,0.084,0.325,11.68,38.1,115.0,153.1,43.75,118.6,162.35,-9.25,-694.0,-894.0,-38032.0,-30032.0,-30372.0
2025-10-08,2025-10-14,4,Wednesday,10:30,13:00,25212.5,25200,25200,0.05,-0.088,0.056,0.424,9.35,81.75,131.1,212.85,70.35,151.75,222.1,-9.25,-694.0,-894.0,-38032.0,-30032.0,-30372.0
2026-04-16,2026-04-21,3,Thursday,10:00,13:00,24277.7,24300,25000,2.975,-0.718,0.186,0.509,32.17,178.65,216.05,394.7,117.7,286.15,403.85,-9.15,-686.0,-886.0,-37713.0,-29713.0,-30053.0
2025-05-30,2025-06-05,4,Friday,10:00,15:25,24925.3,24950,24800,0.503,0.437,0.246,0.52,19.53,154.15,268.35,422.5,136.8,294.85,431.65,-9.15,-686.0,-886.0,-37713.0,-29713.0,-30053.0
2025-10-15,2025-10-20,3,Wednesday,10:00,12:00,25318.9,25300,25200,0.47,0.3,0.469,0.534,9.69,102.65,122.65,225.3,158.4,76.0,234.4,-9.1,-682.0,-882.0,-37553.0,-29553.0,-29894.0
2025-08-06,2025-08-07,1,Wednesday,10:30,15:25,24682.7,24700,24700,0.07,-0.033,0.085,0.34,8.46,44.75,123.95,168.7,29.8,148.0,177.8,-9.1,-683.0,-883.0,-37553.0,-29553.0,-29894.0
2026-03-06,2026-03-10,2,Friday,10:30,11:00,24728.0,24750,24600,0.518,-0.572,0.221,0.424,14.72,154.45,265.6,420.05,139.95,289.1,429.05,-9.0,-675.0,-875.0,-37234.0,-29234.0,-29574.0
2025-07-02,2025-07-03,1,Wednesday,10:30,13:00,25620.0,25600,25600,0.078,-0.957,0.133,0.349,11.97,46.35,118.75,165.1,26.95,147.15,174.1,-9.0,-675.0,-875.0,-37234.0,-29234.0,-29574.0
2026-03-11,2026-03-17,4,Wednesday,10:30,11:00,24218.1,24200,24300,0.338,-0.273,0.531,0.756,16.85,251.5,290.95,542.45,240.0,311.4,551.4,-8.95,-671.0,-871.0,-37074.0,-29074.0,-29415.0
2025-09-05,2025-09-09,2,Friday,10:30,13:00,24810.1,24800,24800,0.041,0.078,0.187,0.831,10.12,66.0,134.65,200.65,38.0,171.6,209.6,-8.95,-671.0,-871.0,-37074.0,-29074.0,-29415.0
2026-03-18,2026-03-24,4,Wednesday,10:00,13:00,23697.0,23700,23700,0.013,0.208,0.331,0.529,18.95,217.85,236.9,454.75,268.2,195.45,463.65,-8.9,-667.0,-867.0,-36915.0,-28915.0,-29255.0
2025-11-27,2025-12-02,3,Thursday,10:30,15:25,26455.0,26450,26000,1.72,0.042,0.242,0.301,11.09,55.65,198.5,254.15,31.3,231.5,262.8,-8.65,-649.0,-849.0,-36117.0,-28117.0,-28457.0
2026-03-20,2026-03-24,2,Friday,09:30,15:25,23307.7,23300,23000,1.32,0.235,0.449,0.733,22.09,230.7,245.8,476.5,158.2,326.95,485.15,-8.65,-649.0,-849.0,-36117.0,-28117.0,-28457.0
2025-06-11,2025-06-12,1,Wednesday,10:00,15:25,25215.0,25200,25100,0.456,0.119,0.084,0.325,11.68,46.55,107.15,153.7,43.75,118.6,162.35,-8.65,-649.0,-849.0,-36117.0,-28117.0,-28457.0
2025-07-29,2025-07-31,2,Tuesday,09:30,11:00,24730.0,24750,25000,1.092,-0.284,0.102,0.507,8.19,92.25,111.3,203.55,65.2,146.9,212.1,-8.55,-641.0,-841.0,-35798.0,-27798.0,-28138.0
2025-12-17,2025-12-23,4,Wednesday,09:30,13:00,25970.0,25950,25900,0.27,-0.027,0.143,0.479,10.29,115.9,132.1,248.0,66.75,189.75,256.5,-8.5,-638.0,-838.0,-35638.0,-27638.0,-27979.0
2026-02-18,2026-02-24,4,Wednesday,09:30,15:25,25736.0,25750,25700,0.14,0.062,0.264,0.427,15.04,128.35,140.35,268.7,177.0,100.2,277.2,-8.5,-638.0,-838.0,-35638.0,-27638.0,-27979.0
2026-02-23,2026-02-24,1,Monday,10:00,13:00,25731.3,25750,25700,0.122,0.396,0.098,0.572,15.59,91.1,109.95,201.05,46.6,162.9,209.5,-8.45,-634.0,-834.0,-35479.0,-27479.0,-27819.0
2025-08-06,2025-08-07,1,Wednesday,10:30,12:00,24682.7,24700,24700,0.07,-0.033,0.085,0.34,8.46,44.75,123.95,168.7,35.25,141.85,177.1,-8.4,-630.0,-830.0,-35319.0,-27319.0,-27660.0
2026-05-04,2026-05-05,1,Monday,10:30,15:25,24308.0,24300,24200,0.444,0.394,0.359,0.662,27.97,96.95,143.8,240.75,57.0,192.15,249.15,-8.4,-630.0,-830.0,-35319.0,-27319.0,-27660.0
2025-10-15,2025-10-20,3,Wednesday,10:00,11:00,25318.9,25300,25200,0.47,0.3,0.469,0.534,9.69,102.65,122.65,225.3,158.15,75.55,233.7,-8.4,-630.0,-830.0,-35319.0,-27319.0,-27660.0
2025-08-19,2025-08-21,2,Tuesday,10:30,13:00,24966.9,24950,25000,0.133,-0.054,0.025,0.247,10.78,77.15,93.2,170.35,119.4,59.3,178.7,-8.35,-626.0,-826.0,-35160.0,-27160.0,-27500.0
2026-04-29,2026-05-05,4,Wednesday,10:00,13:00,24292.0,24300,24100,0.79,0.558,1.044,1.16,30.09,148.9,224.6,373.5,221.1,160.75,381.85,-8.35,-626.0,-826.0,-35160.0,-27160.0,-27500.0
2025-11-28,2025-12-02,2,Friday,10:00,13:00,26435.6,26450,26200,0.891,-0.198,0.308,0.428,10.56,33.1,201.7,234.8,20.7,222.35,243.05,-8.25,-619.0,-819.0,-34840.0,-26840.0,-27181.0
2025-04-21,2025-04-24,3,Monday,09:30,12:00,23914.5,23900,23500,1.733,0.113,0.73,0.818,,175.0,165.2,340.2,290.0,58.45,348.45,-8.25,-619.0,-819.0,-34840.0,-26840.0,-27181.0
2026-02-27,2026-03-02,1,Friday,10:00,12:00,25470.0,25450,25500,0.118,-0.261,0.415,0.634,15.58,62.95,169.5,232.45,53.7,186.95,240.65,-8.2,-615.0,-815.0,-34681.0,-26681.0,-27021.0
2025-06-23,2025-06-26,3,Monday,10:00,15:25,24855.1,24850,25000,0.583,-0.484,0.337,0.786,11.39,149.55,145.3,294.85,218.1,84.95,303.05,-8.2,-615.0,-815.0,-34681.0,-26681.0,-27021.0
2025-09-15,2025-09-16,1,Monday,09:30,11:00,25187.0,25200,25100,0.345,-0.038,0.141,0.206,8.36,27.95,109.4,137.35,17.95,127.4,145.35,-8.0,-600.0,-800.0,-34043.0,-26043.0,-26383.0
2025-11-06,2025-11-11,3,Thursday,09:30,15:25,25749.4,25750,25700,0.192,0.16,0.368,0.641,13.94,86.85,169.95,256.8,35.6,229.15,264.75,-7.95,-596.0,-796.0,-33883.0,-25883.0,-26223.0
2025-07-25,2025-07-31,4,Friday,10:00,15:25,24951.8,24950,25000,0.193,-0.283,0.476,0.572,9.15,124.8,126.05,250.85,82.7,176.05,258.75,-7.9,-593.0,-793.0,-33723.0,-25723.0,-26064.0
2025-10-16,2025-10-20,2,Thursday,10:00,13:00,25517.1,25500,25400,0.459,0.106,0.279,0.304,10.33,80.9,102.6,183.5,121.35,70.0,191.35,-7.85,-589.0,-789.0,-33564.0,-25564.0,-25904.0
2025-05-30,2025-06-05,4,Friday,09:30,13:00,24958.0,24950,24800,0.633,0.437,0.246,0.52,19.53,175.2,256.65,431.85,139.65,300.0,439.65,-7.8,-585.0,-785.0,-33404.0,-25404.0,-25745.0
2025-09-18,2025-09-23,3,Thursday,09:30,13:00,25510.0,25500,25400,0.431,0.229,0.088,0.137,7.67,71.55,102.7,174.25,55.15,126.9,182.05,-7.8,-585.0,-785.0,-33404.0,-25404.0,-25745.0
2026-01-22,2026-01-27,3,Thursday,10:30,13:00,25303.0,25300,26000,2.755,0.556,0.029,0.644,9.51,138.95,134.7,273.65,108.25,173.2,281.45,-7.8,-585.0,-785.0,-33404.0,-25404.0,-25745.0
2025-10-08,2025-10-14,4,Wednesday,10:30,11:00,25212.5,25200,25200,0.05,-0.088,0.056,0.424,9.35,81.75,131.1,212.85,68.45,152.2,220.65,-7.8,-585.0,-785.0,-33404.0,-25404.0,-25745.0
2025-07-04,2025-07-10,4,Friday,10:00,12:00,25505.7,25500,25500,0.022,0.0,0.008,0.298,12.47,117.5,185.2,302.7,80.8,229.65,310.45,-7.75,-581.0,-781.0,-33245.0,-25245.0,-25585.0
2025-08-06,2025-08-07,1,Wednesday,09:30,11:00,24721.1,24700,24700,0.085,-0.033,0.085,0.34,8.46,70.55,110.1,180.65,32.3,156.1,188.4,-7.75,-581.0,-781.0,-33245.0,-25245.0,-25585.0
2025-06-24,2025-06-26,2,Tuesday,09:30,13:00,25211.3,25200,25000,0.838,0.321,0.295,0.591,10.66,123.45,108.1,231.55,164.0,75.25,239.25,-7.7,-577.0,-777.0,-33085.0,-25085.0,-25426.0
2026-02-23,2026-02-24,1,Monday,10:00,12:00,25731.3,25750,25700,0.122,0.396,0.098,0.572,15.59,91.1,109.95,201.05,53.5,155.2,208.7,-7.65,-574.0,-774.0,-32926.0,-24926.0,-25266.0
2026-04-29,2026-05-05,4,Wednesday,10:00,12:00,24292.0,24300,24100,0.79,0.558,1.044,1.16,30.09,148.9,224.6,373.5,201.5,179.65,381.15,-7.65,-574.0,-774.0,-32926.0,-24926.0,-25266.0
2025-05-23,2025-05-29,4,Friday,10:30,15:25,24815.0,24800,25000,0.746,-0.035,0.598,0.949,19.21,211.4,196.25,407.65,243.8,171.35,415.15,-7.5,-562.0,-762.0,-32447.0,-24447.0,-24787.0
2025-12-26,2025-12-30,2,Friday,09:30,13:00,26132.8,26150,26200,0.257,-0.096,0.121,0.264,7.45,63.95,84.8,148.75,31.9,124.35,156.25,-7.5,-562.0,-762.0,-32447.0,-24447.0,-24787.0
2025-06-06,2025-06-12,4,Friday,10:30,13:00,24936.6,24950,24700,0.949,-0.077,0.258,0.713,18.86,134.0,224.75,358.75,208.35,157.8,366.15,-7.4,-555.0,-755.0,-32128.0,-24128.0,-24468.0
2026-03-18,2026-03-24,4,Wednesday,10:30,11:00,23732.5,23750,23700,0.137,0.208,0.331,0.529,18.95,204.3,237.4,441.7,238.5,210.55,449.05,-7.35,-551.0,-751.0,-31968.0,-23968.0,-24309.0
2025-08-12,2025-08-14,2,Tuesday,10:30,12:00,24676.1,24700,24600,0.308,-0.036,0.326,0.687,9.57,61.55,137.45,199.0,45.4,160.9,206.3,-7.3,-548.0,-748.0,-31809.0,-23809.0,-24149.0
2025-11-13,2025-11-18,3,Thursday,09:30,12:00,25962.0,25950,25800,0.624,-0.104,0.177,0.4,13.49,111.6,143.9,255.5,166.75,96.05,262.8,-7.3,-548.0,-748.0,-31809.0,-23809.0,-24149.0
2025-11-19,2025-11-25,4,Wednesday,10:30,13:00,25990.0,26000,26000,0.038,0.024,0.154,0.438,11.59,137.95,145.4,283.35,167.45,123.1,290.55,-7.2,-540.0,-740.0,-31489.0,-23489.0,-23830.0
2025-10-16,2025-10-20,2,Thursday,09:30,13:00,25509.6,25500,25400,0.43,0.106,0.279,0.304,10.33,81.1,103.05,184.15,121.35,70.0,191.35,-7.2,-540.0,-740.0,-31489.0,-23489.0,-23830.0
2025-09-18,2025-09-23,3,Thursday,10:00,13:00,25499.9,25500,25400,0.392,0.229,0.088,0.137,7.67,66.7,108.15,174.85,55.15,126.9,182.05,-7.2,-540.0,-740.0,-31489.0,-23489.0,-23830.0
2025-12-08,2025-12-09,1,Monday,10:00,11:00,26230.4,26250,26200,0.116,-0.038,0.3,0.387,10.12,21.75,159.1,180.85,16.8,171.25,188.05,-7.2,-540.0,-740.0,-31489.0,-23489.0,-23830.0
2025-08-08,2025-08-14,4,Friday,10:00,11:00,24543.0,24550,24600,0.232,-0.186,0.523,0.726,8.53,108.3,164.0,272.3,94.5,184.9,279.4,-7.1,-532.0,-732.0,-31170.0,-23170.0,-23511.0
2025-07-14,2025-07-17,3,Monday,10:00,11:00,25192.0,25200,25500,1.223,-0.297,0.241,0.534,11.05,89.6,139.35,228.95,67.6,168.4,236.0,-7.05,-529.0,-729.0,-31011.0,-23011.0,-23351.0
2025-08-01,2025-08-07,4,Friday,10:00,13:00,24761.7,24750,24700,0.249,-0.275,0.141,0.423,7.29,128.75,174.3,303.05,104.8,205.2,310.0,-6.95,-521.0,-721.0,-30691.0,-22691.0,-23032.0
2025-07-02,2025-07-03,1,Wednesday,10:30,12:00,25620.0,25600,25600,0.078,-0.957,0.133,0.349,11.97,46.35,118.75,165.1,34.65,137.3,171.95,-6.85,-514.0,-714.0,-30372.0,-22372.0,-22713.0
2026-04-30,2026-05-05,3,Thursday,09:30,15:25,23945.3,23950,24000,0.228,-0.689,0.699,0.962,30.22,148.25,223.25,371.5,245.85,132.5,378.35,-6.85,-514.0,-714.0,-30372.0,-22372.0,-22713.0
2025-12-19,2025-12-23,2,Friday,10:00,12:00,26026.5,26050,25900,0.486,0.32,0.212,0.321,10.07,58.0,128.2,186.2,37.3,155.7,193.0,-6.8,-510.0,-710.0,-30213.0,-22213.0,-22553.0
2025-09-19,2025-09-23,2,Friday,10:30,11:00,25402.0,25400,25400,0.008,-0.141,0.311,0.51,7.74,58.1,100.4,158.5,50.4,114.9,165.3,-6.8,-510.0,-710.0,-30213.0,-22213.0,-22553.0
2025-11-06,2025-11-11,3,Thursday,09:30,12:00,25749.4,25750,25700,0.192,0.16,0.368,0.641,13.94,86.85,169.95,256.8,52.9,210.65,263.55,-6.75,-506.0,-706.0,-30053.0,-22053.0,-22394.0
2025-07-28,2025-07-31,3,Monday,10:00,13:00,24838.0,24850,25000,0.652,-0.557,0.467,0.701,9.17,105.3,122.9,228.2,69.6,165.35,234.95,-6.75,-506.0,-706.0,-30053.0,-22053.0,-22394.0
2025-11-28,2025-12-02,2,Friday,10:00,15:25,26435.6,26450,26200,0.891,-0.198,0.308,0.428,10.56,33.1,201.7,234.8,18.4,223.1,241.5,-6.7,-503.0,-703.0,-29894.0,-21894.0,-22234.0
2025-06-11,2025-06-12,1,Wednesday,10:30,11:00,25205.5,25200,25100,0.419,0.119,0.084,0.325,11.68,38.1,115.0,153.1,63.75,95.95,159.7,-6.6,-495.0,-695.0,-29574.0,-21574.0,-21915.0
2025-09-22,2025-09-23,1,Monday,10:30,12:00,25389.6,25400,25300,0.353,-0.302,0.138,0.4,7.76,32.3,89.0,121.3,23.6,104.2,127.8,-6.5,-488.0,-688.0,-29255.0,-21255.0,-21596.0
2025-12-17,2025-12-23,4,Wednesday,10:00,13:00,25936.0,25950,25900,0.139,-0.027,0.143,0.479,10.29,97.1,153.0,250.1,66.75,189.75,256.5,-6.4,-480.0,-680.0,-28936.0,-20936.0,-21277.0
2025-12-08,2025-12-09,1,Monday,10:00,12:00,26230.4,26250,26200,0.116,-0.038,0.3,0.387,10.12,21.75,159.1,180.85,15.55,171.55,187.1,-6.25,-469.0,-669.0,-28457.0,-20457.0,-20798.0
2025-12-26,2025-12-30,2,Friday,09:30,15:25,26132.8,26150,26200,0.257,-0.096,0.121,0.264,7.45,63.95,84.8,148.75,32.95,122.0,154.95,-6.2,-465.0,-665.0,-28298.0,-20298.0,-20638.0
2025-09-04,2025-09-09,3,Thursday,10:30,11:00,24946.5,24950,25000,0.214,0.428,0.062,0.491,10.22,68.9,147.05,215.95,66.15,156.0,222.15,-6.2,-465.0,-665.0,-28298.0,-20298.0,-20638.0
2025-12-29,2025-12-30,1,Monday,09:30,13:00,26072.7,26050,26000,0.279,0.084,0.168,0.274,7.56,67.15,42.65,109.8,22.55,93.45,116.0,-6.2,-465.0,-665.0,-28298.0,-20298.0,-20638.0
2025-05-12,2025-05-15,3,Monday,10:30,11:00,24800.0,24800,24000,3.226,1.594,1.289,1.716,13.84,130.45,216.2,346.65,120.3,232.5,352.8,-6.15,-461.0,-661.0,-28138.0,-20138.0,-20479.0
2025-11-19,2025-11-25,4,Wednesday,09:30,13:00,25938.0,25950,26000,0.239,0.024,0.154,0.438,11.59,141.4,153.5,294.9,197.75,103.3,301.05,-6.15,-461.0,-661.0,-28138.0,-20138.0,-20479.0
2025-12-12,2025-12-16,2,Friday,10:30,11:00,26074.0,26050,26000,0.284,0.331,0.119,0.416,11.12,64.2,124.3,188.5,58.25,136.4,194.65,-6.15,-461.0,-661.0,-28138.0,-20138.0,-20479.0
2025-07-09,2025-07-10,1,Wednesday,10:00,15:25,25603.4,25600,25500,0.404,-0.125,0.079,0.28,12.46,41.0,113.25,154.25,28.2,132.15,160.35,-6.1,-457.0,-657.0,-27979.0,-19979.0,-20319.0
2025-12-18,2025-12-23,3,Thursday,10:00,13:00,25815.0,25800,25800,0.058,-0.135,0.144,0.479,10.29,94.8,122.3,217.1,166.35,56.85,223.2,-6.1,-457.0,-657.0,-27979.0,-19979.0,-20319.0
2025-07-21,2025-07-24,3,Monday,09:30,13:00,24949.8,24950,25000,0.201,-0.23,0.521,0.807,10.39,96.9,119.65,216.55,169.65,53.0,222.65,-6.1,-457.0,-657.0,-27979.0,-19979.0,-20319.0
2025-10-30,2025-11-04,3,Thursday,09:30,15:25,26120.3,26100,26000,0.461,-0.234,0.456,0.68,13.5,89.6,180.3,269.9,59.6,216.35,275.95,-6.05,-454.0,-654.0,-27819.0,-19819.0,-20160.0
2025-06-23,2025-06-26,3,Monday,10:00,13:00,24855.1,24850,25000,0.583,-0.484,0.337,0.786,11.39,149.55,145.3,294.85,201.0,99.85,300.85,-6.0,-450.0,-650.0,-27660.0,-19660.0,-20000.0
2025-06-11,2025-06-12,1,Wednesday,10:00,11:00,25215.0,25200,25100,0.456,0.119,0.084,0.325,11.68,46.55,107.15,153.7,63.75,95.95,159.7,-6.0,-450.0,-650.0,-27660.0,-19660.0,-20000.0
2025-06-10,2025-06-12,2,Tuesday,10:30,11:00,25219.0,25200,25100,0.472,0.147,0.042,0.473,11.67,76.25,133.25,209.5,66.2,149.3,215.5,-6.0,-450.0,-650.0,-27660.0,-19660.0,-20000.0
2026-04-30,2026-05-05,3,Thursday,10:30,11:00,23896.8,23900,24000,0.432,-0.689,0.699,0.962,30.22,157.45,232.35,389.8,155.2,240.55,395.75,-5.95,-446.0,-646.0,-27500.0,-19500.0,-19840.0
2025-11-13,2025-11-18,3,Thursday,10:00,13:00,25961.0,25950,25800,0.62,-0.104,0.177,0.4,13.49,106.7,143.15,249.85,154.35,101.45,255.8,-5.95,-446.0,-646.0,-27500.0,-19500.0,-19840.0
2025-11-27,2025-12-02,3,Thursday,09:30,12:00,26447.6,26450,26000,1.692,0.042,0.242,0.301,11.09,59.15,203.55,262.7,41.9,226.75,268.65,-5.95,-446.0,-646.0,-27500.0,-19500.0,-19840.0
2025-07-14,2025-07-17,3,Monday,10:30,12:00,25169.6,25150,25500,1.313,-0.297,0.241,0.534,11.05,99.3,126.1,225.4,70.35,161.0,231.35,-5.95,-446.0,-646.0,-27500.0,-19500.0,-19840.0
2025-05-30,2025-06-05,4,Friday,10:00,12:00,24925.3,24950,24800,0.503,0.437,0.246,0.52,19.53,154.15,268.35,422.5,134.6,293.8,428.4,-5.9,-442.0,-642.0,-27340.0,-19340.0,-19681.0
2026-04-09,2026-04-13,2,Thursday,09:30,13:00,24000.1,24000,24000,0.0,-0.528,0.261,0.833,32.52,179.8,224.0,403.8,125.8,283.9,409.7,-5.9,-442.0,-642.0,-27340.0,-19340.0,-19681.0
2026-02-26,2026-03-02,2,Thursday,10:30,15:25,25675.0,25700,25500,0.682,0.215,0.006,0.347,15.68,61.05,214.75,275.8,48.65,233.0,281.65,-5.85,-439.0,-639.0,-27181.0,-19181.0,-19521.0
2025-12-17,2025-12-23,4,Wednesday,09:30,11:00,25970.0,25950,25900,0.27,-0.027,0.143,0.479,10.29,115.9,132.1,248.0,81.15,172.7,253.85,-5.85,-439.0,-639.0,-27181.0,-19181.0,-19521.0
2025-10-24,2025-10-28,2,Friday,10:00,11:00,25949.4,25950,26000,0.195,0.116,0.42,0.547,12.63,106.0,104.15,210.15,63.9,152.0,215.9,-5.75,-431.0,-631.0,-26862.0,-18862.0,-19202.0
2026-02-12,2026-02-17,3,Thursday,10:30,12:00,25920.8,25900,26000,0.306,-0.153,0.106,0.323,14.48,107.25,109.85,217.1,89.45,133.35,222.8,-5.7,-428.0,-628.0,-26702.0,-18702.0,-19043.0
2025-08-26,2025-08-28,2,Tuesday,10:00,15:25,24788.0,24800,25000,0.855,-0.357,0.41,0.703,9.45,66.7,81.4,148.1,42.0,111.8,153.8,-5.7,-427.0,-627.0,-26702.0,-18702.0,-19043.0
2026-04-06,2026-04-07,1,Monday,10:00,13:00,22659.0,22650,22700,0.181,-0.101,0.118,0.812,29.04,169.25,251.05,420.3,293.4,132.55,425.95,-5.65,-424.0,-624.0,-26543.0,-18543.0,-18883.0
2026-02-12,2026-02-17,3,Thursday,10:30,15:25,25920.8,25900,26000,0.306,-0.153,0.106,0.323,14.48,107.25,109.85,217.1,77.5,145.2,222.7,-5.6,-420.0,-620.0,-26383.0,-18383.0,-18723.0
2025-07-02,2025-07-03,1,Wednesday,10:30,11:00,25620.0,25600,25600,0.078,-0.957,0.133,0.349,11.97,46.35,118.75,165.1,36.35,134.3,170.65,-5.55,-416.0,-616.0,-26223.0,-18223.0,-18564.0
2025-08-22,2025-08-28,4,Friday,09:30,15:25,25000.0,25000,25000,0.0,-0.065,0.546,0.65,10.27,118.75,119.3,238.05,72.0,171.6,243.6,-5.55,-416.0,-616.0,-26223.0,-18223.0,-18564.0
2026-05-04,2026-05-05,1,Monday,10:30,11:00,24308.0,24300,24200,0.444,0.394,0.359,0.662,27.97,96.95,143.8,240.75,86.2,160.0,246.2,-5.45,-409.0,-609.0,-25904.0,-17904.0,-18245.0
2025-11-27,2025-12-02,3,Thursday,09:30,13:00,26447.6,26450,26000,1.692,0.042,0.242,0.301,11.09,59.15,203.55,262.7,40.05,228.1,268.15,-5.45,-409.0,-609.0,-25904.0,-17904.0,-18245.0
2026-01-21,2026-01-27,4,Wednesday,10:00,15:25,25202.5,25200,26000,3.164,-0.125,0.367,0.768,9.53,149.5,150.2,299.7,132.9,172.25,305.15,-5.45,-409.0,-609.0,-25904.0,-17904.0,-18245.0
2026-02-11,2026-02-17,4,Wednesday,09:30,15:25,26045.0,26050,26000,0.173,0.311,0.082,0.336,14.9,104.25,140.0,244.25,84.3,165.35,249.65,-5.4,-405.0,-605.0,-25745.0,-17745.0,-18085.0
2025-12-03,2025-12-09,4,Wednesday,09:30,11:00,26121.5,26100,26000,0.465,-0.015,0.572,0.653,10.01,94.15,184.9,279.05,74.2,210.2,284.4,-5.35,-401.0,-601.0,-25585.0,-17585.0,-17926.0
2025-11-20,2025-11-25,3,Thursday,09:30,15:25,26123.5,26100,26000,0.473,-0.472,0.011,0.287,11.36,144.6,116.45,261.05,199.85,66.55,266.4,-5.35,-401.0,-601.0,-25585.0,-17585.0,-17926.0
2025-06-17,2025-06-19,2,Tuesday,10:30,15:25,24903.6,24900,24900,0.014,-0.008,0.37,0.514,11.43,92.3,123.85,216.15,76.55,144.9,221.45,-5.3,-398.0,-598.0,-25426.0,-17426.0,-17766.0
2025-10-17,2025-10-20,1,Friday,10:30,12:00,25733.0,25750,25600,0.517,-0.104,0.41,0.578,10.7,68.05,117.8,185.85,110.65,80.5,191.15,-5.3,-398.0,-598.0,-25426.0,-17426.0,-17766.0
2025-07-01,2025-07-03,2,Tuesday,10:30,11:00,25657.0,25650,25500,0.612,0.082,0.089,0.372,11.48,67.2,150.5,217.7,57.5,165.45,222.95,-5.25,-394.0,-594.0,-25266.0,-17266.0,-17606.0
2025-04-21,2025-04-24,3,Monday,09:30,11:00,23914.5,23900,23500,1.733,0.113,0.73,0.818,,175.0,165.2,340.2,278.55,66.9,345.45,-5.25,-394.0,-594.0,-25266.0,-17266.0,-17606.0
2025-05-21,2025-05-22,1,Wednesday,10:00,11:00,24868.4,24850,25000,0.529,-0.108,0.827,1.07,20.41,116.3,139.85,256.15,170.1,91.3,261.4,-5.25,-394.0,-594.0,-25266.0,-17266.0,-17606.0
2025-08-06,2025-08-07,1,Wednesday,10:00,11:00,24707.4,24700,24700,0.03,-0.033,0.085,0.34,8.46,66.1,117.1,183.2,32.3,156.1,188.4,-5.2,-390.0,-590.0,-25106.0,-17106.0,-17447.0
2025-10-31,2025-11-04,2,Friday,10:30,12:00,25990.0,26000,26000,0.038,-0.097,0.058,0.574,13.39,58.4,181.7,240.1,51.65,193.6,245.25,-5.15,-386.0,-586.0,-24947.0,-16947.0,-17287.0
2025-06-16,2025-06-19,3,Monday,10:30,12:00,24896.5,24900,24800,0.388,0.078,0.512,0.614,11.07,119.85,163.05,282.9,149.25,138.65,287.9,-5.0,-375.0,-575.0,-24468.0,-16468.0,-16809.0
2026-05-04,2026-05-05,1,Monday,09:30,15:25,24316.5,24300,24200,0.479,0.394,0.359,0.662,27.97,106.9,137.25,244.15,57.0,192.15,249.15,-5.0,-375.0,-575.0,-24468.0,-16468.0,-16809.0
2025-10-17,2025-10-20,1,Friday,10:00,15:25,25668.0,25650,25600,0.265,-0.104,0.41,0.578,10.7,77.0,99.9,176.9,131.75,50.05,181.8,-4.9,-368.0,-568.0,-24149.0,-16149.0,-16489.0
2026-01-16,2026-01-20,2,Friday,10:00,15:25,25812.7,25800,25700,0.437,0.218,0.613,0.779,9.16,91.95,118.05,210.0,70.7,144.2,214.9,-4.9,-367.0,-567.0,-24149.0,-16149.0,-16489.0
2026-04-30,2026-05-05,3,Thursday,10:00,12:00,23910.0,23900,24000,0.376,-0.689,0.699,0.962,30.22,166.05,213.6,379.65,159.0,225.5,384.5,-4.85,-364.0,-564.0,-23989.0,-15989.0,-16330.0
2026-02-05,2026-02-10,3,Thursday,09:30,11:00,25774.0,25750,25800,0.101,-0.12,0.178,0.476,15.07,127.75,165.55,293.3,97.25,200.9,298.15,-4.85,-364.0,-564.0,-23989.0,-15989.0,-16330.0
2025-11-13,2025-11-18,3,Thursday,10:30,12:00,26001.5,26000,25800,0.775,-0.104,0.177,0.4,13.49,99.75,149.0,248.75,137.0,116.55,253.55,-4.8,-360.0,-560.0,-23830.0,-15830.0,-16170.0
2025-05-26,2025-05-29,3,Monday,10:00,15:25,25099.5,25100,25000,0.396,0.241,0.22,0.756,19.27,200.55,201.0,401.55,171.65,234.7,406.35,-4.8,-360.0,-560.0,-23830.0,-15830.0,-16170.0
2026-02-23,2026-02-24,1,Monday,10:00,11:00,25731.3,25750,25700,0.122,0.396,0.098,0.572,15.59,91.1,109.95,201.05,63.2,142.6,205.8,-4.75,-356.0,-556.0,-23670.0,-15670.0,-16011.0
2025-12-29,2025-12-30,1,Monday,10:30,11:00,26035.0,26050,26000,0.134,0.084,0.168,0.274,7.56,42.15,57.85,100.0,35.0,69.75,104.75,-4.75,-356.0,-556.0,-23670.0,-15670.0,-16011.0
2026-03-18,2026-03-24,4,Wednesday,10:00,11:00,23697.0,23700,23700,0.013,0.208,0.331,0.529,18.95,217.85,236.9,454.75,268.55,190.95,459.5,-4.75,-356.0,-556.0,-23670.0,-15670.0,-16011.0
2025-07-30,2025-07-31,1,Wednesday,10:30,13:00,24809.1,24800,24800,0.037,0.006,0.145,0.333,7.33,75.1,63.05,138.15,108.8,33.95,142.75,-4.6,-345.0,-545.0,-23191.0,-15191.0,-15532.0
2025-12-29,2025-12-30,1,Monday,09:30,12:00,26072.7,26050,26000,0.279,0.084,0.168,0.274,7.56,67.15,42.65,109.8,28.6,85.7,114.3,-4.5,-338.0,-538.0,-22872.0,-14872.0,-15213.0
2026-02-23,2026-02-24,1,Monday,09:30,13:00,25770.0,25750,25700,0.272,0.396,0.098,0.572,15.59,114.65,90.4,205.05,46.6,162.9,209.5,-4.45,-334.0,-534.0,-22713.0,-14713.0,-15053.0
2025-08-01,2025-08-07,4,Friday,10:00,12:00,24761.7,24750,24700,0.249,-0.275,0.141,0.423,7.29,128.75,174.3,303.05,114.25,193.25,307.5,-4.45,-334.0,-534.0,-22713.0,-14713.0,-15053.0
2026-02-23,2026-02-24,1,Monday,10:30,11:00,25708.5,25700,25700,0.033,0.396,0.098,0.572,15.59,102.15,92.75,194.9,84.5,114.85,199.35,-4.45,-334.0,-534.0,-22713.0,-14713.0,-15053.0
2025-09-05,2025-09-09,2,Friday,10:30,12:00,24810.1,24800,24800,0.041,0.078,0.187,0.831,10.12,66.0,134.65,200.65,45.6,159.5,205.1,-4.45,-334.0,-534.0,-22713.0,-14713.0,-15053.0
2026-03-09,2026-03-10,1,Monday,10:30,15:25,23864.4,23850,25000,4.759,-2.932,0.105,1.051,14.7,176.6,242.0,418.6,296.0,126.9,422.9,-4.3,-322.0,-522.0,-22234.0,-14234.0,-14574.0
2025-11-06,2025-11-11,3,Thursday,10:00,13:00,25760.0,25750,25700,0.233,0.16,0.368,0.641,13.94,85.2,157.1,242.3,64.05,182.55,246.6,-4.3,-323.0,-523.0,-22234.0,-14234.0,-14574.0
2026-01-14,2026-01-20,4,Wednesday,10:00,15:25,25793.7,25800,25700,0.363,-0.118,0.025,0.511,9.14,110.85,150.8,261.65,80.35,185.55,265.9,-4.25,-319.0,-519.0,-22074.0,-14074.0,-14415.0
2025-06-30,2025-07-03,3,Monday,09:30,12:00,25727.0,25750,25600,0.494,0.031,0.284,0.432,11.55,81.25,202.45,283.7,62.7,225.25,287.95,-4.25,-319.0,-519.0,-22074.0,-14074.0,-14415.0
2025-05-09,2025-05-15,4,Friday,10:00,11:00,24061.3,24050,24000,0.255,-0.595,0.204,0.96,14.16,217.95,278.1,496.05,208.45,291.85,500.3,-4.25,-319.0,-519.0,-22074.0,-14074.0,-14415.0
2026-02-19,2026-02-24,3,Thursday,10:30,11:00,25752.3,25750,25800,0.185,0.084,0.363,0.533,14.98,125.75,125.85,251.6,126.0,129.8,255.8,-4.2,-315.0,-515.0,-21915.0,-13915.0,-14255.0
2025-09-10,2025-09-16,4,Wednesday,09:30,11:00,25060.0,25050,25000,0.239,0.243,0.393,0.475,8.63,95.9,137.85,233.75,118.2,119.75,237.95,-4.2,-315.0,-515.0,-21915.0,-13915.0,-14255.0
2025-08-08,2025-08-14,4,Friday,09:30,13:00,24584.2,24600,24600,0.064,-0.186,0.523,0.726,8.53,105.65,166.1,271.75,84.0,191.9,275.9,-4.15,-311.0,-511.0,-21755.0,-13755.0,-14096.0
2025-08-05,2025-08-07,2,Tuesday,09:30,12:00,24731.1,24750,24700,0.126,-0.113,0.365,0.499,8.45,74.05,144.2,218.25,50.5,171.85,222.35,-4.1,-307.0,-507.0,-21596.0,-13596.0,-13936.0
2025-09-08,2025-09-09,1,Monday,09:30,11:00,24903.0,24900,24800,0.414,0.157,0.014,0.324,10.05,35.95,112.5,148.45,27.25,125.3,152.55,-4.1,-308.0,-508.0,-21596.0,-13596.0,-13936.0
2025-10-13,2025-10-14,1,Monday,10:30,12:00,25290.9,25300,25200,0.359,-0.295,0.205,0.414,9.77,38.05,116.2,154.25,30.8,127.4,158.2,-3.95,-296.0,-496.0,-21117.0,-13117.0,-13457.0
2025-08-08,2025-08-14,4,Friday,10:30,11:00,24535.4,24550,24600,0.263,-0.186,0.523,0.726,8.53,106.45,169.0,275.45,94.5,184.9,279.4,-3.95,-296.0,-496.0,-21117.0,-13117.0,-13457.0
2025-04-23,2025-04-24,1,Wednesday,10:00,12:00,24306.5,24300,24300,0.027,0.604,0.309,0.678,,83.4,73.65,157.05,44.35,116.65,161.0,-3.95,-296.0,-496.0,-21117.0,-13117.0,-13457.0
2025-05-21,2025-05-22,1,Wednesday,10:30,15:25,24967.9,24950,25000,0.129,-0.108,0.827,1.07,20.41,125.8,147.25,273.05,47.45,229.55,277.0,-3.95,-296.0,-496.0,-21117.0,-13117.0,-13457.0
2025-10-27,2025-10-28,1,Monday,10:00,11:00,26008.3,26000,25900,0.416,0.336,0.531,0.671,12.57,87.15,84.2,171.35,103.7,71.6,175.3,-3.95,-296.0,-496.0,-21117.0,-13117.0,-13457.0
2025-06-23,2025-06-26,3,Monday,10:00,11:00,24855.1,24850,25000,0.583,-0.484,0.337,0.786,11.39,149.55,145.3,294.85,185.0,113.7,298.7,-3.85,-289.0,-489.0,-20798.0,-12798.0,-13138.0
2025-04-29,2025-04-30,1,Tuesday,10:00,13:00,24485.0,24500,24400,0.347,0.126,0.221,0.62,18.12,34.3,163.4,197.7,18.95,182.55,201.5,-3.8,-285.0,-485.0,-20638.0,-12638.0,-12979.0
2025-12-17,2025-12-23,4,Wednesday,10:00,11:00,25936.0,25950,25900,0.139,-0.027,0.143,0.479,10.29,97.1,153.0,250.1,81.15,172.7,253.85,-3.75,-281.0,-481.0,-20479.0,-12479.0,-12819.0
2026-03-20,2026-03-24,2,Friday,09:30,13:00,23307.7,23300,23000,1.32,0.235,0.449,0.733,22.09,230.7,245.8,476.5,201.15,279.0,480.15,-3.65,-274.0,-474.0,-20160.0,-12160.0,-12500.0
2026-02-23,2026-02-24,1,Monday,09:30,12:00,25770.0,25750,25700,0.272,0.396,0.098,0.572,15.59,114.65,90.4,205.05,53.5,155.2,208.7,-3.65,-274.0,-474.0,-20160.0,-12160.0,-12500.0
2025-05-07,2025-05-08,1,Wednesday,10:30,11:00,24430.0,24450,24400,0.123,-0.291,0.307,0.935,14.19,30.3,142.05,172.35,24.9,151.0,175.9,-3.55,-266.0,-466.0,-19840.0,-11840.0,-12181.0
2026-03-04,2026-03-10,4,Wednesday,09:30,15:25,24482.0,24500,24400,0.335,-2.153,0.368,0.573,12.93,248.65,368.4,617.05,301.35,319.2,620.55,-3.5,-262.0,-462.0,-19681.0,-11681.0,-12021.0
2025-07-01,2025-07-03,2,Tuesday,10:30,12:00,25657.0,25650,25500,0.612,0.082,0.089,0.372,11.48,67.2,150.5,217.7,52.0,169.15,221.15,-3.45,-259.0,-459.0,-19521.0,-11521.0,-11862.0
2026-02-06,2026-02-10,2,Friday,09:30,11:00,25653.0,25650,25600,0.207,-0.299,0.222,0.456,15.11,89.15,154.7,243.85,62.65,184.65,247.3,-3.45,-259.0,-459.0,-19521.0,-11521.0,-11862.0
2026-02-27,2026-03-02,1,Friday,10:30,11:00,25457.0,25450,25500,0.169,-0.261,0.415,0.634,15.58,59.05,183.9,242.95,54.65,191.7,246.35,-3.4,-255.0,-455.0,-19362.0,-11362.0,-11702.0
2025-09-03,2025-09-09,4,Wednesday,10:30,11:00,24689.9,24700,24600,0.364,-0.009,0.081,0.322,10.09,78.1,166.3,244.4,72.35,175.45,247.8,-3.4,-255.0,-455.0,-19362.0,-11362.0,-11702.0
2025-10-17,2025-10-20,1,Friday,10:30,13:00,25733.0,25750,25600,0.517,-0.104,0.41,0.578,10.7,68.05,117.8,185.85,78.7,110.5,189.2,-3.35,-251.0,-451.0,-19202.0,-11202.0,-11543.0
2025-09-22,2025-09-23,1,Monday,10:00,12:00,25386.0,25400,25300,0.339,-0.302,0.138,0.4,7.76,32.55,92.05,124.6,23.6,104.2,127.8,-3.2,-240.0,-440.0,-18723.0,-10723.0,-11064.0
2025-10-17,2025-10-20,1,Friday,09:30,15:25,25661.9,25650,25600,0.241,-0.104,0.41,0.578,10.7,76.2,102.5,178.7,131.75,50.05,181.8,-3.1,-233.0,-433.0,-18404.0,-10404.0,-10745.0
2025-09-22,2025-09-23,1,Monday,10:30,13:00,25389.6,25400,25300,0.353,-0.302,0.138,0.4,7.76,32.3,89.0,121.3,23.35,101.05,124.4,-3.1,-233.0,-433.0,-18404.0,-10404.0,-10745.0
2025-08-19,2025-08-21,2,Tuesday,10:00,13:00,24965.9,24950,25000,0.137,-0.054,0.025,0.247,10.78,78.65,97.0,175.65,119.4,59.3,178.7,-3.05,-229.0,-429.0,-18245.0,-10245.0,-10585.0
2025-09-17,2025-09-23,4,Wednesday,10:30,15:25,25415.0,25400,25300,0.452,0.055,0.175,0.244,7.64,92.95,117.0,209.95,99.0,114.0,213.0,-3.05,-229.0,-429.0,-18245.0,-10245.0,-10585.0
2025-07-15,2025-07-17,2,Tuesday,10:00,12:00,25167.6,25150,25500,1.321,0.028,0.032,0.27,11.04,74.75,100.0,174.75,129.5,48.2,177.7,-2.95,-221.0,-421.0,-17926.0,-9926.0,-10266.0
2026-03-06,2026-03-10,2,Friday,09:30,11:00,24744.9,24750,24600,0.586,-0.572,0.221,0.424,14.72,164.05,262.1,426.15,139.95,289.1,429.05,-2.9,-217.0,-417.0,-17766.0,-9766.0,-10106.0
2026-03-19,2026-03-24,3,Thursday,09:30,13:00,23319.0,23300,23300,0.081,-2.393,0.294,0.816,19.76,225.9,231.25,457.15,206.85,253.2,460.05,-2.9,-217.0,-417.0,-17766.0,-9766.0,-10106.0
2025-05-30,2025-06-05,4,Friday,10:30,11:00,24868.3,24850,24800,0.275,0.437,0.246,0.52,19.53,186.8,249.05,435.85,192.25,246.4,438.65,-2.8,-210.0,-410.0,-17447.0,-9447.0,-9787.0
2025-05-14,2025-05-15,1,Wednesday,10:00,15:25,24782.9,24800,24700,0.335,0.095,0.551,0.768,21.36,69.9,163.1,233.0,39.1,196.7,235.8,-2.8,-210.0,-410.0,-17447.0,-9447.0,-9787.0
2026-04-06,2026-04-07,1,Monday,10:30,13:00,22697.9,22700,22700,0.009,-0.101,0.118,0.812,29.04,159.4,249.5,408.9,261.05,150.6,411.65,-2.75,-206.0,-406.0,-17287.0,-9287.0,-9628.0
2026-04-15,2026-04-21,4,Wednesday,10:30,11:00,24291.5,24300,24200,0.377,1.468,0.334,0.56,31.78,215.9,230.8,446.7,190.85,258.55,449.4,-2.7,-202.0,-402.0,-17128.0,-9128.0,-9468.0
2026-05-04,2026-05-05,1,Monday,10:00,12:00,24345.4,24350,24200,0.597,0.394,0.359,0.662,27.97,88.95,144.9,233.85,69.75,166.8,236.55,-2.7,-202.0,-402.0,-17128.0,-9128.0,-9468.0
2026-04-09,2026-04-13,2,Thursday,09:30,15:25,24000.1,24000,24000,0.0,-0.528,0.261,0.833,32.52,179.8,224.0,403.8,110.3,296.2,406.5,-2.7,-202.0,-402.0,-17128.0,-9128.0,-9468.0
2026-03-05,2026-03-10,3,Thursday,10:30,11:00,24657.3,24650,24600,0.232,0.33,0.017,0.499,13.97,189.0,274.65,463.65,242.0,224.3,466.3,-2.65,-199.0,-399.0,-16968.0,-8968.0,-9309.0
2025-10-15,2025-10-20,3,Wednesday,10:00,15:25,25318.9,25300,25200,0.47,0.3,0.469,0.534,9.69,102.65,122.65,225.3,160.0,67.95,227.95,-2.65,-199.0,-399.0,-16968.0,-8968.0,-9309.0
2025-04-22,2025-04-24,2,Tuesday,10:00,11:00,24161.7,24150,24000,0.669,0.077,0.128,0.561,,111.1,95.5,206.6,143.15,66.1,209.25,-2.65,-199.0,-399.0,-16968.0,-8968.0,-9309.0
2025-08-20,2025-08-21,1,Wednesday,10:30,12:00,25024.0,25000,25000,0.096,-0.244,0.217,0.285,10.82,65.95,72.4,138.35,91.15,49.85,141.0,-2.65,-199.0,-399.0,-16968.0,-8968.0,-9309.0
2026-02-06,2026-02-10,2,Friday,10:00,11:00,25631.2,25650,25600,0.122,-0.299,0.222,0.456,15.11,80.65,164.0,244.65,62.65,184.65,247.3,-2.65,-199.0,-399.0,-16968.0,-8968.0,-9309.0
2025-11-28,2025-12-02,2,Friday,10:00,12:00,26435.6,26450,26200,0.891,-0.198,0.308,0.428,10.56,33.1,201.7,234.8,25.8,211.55,237.35,-2.55,-191.0,-391.0,-16649.0,-8649.0,-8989.0
2025-12-17,2025-12-23,4,Wednesday,09:30,12:00,25970.0,25950,25900,0.27,-0.027,0.143,0.479,10.29,115.9,132.1,248.0,77.3,173.25,250.55,-2.55,-191.0,-391.0,-16649.0,-8649.0,-8989.0
2026-01-21,2026-01-27,4,Wednesday,10:30,15:25,25146.0,25150,26000,3.396,-0.125,0.367,0.768,9.53,148.55,156.45,305.0,159.1,148.45,307.55,-2.55,-191.0,-391.0,-16649.0,-8649.0,-8989.0
2025-06-23,2025-06-26,3,Monday,10:00,12:00,24855.1,24850,25000,0.583,-0.484,0.337,0.786,11.39,149.55,145.3,294.85,191.3,106.05,297.35,-2.5,-188.0,-388.0,-16489.0,-8489.0,-8830.0
2026-04-16,2026-04-21,3,Thursday,09:30,11:00,24377.0,24400,25000,2.556,-0.718,0.186,0.509,32.17,176.25,200.0,376.25,138.75,239.95,378.7,-2.45,-184.0,-384.0,-16330.0,-8330.0,-8670.0
2025-05-06,2025-05-08,2,Tuesday,10:30,13:00,24480.0,24500,24500,0.082,0.032,0.38,0.475,14.22,32.45,136.45,168.9,26.65,144.65,171.3,-2.4,-180.0,-380.0,-16170.0,-8170.0,-8511.0
2026-04-30,2026-05-05,3,Thursday,10:30,15:25,23896.8,23900,24000,0.432,-0.689,0.699,0.962,30.22,157.45,232.35,389.8,277.5,114.7,392.2,-2.4,-180.0,-380.0,-16170.0,-8170.0,-8511.0
2025-09-19,2025-09-23,2,Friday,10:30,13:00,25402.0,25400,25400,0.008,-0.141,0.311,0.51,7.74,58.1,100.4,158.5,51.85,108.95,160.8,-2.3,-173.0,-373.0,-15851.0,-7851.0,-8191.0
2025-09-29,2025-09-30,1,Monday,09:30,13:00,24756.9,24750,24700,0.23,0.223,0.264,0.498,7.39,74.4,65.35,139.75,34.75,107.25,142.0,-2.25,-169.0,-369.0,-15691.0,-7691.0,-8032.0
2026-02-18,2026-02-24,4,Wednesday,09:30,11:00,25736.0,25750,25700,0.14,0.062,0.264,0.427,15.04,128.35,140.35,268.7,120.75,150.15,270.9,-2.2,-165.0,-365.0,-15532.0,-7532.0,-7872.0
2026-01-05,2026-01-06,1,Monday,10:30,11:00,26485.2,26500,26300,0.699,0.082,0.049,0.451,9.27,13.4,154.55,167.95,11.9,158.2,170.1,-2.15,-161.0,-361.0,-15372.0,-7372.0,-7713.0
2025-05-27,2025-05-29,2,Tuesday,10:30,13:00,24775.5,24800,25000,0.906,-0.49,0.892,1.076,18.95,198.25,221.25,419.5,248.4,173.25,421.65,-2.15,-161.0,-361.0,-15372.0,-7372.0,-7713.0
2026-03-16,2026-03-17,1,Monday,10:00,12:00,23250.7,23250,23200,0.218,0.029,0.612,1.171,18.55,150.75,204.4,355.15,131.85,225.4,357.25,-2.1,-158.0,-358.0,-15213.0,-7213.0,-7553.0
2025-09-01,2025-09-02,1,Monday,10:30,12:00,24665.0,24650,24500,0.669,0.015,0.346,0.451,10.69,25.0,120.6,145.6,20.95,126.7,147.65,-2.05,-154.0,-354.0,-15053.0,-7053.0,-7394.0
2025-07-14,2025-07-17,3,Monday,10:30,13:00,25169.6,25150,25500,1.313,-0.297,0.241,0.534,11.05,99.3,126.1,225.4,69.95,157.5,227.45,-2.05,-154.0,-354.0,-15053.0,-7053.0,-7394.0
2026-05-04,2026-05-05,1,Monday,09:30,11:00,24316.5,24300,24200,0.479,0.394,0.359,0.662,27.97,106.9,137.25,244.15,86.2,160.0,246.2,-2.05,-154.0,-354.0,-15053.0,-7053.0,-7394.0
2025-07-07,2025-07-10,3,Monday,10:30,11:00,25524.1,25500,25500,0.094,-0.09,0.031,0.388,12.46,95.6,145.7,241.3,114.1,129.2,243.3,-2.0,-150.0,-350.0,-14894.0,-6894.0,-7234.0
2026-02-20,2026-02-24,2,Friday,10:30,11:00,25585.1,25600,25500,0.333,0.02,0.583,0.766,16.08,126.55,142.2,268.75,136.2,134.45,270.65,-1.9,-142.0,-342.0,-14574.0,-6574.0,-6915.0
2026-02-25,2026-03-02,3,Wednesday,10:30,11:00,25802.3,25800,25500,1.172,0.911,0.564,0.635,15.45,84.15,205.45,289.6,71.55,219.95,291.5,-1.9,-142.0,-342.0,-14574.0,-6574.0,-6915.0
2026-02-23,2026-02-24,1,Monday,10:30,12:00,25708.5,25700,25700,0.033,0.396,0.098,0.572,15.59,102.15,92.75,194.9,72.7,124.1,196.8,-1.9,-143.0,-343.0,-14574.0,-6574.0,-6915.0
2025-09-05,2025-09-09,2,Friday,10:30,11:00,24810.1,24800,24800,0.041,0.078,0.187,0.831,10.12,66.0,134.65,200.65,52.2,150.3,202.5,-1.85,-139.0,-339.0,-14415.0,-6415.0,-6755.0
2025-05-07,2025-05-08,1,Wednesday,09:30,12:00,24503.7,24500,24400,0.423,-0.291,0.307,0.935,14.19,52.85,141.4,194.25,20.2,175.9,196.1,-1.85,-139.0,-339.0,-14415.0,-6415.0,-6755.0
2025-09-22,2025-09-23,1,Monday,10:30,11:00,25389.6,25400,25300,0.353,-0.302,0.138,0.4,7.76,32.3,89.0,121.3,29.8,93.3,123.1,-1.8,-135.0,-335.0,-14255.0,-6255.0,-6596.0
2025-05-20,2025-05-22,2,Tuesday,09:30,12:00,24988.3,25000,25000,0.047,0.301,0.353,0.539,20.13,103.05,170.25,273.3,79.8,195.25,275.05,-1.75,-131.0,-331.0,-14096.0,-6096.0,-6436.0
2025-08-22,2025-08-28,4,Friday,10:30,11:00,24953.6,24950,25000,0.186,-0.065,0.546,0.65,10.27,117.1,115.5,232.6,109.25,125.1,234.35,-1.75,-131.0,-331.0,-14096.0,-6096.0,-6436.0
2025-12-18,2025-12-23,3,Thursday,09:30,11:00,25860.0,25850,25800,0.232,-0.135,0.144,0.479,10.29,95.0,121.25,216.25,127.55,90.45,218.0,-1.75,-131.0,-331.0,-14096.0,-6096.0,-6436.0
2026-01-30,2026-02-03,2,Friday,09:30,12:00,25330.4,25350,25300,0.12,-0.495,0.144,0.405,10.85,152.0,255.55,407.55,163.7,245.6,409.3,-1.75,-131.0,-331.0,-14096.0,-6096.0,-6436.0
2025-06-16,2025-06-19,3,Monday,10:30,13:00,24896.5,24900,24800,0.388,0.078,0.512,0.614,11.07,119.85,163.05,282.9,160.8,123.85,284.65,-1.75,-131.0,-331.0,-14096.0,-6096.0,-6436.0
2026-02-11,2026-02-17,4,Wednesday,09:30,13:00,26045.0,26050,26000,0.173,0.311,0.082,0.336,14.9,104.25,140.0,244.25,74.95,171.05,246.0,-1.75,-131.0,-331.0,-14096.0,-6096.0,-6436.0
2026-02-26,2026-03-02,2,Thursday,10:00,11:00,25665.6,25650,25500,0.645,0.215,0.006,0.347,15.68,78.4,188.05,266.45,70.7,197.45,268.15,-1.7,-127.0,-327.0,-13936.0,-5936.0,-6277.0
2025-11-20,2025-11-25,3,Thursday,10:00,15:25,26099.0,26100,26000,0.379,-0.472,0.011,0.287,11.36,133.2,131.6,264.8,199.85,66.55,266.4,-1.6,-120.0,-320.0,-13617.0,-5617.0,-5957.0
2025-07-04,2025-07-10,4,Friday,10:30,13:00,25497.0,25500,25500,0.012,0.0,0.008,0.298,12.47,111.2,185.85,297.05,83.2,215.45,298.65,-1.6,-120.0,-320.0,-13617.0,-5617.0,-5957.0
2025-08-12,2025-08-14,2,Tuesday,09:30,12:00,24670.1,24650,24600,0.284,-0.036,0.326,0.687,9.57,80.35,107.5,187.85,62.0,127.35,189.35,-1.5,-112.0,-312.0,-13298.0,-5298.0,-5638.0
2025-10-27,2025-10-28,1,Monday,10:00,12:00,26008.3,26000,25900,0.416,0.336,0.531,0.671,12.57,87.15,84.2,171.35,114.8,58.0,172.8,-1.45,-109.0,-309.0,-13138.0,-5138.0,-5479.0
2025-07-07,2025-07-10,3,Monday,09:30,11:00,25522.1,25500,25500,0.087,-0.09,0.031,0.388,12.46,96.7,145.25,241.95,114.1,129.2,243.3,-1.35,-101.0,-301.0,-12819.0,-4819.0,-5160.0
2025-06-11,2025-06-12,1,Wednesday,10:30,13:00,25205.5,25200,25100,0.419,0.119,0.084,0.325,11.68,38.1,115.0,153.1,82.65,71.8,154.45,-1.35,-101.0,-301.0,-12819.0,-4819.0,-5160.0
2025-12-11,2025-12-16,3,Thursday,10:30,11:00,25937.6,25950,26000,0.241,0.205,0.077,0.559,10.89,77.7,166.2,243.9,65.7,179.55,245.25,-1.35,-101.0,-301.0,-12819.0,-4819.0,-5160.0
2025-05-19,2025-05-22,3,Monday,10:00,11:00,25046.0,25050,25000,0.184,-0.533,0.099,0.398,19.98,138.05,192.1,330.15,163.1,168.35,331.45,-1.3,-98.0,-298.0,-12660.0,-4660.0,-5000.0
2025-05-07,2025-05-08,1,Wednesday,10:00,11:00,24454.1,24450,24400,0.221,-0.291,0.307,0.935,14.19,41.0,133.6,174.6,24.9,151.0,175.9,-1.3,-98.0,-298.0,-12660.0,-4660.0,-5000.0
2025-12-29,2025-12-30,1,Monday,10:00,11:00,26039.7,26050,26000,0.152,0.084,0.168,0.274,7.56,46.1,57.35,103.45,35.0,69.75,104.75,-1.3,-97.0,-297.0,-12660.0,-4660.0,-5000.0
2025-06-30,2025-07-03,3,Monday,09:30,11:00,25727.0,25750,25600,0.494,0.031,0.284,0.432,11.55,81.25,202.45,283.7,65.0,220.0,285.0,-1.3,-98.0,-298.0,-12660.0,-4660.0,-5000.0
2025-09-15,2025-09-16,1,Monday,10:30,11:00,25172.9,25150,25100,0.29,-0.038,0.141,0.206,8.36,37.15,83.25,120.4,31.2,90.4,121.6,-1.2,-90.0,-290.0,-12340.0,-4340.0,-4681.0
2025-07-07,2025-07-10,3,Monday,10:00,12:00,25553.1,25550,25500,0.208,-0.09,0.031,0.388,12.46,88.35,159.3,247.65,77.1,171.75,248.85,-1.2,-90.0,-290.0,-12340.0,-4340.0,-4681.0
2025-06-24,2025-06-26,2,Tuesday,10:30,11:00,25258.9,25250,25000,1.025,0.321,0.295,0.591,10.66,124.65,114.5,239.15,121.75,118.6,240.35,-1.2,-90.0,-290.0,-12340.0,-4340.0,-4681.0
2025-07-22,2025-07-24,2,Tuesday,10:30,12:00,25126.3,25150,25100,0.105,0.041,0.089,0.338,10.53,61.5,99.6,161.1,54.6,107.65,162.25,-1.15,-86.0,-286.0,-12181.0,-4181.0,-4521.0
2025-05-19,2025-05-22,3,Monday,10:30,11:00,25078.0,25100,25000,0.311,-0.533,0.099,0.398,19.98,132.5,202.0,334.5,139.95,195.65,335.6,-1.1,-83.0,-283.0,-12021.0,-4021.0,-4362.0
2025-08-20,2025-08-21,1,Wednesday,09:30,11:00,24971.8,24950,25000,0.113,-0.244,0.217,0.285,10.82,63.85,73.0,136.85,88.9,49.05,137.95,-1.1,-82.0,-282.0,-12021.0,-4021.0,-4362.0
2025-05-26,2025-05-29,3,Monday,09:30,15:25,25086.5,25100,25000,0.345,0.241,0.22,0.756,19.27,197.9,207.35,405.25,171.65,234.7,406.35,-1.1,-83.0,-283.0,-12021.0,-4021.0,-4362.0
2025-07-07,2025-07-10,3,Monday,10:00,13:00,25553.1,25550,25500,0.208,-0.09,0.031,0.388,12.46,88.35,159.3,247.65,68.95,179.75,248.7,-1.05,-79.0,-279.0,-11862.0,-3862.0,-4202.0
2025-05-20,2025-05-22,2,Tuesday,09:30,11:00,24988.3,25000,25000,0.047,0.301,0.353,0.539,20.13,103.05,170.25,273.3,114.4,159.9,274.3,-1.0,-75.0,-275.0,-11702.0,-3702.0,-4043.0
2026-04-16,2026-04-21,3,Thursday,10:00,12:00,24277.7,24300,25000,2.975,-0.718,0.186,0.509,32.17,178.65,216.05,394.7,140.45,255.25,395.7,-1.0,-75.0,-275.0,-11702.0,-3702.0,-4043.0
2025-11-19,2025-11-25,4,Wednesday,10:30,11:00,25990.0,26000,26000,0.038,0.024,0.154,0.438,11.59,137.95,145.4,283.35,128.2,156.1,284.3,-0.95,-71.0,-271.0,-11543.0,-3543.0,-3883.0
2025-11-17,2025-11-18,1,Monday,10:00,11:00,26037.0,26050,26000,0.142,0.132,0.0,0.305,12.83,53.85,110.7,164.55,43.2,122.3,165.5,-0.95,-71.0,-271.0,-11543.0,-3543.0,-3883.0
2026-01-07,2026-01-13,4,Wednesday,10:30,13:00,26244.0,26250,26200,0.168,-0.179,0.039,0.366,8.47,65.35,151.35,216.7,50.0,167.65,217.65,-0.95,-71.0,-271.0,-11543.0,-3543.0,-3883.0
2026-03-19,2026-03-24,3,Thursday,10:30,12:00,23275.0,23300,23300,0.107,-2.393,0.294,0.816,19.76,213.4,258.55,471.95,194.55,278.25,472.8,-0.85,-64.0,-264.0,-11223.0,-3223.0,-3564.0
2025-11-24,2025-11-25,1,Monday,10:30,12:00,26141.6,26150,26100,0.159,0.142,0.136,0.264,11.4,73.5,77.6,151.1,52.3,99.65,151.95,-0.85,-64.0,-264.0,-11223.0,-3223.0,-3564.0
2026-03-23,2026-03-24,1,Monday,10:00,13:00,22591.4,22600,22700,0.481,-1.404,1.163,1.262,21.75,222.2,241.15,463.35,181.15,283.0,464.15,-0.8,-60.0,-260.0,-11064.0,-3064.0,-3404.0
2025-06-11,2025-06-12,1,Wednesday,10:00,13:00,25215.0,25200,25100,0.456,0.119,0.084,0.325,11.68,46.55,107.15,153.7,82.65,71.8,154.45,-0.75,-56.0,-256.0,-10904.0,-2904.0,-3245.0
2026-02-23,2026-02-24,1,Monday,09:30,11:00,25770.0,25750,25700,0.272,0.396,0.098,0.572,15.59,114.65,90.4,205.05,63.2,142.6,205.8,-0.75,-56.0,-256.0,-10904.0,-2904.0,-3245.0
2025-08-22,2025-08-28,4,Friday,09:30,11:00,25000.0,25000,25000,0.0,-0.065,0.546,0.65,10.27,118.75,119.3,238.05,86.9,151.85,238.75,-0.7,-52.0,-252.0,-10745.0,-2745.0,-3085.0
2025-06-23,2025-06-26,3,Monday,10:30,11:00,24894.1,24900,25000,0.425,-0.484,0.337,0.786,11.39,141.75,146.6,288.35,155.1,133.95,289.05,-0.7,-52.0,-252.0,-10745.0,-2745.0,-3085.0
2026-01-07,2026-01-13,4,Wednesday,10:00,13:00,26250.0,26250,26200,0.19,-0.179,0.039,0.366,8.47,67.0,150.0,217.0,50.0,167.65,217.65,-0.65,-49.0,-249.0,-10585.0,-2585.0,-2926.0
2025-07-29,2025-07-31,2,Tuesday,10:30,11:00,24655.5,24650,25000,1.397,-0.284,0.102,0.507,8.19,102.65,94.3,196.95,107.65,89.95,197.6,-0.65,-49.0,-249.0,-10585.0,-2585.0,-2926.0
2025-08-20,2025-08-21,1,Wednesday,10:00,12:00,25004.5,25000,25000,0.018,-0.244,0.217,0.285,10.82,58.1,82.3,140.4,91.15,49.85,141.0,-0.6,-45.0,-245.0,-10426.0,-2426.0,-2766.0
2025-05-26,2025-05-29,3,Monday,10:30,13:00,24983.1,25000,25000,0.068,0.241,0.22,0.756,19.27,207.5,223.5,431.0,213.55,218.05,431.6,-0.6,-45.0,-245.0,-10426.0,-2426.0,-2766.0
2026-02-12,2026-02-17,3,Thursday,10:30,11:00,25920.8,25900,26000,0.306,-0.153,0.106,0.323,14.48,107.25,109.85,217.1,98.2,119.5,217.7,-0.6,-45.0,-245.0,-10426.0,-2426.0,-2766.0
2026-03-20,2026-03-24,2,Friday,09:30,11:00,23307.7,23300,23000,1.32,0.235,0.449,0.733,22.09,230.7,245.8,476.5,240.9,236.15,477.05,-0.55,-41.0,-241.0,-10266.0,-2266.0,-2606.0
2026-01-16,2026-01-20,2,Friday,09:30,11:00,25782.0,25800,25700,0.318,0.218,0.613,0.779,9.16,82.0,142.5,224.5,146.8,78.25,225.05,-0.55,-41.0,-241.0,-10266.0,-2266.0,-2606.0
2025-07-07,2025-07-10,3,Monday,10:00,11:00,25553.1,25550,25500,0.208,-0.09,0.031,0.388,12.46,88.35,159.3,247.65,91.65,156.5,248.15,-0.5,-38.0,-238.0,-10106.0,-2106.0,-2447.0
2025-11-03,2025-11-04,1,Monday,10:30,12:00,25884.9,25900,26000,0.445,-0.066,0.012,0.456,13.64,36.25,172.4,208.65,29.0,180.15,209.15,-0.5,-38.0,-238.0,-10106.0,-2106.0,-2447.0
2025-10-30,2025-11-04,3,Thursday,10:30,11:00,26072.7,26050,26000,0.279,-0.234,0.456,0.68,13.5,95.5,179.65,275.15,86.6,189.05,275.65,-0.5,-38.0,-238.0,-10106.0,-2106.0,-2447.0
2025-12-19,2025-12-23,2,Friday,09:30,12:00,26028.4,26050,25900,0.493,0.32,0.212,0.321,10.07,61.5,131.05,192.55,37.3,155.7,193.0,-0.45,-34.0,-234.0,-9947.0,-1947.0,-2287.0
2025-12-17,2025-12-23,4,Wednesday,10:00,12:00,25936.0,25950,25900,0.139,-0.027,0.143,0.479,10.29,97.1,153.0,250.1,77.3,173.25,250.55,-0.45,-34.0,-234.0,-9947.0,-1947.0,-2287.0
2025-06-23,2025-06-26,3,Monday,09:30,11:00,24914.6,24900,25000,0.343,-0.484,0.337,0.786,11.39,149.7,139.05,288.75,155.1,133.95,289.05,-0.3,-22.0,-222.0,-9468.0,-1468.0,-1809.0
2026-01-16,2026-01-20,2,Friday,10:00,12:00,25812.7,25800,25700,0.437,0.218,0.613,0.779,9.16,91.95,118.05,210.0,108.9,101.4,210.3,-0.3,-23.0,-223.0,-9468.0,-1468.0,-1809.0
2025-11-13,2025-11-18,3,Thursday,09:30,13:00,25962.0,25950,25800,0.624,-0.104,0.177,0.4,13.49,111.6,143.9,255.5,154.35,101.45,255.8,-0.3,-23.0,-223.0,-9468.0,-1468.0,-1809.0
2026-01-30,2026-02-03,2,Friday,10:00,13:00,25387.7,25400,25300,0.345,-0.495,0.144,0.405,10.85,152.95,251.8,404.75,158.1,246.9,405.0,-0.25,-19.0,-219.0,-9309.0,-1309.0,-1649.0
2026-02-12,2026-02-17,3,Thursday,10:00,12:00,25924.9,25900,26000,0.29,-0.153,0.106,0.323,14.48,107.3,115.3,222.6,89.45,133.35,222.8,-0.2,-15.0,-215.0,-9149.0,-1149.0,-1489.0
2026-04-16,2026-04-21,3,Thursday,10:30,15:25,24310.0,24300,25000,2.838,-0.718,0.186,0.509,32.17,190.3,192.9,383.2,134.0,249.35,383.35,-0.15,-11.0,-211.0,-8989.0,-989.0,-1330.0
2025-09-03,2025-09-09,4,Wednesday,10:00,11:00,24702.1,24700,24600,0.413,-0.009,0.081,0.322,10.09,82.7,164.95,247.65,72.35,175.45,247.8,-0.15,-11.0,-211.0,-8989.0,-989.0,-1330.0
2026-02-12,2026-02-17,3,Thursday,10:00,15:25,25924.9,25900,26000,0.29,-0.153,0.106,0.323,14.48,107.3,115.3,222.6,77.5,145.2,222.7,-0.1,-7.0,-207.0,-8830.0,-830.0,-1170.0
2026-01-01,2026-01-06,3,Thursday,09:30,12:00,26319.7,26300,26000,1.215,0.103,0.125,0.298,9.14,44.55,144.7,189.25,32.15,157.2,189.35,-0.1,-7.0,-207.0,-8830.0,-830.0,-1170.0
2025-11-27,2025-12-02,3,Thursday,09:30,15:25,26447.6,26450,26000,1.692,0.042,0.242,0.301,11.09,59.15,203.55,262.7,31.3,231.5,262.8,-0.1,-8.0,-208.0,-8830.0,-830.0,-1170.0
2026-02-11,2026-02-17,4,Wednesday,09:30,11:00,26045.0,26050,26000,0.173,0.311,0.082,0.336,14.9,104.25,140.0,244.25,93.7,150.65,244.35,-0.1,-8.0,-208.0,-8830.0,-830.0,-1170.0
2025-09-26,2025-09-30,2,Friday,10:30,12:00,24844.0,24850,25000,0.628,-0.129,0.32,0.437,6.7,83.3,90.25,173.55,72.75,100.9,173.65,-0.1,-7.0,-207.0,-8830.0,-830.0,-1170.0
2025-12-03,2025-12-09,4,Wednesday,09:30,12:00,26121.5,26100,26000,0.465,-0.015,0.572,0.653,10.01,94.15,184.9,279.05,75.0,204.1,279.1,-0.05,-4.0,-204.0,-8670.0,-670.0,-1011.0
2025-07-28,2025-07-31,3,Monday,10:30,11:00,24925.0,24900,25000,0.301,-0.557,0.467,0.701,9.17,127.25,101.2,228.45,90.45,138.05,228.5,-0.05,-4.0,-204.0,-8670.0,-670.0,-1011.0
2025-09-29,2025-09-30,1,Monday,09:30,11:00,24756.9,24750,24700,0.23,0.223,0.264,0.498,7.39,74.4,65.35,139.75,94.4,45.35,139.75,0.0,0.0,-200.0,-8511.0,-511.0,-851.0
2026-02-23,2026-02-24,1,Monday,10:30,13:00,25708.5,25700,25700,0.033,0.396,0.098,0.572,15.59,102.15,92.75,194.9,64.35,130.55,194.9,0.0,0.0,-200.0,-8511.0,-511.0,-851.0
2025-08-01,2025-08-07,4,Friday,09:30,13:00,24753.0,24750,24700,0.214,-0.275,0.141,0.423,7.29,125.85,184.15,310.0,104.8,205.2,310.0,0.0,0.0,-200.0,-8511.0,-511.0,-851.0
2025-09-26,2025-09-30,2,Friday,10:30,11:00,24844.0,24850,25000,0.628,-0.129,0.32,0.437,6.7,83.3,90.25,173.55,77.15,96.35,173.5,0.05,4.0,-196.0,-8351.0,-351.0,-691.0
2026-04-15,2026-04-21,4,Wednesday,10:30,13:00,24291.5,24300,24200,0.377,1.468,0.334,0.56,31.78,215.9,230.8,446.7,179.4,267.25,446.65,0.05,4.0,-196.0,-8351.0,-351.0,-691.0
2025-06-17,2025-06-19,2,Tuesday,10:30,13:00,24903.6,24900,24900,0.014,-0.008,0.37,0.514,11.43,92.3,123.85,216.15,66.45,149.65,216.1,0.05,4.0,-196.0,-8351.0,-351.0,-691.0
2025-06-16,2025-06-19,3,Monday,10:30,15:25,24896.5,24900,24800,0.388,0.078,0.512,0.614,11.07,119.85,163.05,282.9,167.3,115.5,282.8,0.1,7.0,-193.0,-8191.0,-191.0,-532.0
2025-08-08,2025-08-14,4,Friday,10:00,12:00,24543.0,24550,24600,0.232,-0.186,0.523,0.726,8.53,108.3,164.0,272.3,97.7,174.45,272.15,0.15,11.0,-189.0,-8032.0,-32.0,-372.0
2025-07-16,2025-07-17,1,Wednesday,10:30,11:00,25193.0,25200,25200,0.028,-0.21,0.151,0.301,11.07,44.75,84.55,129.3,39.5,89.6,129.1,0.2,15.0,-185.0,-7872.0,128.0,-213.0
2025-09-22,2025-09-23,1,Monday,10:00,13:00,25386.0,25400,25300,0.339,-0.302,0.138,0.4,7.76,32.55,92.05,124.6,23.35,101.05,124.4,0.2,15.0,-185.0,-7872.0,128.0,-213.0
2025-05-30,2025-06-05,4,Friday,09:30,15:25,24958.0,24950,24800,0.633,0.437,0.246,0.52,19.53,175.2,256.65,431.85,136.8,294.85,431.65,0.2,15.0,-185.0,-7872.0,128.0,-213.0
2025-09-04,2025-09-09,3,Thursday,10:30,13:00,24946.5,24950,25000,0.214,0.428,0.062,0.491,10.22,68.9,147.05,215.95,64.3,151.4,215.7,0.25,19.0,-181.0,-7713.0,287.0,-53.0
2026-03-04,2026-03-10,4,Wednesday,10:00,15:25,24438.2,24450,24400,0.156,-2.153,0.368,0.573,12.93,262.15,368.3,630.45,330.7,299.5,630.2,0.25,19.0,-181.0,-7713.0,287.0,-53.0
2025-07-22,2025-07-24,2,Tuesday,10:30,11:00,25126.3,25150,25100,0.105,0.041,0.089,0.338,10.53,61.5,99.6,161.1,55.1,105.75,160.85,0.25,19.0,-181.0,-7713.0,287.0,-53.0
2025-11-13,2025-11-18,3,Thursday,10:30,13:00,26001.5,26000,25800,0.775,-0.104,0.177,0.4,13.49,99.75,149.0,248.75,125.8,122.7,248.5,0.25,19.0,-181.0,-7713.0,287.0,-53.0
2025-05-19,2025-05-22,3,Monday,10:30,12:00,25078.0,25100,25000,0.311,-0.533,0.099,0.398,19.98,132.5,202.0,334.5,120.8,213.4,334.2,0.3,23.0,-177.0,-7553.0,447.0,106.0
2026-03-19,2026-03-24,3,Thursday,10:30,11:00,23275.0,23300,23300,0.107,-2.393,0.294,0.816,19.76,213.4,258.55,471.95,206.85,264.8,471.65,0.3,23.0,-177.0,-7553.0,447.0,106.0
2025-11-13,2025-11-18,3,Thursday,10:00,11:00,25961.0,25950,25800,0.62,-0.104,0.177,0.4,13.49,106.7,143.15,249.85,146.7,102.85,249.55,0.3,23.0,-177.0,-7553.0,447.0,106.0
2025-06-04,2025-06-05,1,Wednesday,10:30,11:00,24699.0,24700,24600,0.401,0.227,0.078,0.378,19.39,50.6,164.45,215.05,55.0,159.75,214.75,0.3,22.0,-178.0,-7553.0,447.0,106.0
2025-06-13,2025-06-19,4,Friday,10:00,11:00,24679.9,24700,25000,1.297,-1.289,0.504,0.568,11.28,156.05,221.1,377.15,169.85,206.95,376.8,0.35,26.0,-174.0,-7394.0,606.0,266.0
2026-04-10,2026-04-13,1,Friday,10:30,11:00,24060.1,24050,24000,0.25,0.278,0.539,0.693,32.29,137.4,165.75,303.15,128.9,173.85,302.75,0.4,30.0,-170.0,-7234.0,766.0,426.0
2025-04-25,2025-04-30,3,Friday,10:00,11:00,24156.4,24150,24300,0.594,0.891,1.669,1.858,,152.95,246.65,399.6,108.75,290.4,399.15,0.45,34.0,-166.0,-7074.0,926.0,585.0
2025-11-19,2025-11-25,4,Wednesday,10:00,11:00,25948.6,25950,26000,0.198,0.024,0.154,0.438,11.59,144.05,142.15,286.2,153.95,131.75,285.7,0.5,38.0,-162.0,-6915.0,1085.0,745.0
2025-08-22,2025-08-28,4,Friday,10:30,15:25,24953.6,24950,25000,0.186,-0.065,0.546,0.65,10.27,117.1,115.5,232.6,91.4,140.7,232.1,0.5,38.0,-162.0,-6915.0,1085.0,745.0
2025-05-02,2025-05-08,4,Friday,10:30,11:00,24615.9,24600,24400,0.877,0.08,0.968,1.305,15.87,156.7,215.7,372.4,113.45,258.4,371.85,0.55,41.0,-159.0,-6755.0,1245.0,904.0
2025-05-09,2025-05-15,4,Friday,10:30,11:00,24110.4,24100,24000,0.458,-0.595,0.204,0.96,14.16,224.4,275.2,499.6,183.3,315.7,499.0,0.6,45.0,-155.0,-6596.0,1404.0,1064.0
2026-02-25,2026-03-02,3,Wednesday,10:00,12:00,25770.0,25750,25500,1.048,0.911,0.564,0.635,15.45,90.9,192.7,283.6,81.45,201.55,283.0,0.6,45.0,-155.0,-6596.0,1404.0,1064.0
2025-07-15,2025-07-17,2,Tuesday,10:00,11:00,25167.6,25150,25500,1.321,0.028,0.032,0.27,11.04,74.75,100.0,174.75,114.15,59.9,174.05,0.7,52.0,-148.0,-6277.0,1723.0,1383.0
2026-04-17,2026-04-21,2,Friday,09:30,15:25,24207.0,24200,24200,0.029,-0.059,0.479,0.89,32.67,176.7,175.55,352.25,255.0,96.45,351.45,0.8,60.0,-140.0,-5957.0,2043.0,1702.0
2025-09-12,2025-09-16,2,Friday,10:30,11:00,25169.0,25150,25000,0.671,0.065,0.17,0.186,8.36,56.3,103.6,159.9,59.65,99.35,159.0,0.9,67.0,-133.0,-5638.0,2362.0,2021.0
2025-05-20,2025-05-22,2,Tuesday,10:30,11:00,24958.4,24950,25000,0.167,0.301,0.353,0.539,20.13,113.7,158.5,272.2,137.45,133.85,271.3,0.9,68.0,-132.0,-5638.0,2362.0,2021.0
2025-10-16,2025-10-20,2,Thursday,10:00,11:00,25517.1,25500,25400,0.459,0.106,0.279,0.304,10.33,80.9,102.6,183.5,95.2,87.3,182.5,1.0,75.0,-125.0,-5319.0,2681.0,2340.0
2025-05-21,2025-05-22,1,Wednesday,09:30,13:00,24782.1,24800,25000,0.879,-0.108,0.827,1.07,20.41,88.5,152.4,240.9,110.7,129.2,239.9,1.0,75.0,-125.0,-5319.0,2681.0,2340.0
2026-04-29,2026-05-05,4,Wednesday,09:30,15:25,24201.0,24200,24100,0.417,0.558,1.044,1.16,30.09,159.0,218.2,377.2,177.4,198.75,376.15,1.05,79.0,-121.0,-5160.0,2840.0,2500.0
